#2R0JLJJ9PP,FUT|Guesti,189,1,15,15,15,0,10,4,15,15,15,15,15,0,0,0,10,15,15,15
#9PCV9L982,FUT|Angelboy,89,2,0,0,0,1,1,15,1,15,0,0,15,0,1,1,7,15,10,7
#2208QGGGL,Dompe🐙,85,4,1,0,0,0,15,15,4,10,10,4,10,0,0,1,7,7,1,0
#QUYCVC2,KDS|sans,85,7,1,0,1,15,10,10,7,1,0,1,4,10,7,1,1,0,15,1
#J089RQ,Code: Drage,81,8,1,15,15,4,1,0,0,1,4,15,1,4,0,0,0,15,4,1
#Q2VCLG9Y9,YT: BelalBS,77,3,10,0,10,1,1,1,15,0,1,1,4,1,0,15,7,0,10,0
#9JCG0VY8U,TTM|Joker,72,1,7,0,0,0,15,0,0,0,4,0,1,4,0,7,15,15,4,0
#2CJJJGUJ20,ta0131,72,3,0,0,0,0,0,0,0,0,0,15,0,10,1,15,15,1,15,0
#2JQU8JQ2G,V777 SRT,69,2,0,0,10,0,0,4,15,15,0,15,10,0,0,0,0,0,0,0
#22CL00PG0,NAVI|Nowy297,69,2,0,0,0,0,15,10,7,0,15,15,0,0,0,7,0,0,0,0
#P29UCL2RP,Sansis,66,1,0,0,0,0,0,0,0,1,15,1,0,15,15,0,1,7,1,10
#92YRRLGQ2,草莓冰淇淋（＾ω＾）,66,5,4,0,15,15,1,0,15,4,0,0,10,1,0,1,0,0,0,0
#8J8U8L9YG,A🩶,62,1,0,0,10,7,15,10,4,10,0,0,1,0,0,0,0,0,4,1
#YUJ8PJ0LR,TE|snoiy,55,9,10,0,0,0,15,0,10,1,7,0,1,4,4,1,0,1,1,0
#GRUQCJQ8V,IAmAbsolute👁️,53,3,0,15,0,0,15,7,0,10,0,0,1,0,0,0,4,1,0,0
#22JR2JLYC,VTC|duckii ✗,53,4,0,10,1,1,0,0,15,7,10,0,4,0,1,1,1,1,0,1
#8CP9QGPU9,luvLIVly,52,12,0,0,4,0,10,10,7,1,0,10,10,0,0,0,0,0,0,0
#LYR0Q9C,Zoulan🖤,50,6,0,0,0,1,10,10,15,1,4,1,1,0,0,1,1,1,4,0
#2J9P2QUVU8,guestttqq122,49,3,0,0,0,4,7,0,10,15,1,1,10,0,0,0,0,0,1,0
#QURVLPG,VTC|ezlivi ✗,49,14,0,0,10,10,10,4,1,1,7,4,1,0,0,1,0,0,0,0
#80PVPCC29,NAVI|Enraged,47,1,0,0,15,0,10,0,0,0,0,0,0,0,0,0,10,10,1,1
#QVU98QL9J,TTV: ArthurBS,46,5,0,0,15,15,4,1,0,0,0,0,0,0,10,0,0,0,1,0
#2YJ9GJGC2,Zack,45,8,10,0,0,0,0,0,15,15,4,1,0,0,0,0,0,0,0,0
#8Y2Y0GYYG,FL|I see,45,12,4,10,1,0,10,4,1,1,0,0,0,0,4,0,0,0,0,10
#2QP8U809C8,Rati💜,43,1,0,0,0,0,0,0,1,0,0,10,15,0,0,1,0,0,15,1
#P90GVUV80,LLC|Jyro,43,4,0,0,4,0,0,1,1,15,0,10,0,0,4,0,1,0,7,0
#8V92UYCJ,HMB|Lukii,41,3,10,0,0,0,0,15,0,0,0,0,0,0,0,0,0,0,1,15
#VPCR282G,Shaula Yams,41,4,0,0,0,10,15,0,0,0,0,0,1,15,0,0,0,0,0,0
#LJQVURL2G,SLC|Dunott,41,6,0,0,0,0,0,0,0,0,0,0,0,0,1,10,15,0,0,15
#82GG2RLQG,FUT|ZeyroX🕊️,41,10,0,0,0,15,15,0,10,0,0,0,0,0,0,0,0,0,1,0
#2GV90L8YP,FUT|DeMaster🕊️,41,12,0,10,10,10,0,0,10,1,0,0,0,0,0,0,0,0,0,0
#LLV82LQPU,REV|Fayelo,40,5,0,0,1,0,1,10,4,15,7,1,0,0,0,0,0,0,1,0
#UR2UL8YR,CR|Moya,40,8,4,15,4,15,1,1,0,0,0,0,0,0,0,0,0,0,0,0
#8LJJ0890C,IGM|Drake🦋,40,12,0,0,0,1,0,10,7,0,10,1,1,10,0,0,0,0,0,0
#LQJJC9UY8,TOC,40,15,4,10,1,4,4,7,4,1,0,0,0,0,0,0,0,1,0,4
#8R0JY2UJ2,れんのすけ,38,9,0,0,0,1,7,1,7,7,0,0,0,0,0,15,0,0,0,0
#2YGU9VVRV,RLM|Jalil🇫🇷,38,11,1,0,10,4,1,7,4,1,0,0,0,0,0,10,0,0,0,0
#8CRU0PQRQ,ZETA|どいん,38,12,10,0,0,10,0,0,0,0,0,0,0,0,0,0,0,7,10,1
#9RVPL0Q0P,BIG|Arthur🥥,38,15,0,0,1,10,0,0,0,0,0,0,7,0,10,0,0,0,0,10
#9LYUUJPYG,Neptun.最高,38,19,0,0,7,10,0,0,1,0,10,0,0,10,0,0,0,0,0,0
#U9G9U2UJ,solsti,37,3,15,15,0,1,1,4,1,0,0,0,0,0,0,0,0,0,0,0
#82LUJLQP8,JonasThePipas,37,4,7,0,0,0,0,0,0,0,0,15,0,0,0,0,0,15,0,0
#GPPRCRLQG,sQwiRtl,37,10,10,15,4,1,1,1,4,1,0,0,0,0,0,0,0,0,0,0
#882VV2JPP,Ghost T‎🤍,37,37,7,0,1,4,4,7,0,7,7,0,0,0,0,0,0,0,0,0
#YY09UPQ9,Lucas🦁,35,7,0,0,0,10,0,15,4,4,1,0,0,0,0,0,0,1,0,0
#PGPCYPRYC,slap me again,35,7,0,0,0,0,0,0,0,0,0,1,7,10,15,0,0,1,1,0
#2JY2JR09UC,Buzko,35,8,0,0,0,0,0,0,10,10,0,15,0,0,0,0,0,0,0,0
#Y8YQU2RY8,Unlucky,35,22,0,0,0,0,0,0,0,1,10,0,0,0,0,10,7,0,0,7
#28VP0G808,INS|Koga,34,11,0,0,1,4,10,1,4,1,4,4,1,4,0,0,0,0,0,0
#8G982C80L,Code: GonGon,34,11,0,0,0,0,1,0,1,1,7,4,10,10,0,0,0,0,0,0
#8CRYQJP9G,皮奥特雷克🎲,34,12,0,0,0,0,0,0,0,0,0,0,0,0,10,4,0,0,10,10
#LU8C9YJU,NOVA|Kiritom,34,14,0,0,0,7,0,0,10,7,0,10,0,0,0,0,0,0,0,0
#9Q22C88V8,Bielz,34,20,0,0,1,1,10,10,0,0,7,1,4,0,0,0,0,0,0,0
#Q2LUY8PVL,Tiktok•Jalil🤍,34,24,0,0,4,0,1,1,4,4,0,10,0,10,0,0,0,0,0,0
#9GJ8GYCY2,てるちむぷりん,33,10,0,0,0,0,0,15,0,0,10,7,0,0,1,0,0,0,0,0
#92YCGUYUU,🤡ToxicAsher🤡,33,12,0,0,0,0,1,0,7,10,10,0,1,0,4,0,0,0,0,0
#YLP9RY8V9,栗山 | Z̶e̶f̶f̶ツ,33,23,0,0,0,0,4,7,0,10,4,0,0,0,1,0,0,0,0,7
#CUGVUYPG,KitaTheRock🎸,33,29,0,0,1,1,1,0,0,10,1,4,4,0,0,0,0,4,7,0
#29UGLJV2G,RC｜Levi,32,3,15,0,0,0,1,0,10,0,0,0,4,0,0,0,1,1,0,0
#P90RJQ8C,ZETA|Sizuku,32,5,15,0,0,4,1,0,7,1,0,0,0,0,0,0,0,4,0,0
#P28GVVLPC,Trickster*,31,4,1,0,1,1,1,0,0,0,0,1,1,0,10,15,0,0,0,0
#PCPRPJV,TH|iKalvo,31,26,1,0,1,1,10,4,0,1,0,0,1,1,1,4,1,4,1,0
#RP88GPGYG,midoronashi,31,33,0,0,0,0,1,1,0,1,4,0,7,0,1,0,1,1,7,7
#220QRRLVV,Nanoxx,30,2,0,0,0,15,0,0,0,0,0,0,15,0,0,0,0,0,0,0
#PLJP88C0Y,ßusTiiiiir😎,30,2,0,0,0,0,15,0,0,0,15,0,0,0,0,0,0,0,0,0
#UJJYQQ2C,慶舎,30,7,7,0,7,0,0,0,0,0,0,0,0,15,0,0,1,0,0,0
#20C80QUY9,GuGu,30,15,10,0,1,1,0,0,0,0,0,0,0,0,0,0,1,7,10,0
#2LLRJGPVV8,FUT|Ferissa,30,15,0,0,10,1,7,0,1,0,10,0,0,1,0,0,0,0,0,0
#8QY08JUVC,T5S|Tessar,30,22,0,0,4,0,0,0,0,4,0,0,1,1,1,1,1,0,7,10
#2J2GCPUV8C,GLB|Email🤠,29,5,0,0,0,0,0,0,0,0,0,0,0,0,0,7,15,0,7,0
#88UR2Q2Y8,clemens,29,6,0,0,0,7,0,0,0,0,0,0,0,15,0,0,7,0,0,0
#PRCUL8YV8,carry me pls,29,8,0,0,0,0,0,0,15,0,0,0,0,0,0,0,0,10,4,0
#VJ8YGJJ0,A4|3wa,28,5,0,0,0,0,0,1,0,0,0,0,10,0,15,1,1,0,0,0
#Q22ULY9JY,TH|Marco,28,8,0,0,0,1,0,1,4,1,4,0,1,0,0,0,0,1,0,15
#2RQQ9PGC,IGM|Sh!gemyon,28,29,0,0,10,0,1,7,1,4,0,4,1,0,0,0,0,0,0,0
#9ULYPV8,CR|Tensai,28,30,1,0,10,0,0,0,0,0,0,0,7,0,0,0,1,1,7,1
#2P9CJVGJ8,LGCY|Xemp,27,4,0,0,0,15,10,0,0,0,0,0,1,0,1,0,0,0,0,0
#Q9RPRJJ2,Yichy❤️Leo,27,24,0,0,1,0,1,4,1,10,0,10,0,0,0,0,0,0,0,0
#P09CLUVUR,txji fv!🐆,27,31,0,0,0,0,0,0,0,0,0,0,0,7,1,4,4,7,4,0
#GLPJRCLYL,BIG|Melih🥥,26,2,0,0,0,0,0,0,0,0,0,0,15,0,0,1,10,0,0,0
#JLP9Y8UU,可愛い男の娘,26,9,0,0,0,0,0,0,0,15,0,0,0,0,0,0,0,0,1,10
#2L9R8U0CR,DeS|Anton,26,19,0,0,0,7,0,0,0,0,0,1,0,10,0,0,7,0,0,1
#2PV9R9Q28,MM,26,26,4,0,1,1,1,4,1,10,4,0,0,0,0,0,0,0,0,0
#9JVCQJRCG,Whiteee,26,27,0,0,1,1,10,0,0,0,0,0,7,0,0,0,0,0,7,0
#8P89RGQP2,Angelboy🐻,25,1,0,0,0,0,0,0,0,0,0,15,10,0,0,0,0,0,0,0
#9CQCR00CU,walter white,25,2,0,0,0,0,0,0,0,15,10,0,0,0,0,0,0,0,0,0
#R9CCLP8Q,HML|rafiki,25,6,0,0,10,15,0,0,0,0,0,0,0,0,0,0,0,0,0,0
#8Y02VRGR,vSxolar💤,25,8,1,0,7,1,0,0,0,0,0,0,0,0,0,1,0,15,0,0
#28VGUULP,Idk,25,14,4,0,10,0,0,0,0,0,0,10,1,0,0,0,0,0,0,0
#GCJCRVQ8,AMN|tacos ᛪ༙,25,15,0,0,1,4,1,1,0,0,0,10,0,0,0,0,4,4,0,0
#JJ92RGPL,NOVO | Jus,25,15,0,0,0,4,0,1,0,10,0,0,0,0,0,0,0,0,10,0
#2P0V0CQQ2,SKC|Naipishu,25,18,1,0,4,0,1,1,0,1,1,10,0,1,0,0,0,4,0,1
#99PUGUCGR,かざ,24,4,0,0,0,0,7,0,1,0,15,0,0,0,0,1,0,0,0,0
#9LYQR9QC,FUT|Stas?,24,8,0,0,0,0,0,15,0,1,0,0,4,0,0,0,4,0,0,0
#UPVYYQQQ,Osva‎オラ,24,13,0,0,1,1,4,7,10,0,0,1,0,0,0,0,0,0,0,0
#Y89P8CL9Q,Xoda,24,15,0,0,0,0,0,4,0,1,0,0,7,1,1,0,0,0,0,10
#CPPC8282,Code : BONOX2,24,16,10,0,1,1,1,10,0,1,0,0,0,0,0,0,0,0,0,0
#990VQVPLY,Light Yagami🪶,24,19,4,0,0,0,0,0,0,0,1,1,0,0,7,1,0,0,10,0
#2P2Q0CJ28,Rikz🐦‍⬛,24,19,0,0,1,4,10,0,1,0,7,1,0,0,0,0,0,0,0,0
#GGVYPYQP0,Magga🐰,24,20,0,0,1,1,0,0,0,0,0,1,10,0,10,1,0,0,0,0
#PJPPY9LRC,TE|𑣲Memxn ᛪ༙,24,47,0,0,1,1,4,4,1,1,1,7,1,0,0,0,0,1,1,1
#PRJQVV8P8,Angelboу 🐻,23,1,0,0,4,0,1,15,0,1,0,1,0,0,0,0,1,0,0,0
#9LUG0YUYY,qls alejandro,23,6,0,0,0,0,15,1,0,0,0,0,0,0,0,7,0,0,0,0
#8YGQ2QLVC,Zwezz,23,6,0,0,0,0,0,0,0,0,0,0,7,0,1,15,0,0,0,0
#JGR29PQJ2,Mai Sakurajima,23,7,0,0,0,0,0,0,0,15,0,0,1,0,0,0,7,0,0,0
#2LJ2JPJ9PU,Summerville,23,9,0,0,1,0,7,15,0,0,0,0,0,0,0,0,0,0,0,0
#R9QU0VJPR,Itoshi Sae,23,12,0,0,10,0,1,7,0,0,0,0,4,0,0,1,0,0,0,0
#9LCP0VC0L,딸기맛감자칩,23,13,0,0,10,0,0,0,4,4,0,0,0,0,0,4,0,1,0,0
#L80200R,Kokomi,23,17,0,0,4,0,0,0,0,0,0,0,0,10,7,0,1,0,1,0
#8UL9QPCP2,もっとうまくなれよ（笑）,23,21,0,0,10,1,0,7,0,4,0,0,0,0,0,0,0,0,1,0
#RRG0RUJU,BC* | SkYRiiKZz,23,28,0,0,0,0,0,0,0,10,0,4,4,4,0,0,0,1,0,0
#2LYJRC8V8Q,ray092 fv!,22,8,0,0,0,0,0,0,0,0,0,0,0,0,0,0,0,0,15,7
#CC9VYCYJ,trebor,22,9,0,0,0,0,0,0,0,0,0,0,0,7,15,0,0,0,0,0
#9QJLLRG8,Nagato愛她N💗,22,10,0,0,0,0,0,0,0,0,0,0,0,0,7,0,0,0,15,0
#P0Y8JGL0U,ZETA|Batman,22,11,1,0,1,0,0,1,4,1,0,4,0,0,0,0,0,0,0,10
#CVUCP8U0C,dr.SilentZP,22,12,7,0,0,0,0,0,0,0,0,0,0,1,0,0,10,0,4,0
#9VV8PQRU,SZ|Jake,22,18,0,0,0,0,1,4,0,0,0,0,0,10,7,0,0,0,0,0
#9J8L9PU0Y,lá jackside,22,20,0,0,7,0,1,0,0,10,4,0,0,0,0,0,0,0,0,0
#2L02C9VGJP,dragon 🦤,22,33,0,0,0,0,0,7,4,0,4,7,0,0,0,0,0,0,0,0
#2JV2922Y0,OP| Alex 🔥,21,2,0,0,0,0,0,0,0,0,0,0,0,0,4,15,1,0,1,0
#PQGYPULUR,ワニー・ポッター,21,3,0,0,1,1,0,0,0,1,1,1,0,1,15,0,0,0,0,0
#G9GPQRLC2,TrxstMyRxndom🥺,21,6,0,0,0,0,0,0,0,0,0,0,1,1,1,1,1,1,15,0
#R89ULRGQ,ゴブさん,21,7,15,0,0,0,0,0,0,0,0,0,4,0,0,1,0,0,1,0
#QLLRJ22J9,Isee YT,21,11,0,10,0,0,1,4,0,1,0,0,0,0,0,1,0,0,0,4
#2GRVVCYUQG,SUPER⭐️STAR,21,17,0,0,7,10,4,0,0,0,0,0,0,0,0,0,0,0,0,0
#9YLGR9LUJ,𑣲Stamatis,21,18,0,0,0,0,1,1,1,1,10,7,0,0,0,0,0,0,0,0
#9LP220V8C,Z1|Kai ✰,21,19,0,0,10,0,4,0,0,1,0,4,1,0,0,0,0,0,1,0
#8VJ8GUP2C,王にならなかった王子,21,26,0,0,1,1,0,1,10,1,7,0,0,0,0,0,0,0,0,0
#QLCJGQUP,TRB|Diegogamer,21,34,4,0,1,7,0,7,0,1,1,0,0,0,0,0,0,0,0,0
#2G0RRLU2R,RC|Shu,21,48,0,0,1,4,1,7,4,4,0,0,0,0,0,0,0,0,0,0
#L2G0QG989,DNA|sikoly,20,2,0,0,0,0,0,0,0,0,0,4,1,0,0,0,15,0,0,0
#2GVG90GGG,SCFT30,20,4,0,0,0,0,0,0,0,0,1,0,1,1,15,1,1,0,0,0
#GQR8UCY89,心予報☘️,20,7,4,0,0,0,0,0,0,0,0,0,15,0,1,0,0,0,0,0
#9R0G2QGYL,Jxxfly,20,13,0,0,0,0,0,0,0,0,0,10,0,0,0,10,0,0,0,0
#9J0Q28Q0V,HERBERTUS🏹,20,14,0,0,0,10,0,0,0,0,0,0,0,10,0,0,0,0,0,0
#2CGLGP8QP,Abii23愛,20,14,0,0,0,0,0,0,0,10,0,0,0,0,10,0,0,0,0,0
#JV0LYUUL,attack,20,15,0,0,0,0,0,0,10,0,0,10,0,0,0,0,0,0,0,0
#P0PULRC,Fracasadobor,20,20,0,0,0,7,0,0,0,0,0,0,0,10,0,1,1,0,1,0
#GYCYCLRJL,BH|Prozy,20,24,1,0,0,1,1,10,0,0,0,4,1,0,0,0,0,1,1,0
#YYU090U90,NS|Satisfyer,20,30,1,0,0,0,7,1,10,0,0,0,1,0,0,0,0,0,0,0
#82RGU8PR,TTM|Maury,20,40,0,0,0,4,1,0,7,4,1,0,1,0,0,0,1,1,0,0
#9YQR20GV8,SxS|Saint ⟢,19,2,0,15,0,0,0,0,0,0,4,0,0,0,0,0,0,0,0,0
#RJRRUV2P,Seebyyy🎯,19,3,0,0,0,0,0,0,0,0,0,0,0,0,0,0,0,15,4,0
#2VQLPL0P8J,Bon Chance 🇦🇱,19,3,0,0,0,0,0,0,0,0,0,0,0,0,0,0,0,0,4,15
#28LUY98,OG,19,5,4,15,0,0,0,0,0,0,0,0,0,0,0,0,0,0,0,0
#JQ8LLLY,LOUD|FireCrow,19,8,15,0,0,0,1,1,0,0,0,0,0,0,0,0,1,0,0,1
#2GU80UCP8,PLで私にMAXを推奨しない,19,13,0,0,0,0,0,0,0,0,0,0,0,0,1,0,0,7,10,1
#82RCQCVG,TRB|Lxffy🌪️,19,23,1,0,0,0,1,4,10,0,0,0,0,0,0,0,1,1,1,0
#2UVUU28L8,Dede,19,24,1,0,4,4,0,0,10,0,0,0,0,0,0,0,0,0,0,0
#J0C8JP0P,Terabob 後悔,19,24,0,0,0,0,0,0,0,1,0,0,0,0,1,10,0,0,7,0
#2JC9UJURY,ErisGreyrat⊹₊✦,19,26,0,0,0,0,0,0,0,1,10,0,1,1,0,0,4,0,1,1
#9CV8PL9U2,さくら咲く,19,27,0,0,0,0,0,0,0,0,0,0,1,4,0,4,0,10,0,0
#2LUQ0C9UQ,lyr1c,19,29,1,0,0,0,0,0,0,0,0,0,0,0,0,0,10,7,1,0
#P9VQGGJU,NOVO HowToWin,19,31,1,0,4,1,0,1,7,0,0,4,0,0,0,1,0,0,0,0
#2PPRVY89J,AleX,19,31,0,0,0,7,0,0,1,0,0,7,4,0,0,0,0,0,0,0
#UVU8P8VQ,FNRS|Unlucky,19,34,7,0,4,1,1,1,4,1,0,0,0,0,0,0,0,0,0,0
#UY280J89,SQ,19,34,0,0,0,0,1,1,7,1,0,7,1,1,0,0,0,0,0,0
#20P2GP99,Ducky🐝,19,40,0,0,0,0,1,0,4,0,0,4,7,0,1,1,1,0,0,0
#82YGQY2GL,ノンブレス・オブリージュ,19,42,0,0,0,0,1,7,4,0,0,0,7,0,0,0,0,0,0,0
#90UGV009J,Ditax147,19,42,0,0,0,0,1,0,0,0,0,7,0,0,0,0,0,0,7,4
#20C0LL00,CR|Milkreo,19,43,7,0,0,4,0,0,0,0,0,1,1,0,1,0,1,0,4,0
#889YRY208,cu6ickk🍌,19,44,0,0,0,0,0,0,0,1,0,0,0,0,7,4,0,7,0,0
#PVVV9VPYQ,Yutamyon,19,79,0,0,1,1,1,4,0,4,0,0,1,0,1,1,0,0,1,4
#VUJPG8YY,FNRS|Gordonn,18,4,0,0,0,0,0,15,0,0,0,1,1,0,0,1,0,0,0,0
#PJPUGRGQJ,RoxyMigurdia⊹₊✦,18,5,0,0,0,0,0,0,0,1,0,0,1,0,0,0,0,0,15,1
#GGUQCG0G,LOUD|KaioDog,18,10,15,0,0,0,0,0,0,1,0,0,0,0,0,0,0,0,1,1
#29VRJU08C,SK|Yoko,18,17,10,0,0,0,0,0,4,1,0,1,1,0,0,0,0,0,1,0
#QPPURQG8,Idk,18,23,0,0,0,0,0,0,0,1,0,0,0,10,0,7,0,0,0,0
#2QLVJ8PRQ,AlazSZ,18,27,0,0,0,0,0,0,0,7,0,0,0,0,0,0,0,0,1,10
#Y8GUCGPY,Scaa,18,28,0,0,0,7,1,10,0,0,0,0,0,0,0,0,0,0,0,0
#2QLRGPPJ0J,My Melody,18,33,0,0,0,0,0,0,0,0,0,0,7,7,4,0,0,0,0,0
#P0PV9CPR9,Sought,18,37,0,0,0,0,0,0,0,0,0,0,0,7,7,0,0,4,0,0
#2QR09U8UJQ,Engine,18,40,0,0,1,1,0,0,0,4,0,7,0,4,0,0,0,1,0,0
#82RV20PVC,Billy Joel,18,52,4,0,0,0,1,0,4,0,0,4,4,0,0,0,0,0,1,0
#8J8V2RUG0,discord.gg/Lxo,17,1,0,0,0,0,0,0,0,0,0,0,1,0,0,1,15,0,0,0
#20LCGGQYQ,vampire,17,9,0,0,1,1,0,0,0,0,15,0,0,0,0,0,0,0,0,0
#2CJG2GGCGP,IGM|Drake❦,17,10,0,0,0,0,0,0,0,0,0,0,1,0,0,15,1,0,0,0
#VJUQ0Y,AMN|chino ᛪ༙,17,11,1,0,0,10,0,1,4,1,0,0,0,0,0,0,0,0,0,0
#GJQ2G9YL,ばたMr.Lars’🖤いヤ,17,14,0,0,0,0,1,0,0,0,0,4,0,0,10,1,0,1,0,0
#P2808PRC,FUT|Nob?,17,16,0,0,1,1,1,0,0,0,10,0,0,0,0,0,0,0,0,4
#29GU8P2PL,鬼柱｜鬼舞辻無慘,17,18,0,0,10,0,0,0,0,0,0,7,0,0,0,0,0,0,0,0
#Y9YVGCC29,ViVi_Big.S❦🔞,17,21,0,0,0,0,0,0,7,0,0,0,0,0,0,0,0,0,10,0
#8Q2QUV00J,El Mexicano🥷🏽,17,22,0,0,1,1,0,0,0,0,0,10,0,0,1,1,0,1,1,1
#Y892UQ82U,淚實因,17,25,0,0,10,0,0,0,0,0,0,0,0,0,0,0,4,1,1,1
#808P0PP2G,Iliass🦁,17,29,0,0,0,0,0,0,0,0,0,0,0,0,0,0,0,10,7,0
#2Q2UCQCGG9,I love Pandora,17,29,0,0,0,0,0,0,0,0,0,0,0,0,0,0,0,0,7,10
#8VY8U9QG,TLB|Flow🌺,17,47,0,0,0,0,0,0,0,0,0,0,1,0,0,7,4,4,1,0
#Y0PQYLQ9,nazuna,16,1,0,0,0,0,0,0,0,0,15,0,0,0,0,0,0,0,1,0
#2V0URY80QY,𝓗𝓾𝓰𝓸🪽,16,1,0,0,0,0,0,0,0,0,0,0,0,0,0,0,0,0,1,15
#2VL9JLPQU,тгк - davidzyki,16,3,0,0,0,0,0,0,0,0,0,0,0,0,0,1,15,0,0,0
#22G0YQJRP,NOK Dennnkzz?,16,5,0,0,0,0,0,0,0,0,0,0,1,15,0,0,0,0,0,0
#PYVVGRQJR,FURIOUSSS🐈‍⬛,16,6,0,0,0,0,0,15,0,0,0,0,0,0,0,0,0,1,0,0
#LJUUQ9Y8Y,Tokyo Flash,16,6,0,0,0,0,0,0,0,0,0,0,15,0,0,0,1,0,0,0
#GG2V2QPC,EDM,16,7,0,15,0,0,0,0,0,1,0,0,0,0,0,0,0,0,0,0
#2JQPUGPP2,Lionel Messi,16,7,0,0,0,0,0,0,0,0,0,0,0,0,0,0,0,0,1,15
#2ULLCRYJ2Y,RVL|Totoro,16,8,0,0,0,0,0,0,0,0,0,0,15,0,0,1,0,0,0,0
#P992LU2J,Kawaii Lava🧉,16,9,0,0,0,0,0,0,15,0,0,1,0,0,0,0,0,0,0,0
#P90QC9Q9G,Bright 🇭🇺,16,9,0,0,0,0,0,0,0,0,0,0,0,15,0,1,0,0,0,0
#GQ22RLVCQ,Stay Focused,16,10,0,0,0,0,0,0,0,0,0,0,15,0,0,0,0,1,0,0
#290CLL8VYR,PONZU@seasoning,16,10,0,0,0,0,0,0,0,0,0,0,0,0,0,1,15,0,0,0
#2GUVQ0G8J,JoleoN🪭,16,10,0,0,0,0,0,0,0,0,0,15,0,0,0,0,0,0,0,1
#2LCYG0C0G,rapoint,16,10,0,0,0,0,0,0,0,0,0,0,0,0,1,0,0,0,0,15
#8V920P00U,ロゼ髪,16,15,0,0,0,0,0,0,0,0,0,0,0,0,0,0,1,4,10,1
#L8GLQYLR,ЙКНОЁЖЩЮЪ,16,16,0,0,0,0,0,0,1,0,0,0,0,0,0,0,1,10,0,4
#82PQUPGU0,RVL|Ryohei,16,33,7,0,1,4,1,1,0,1,0,0,0,0,0,1,0,0,0,0
#2PGRRLYG8,weraiz,16,35,0,0,0,0,0,0,0,4,0,1,1,0,1,7,1,1,0,0
#2YG89QYVP,BadAxew,16,39,0,0,0,0,1,0,0,0,0,0,0,0,0,1,7,0,7,0
#Y8GY8RR8V,Lovely Sebyy✨,16,44,0,0,0,0,4,4,1,0,7,0,0,0,0,0,0,0,0,0
#29UPQ82QR,Z1| Leo ✰,16,52,0,0,1,1,0,4,4,4,1,1,0,0,0,0,0,0,0,0
#99QYQP02G,7'H,16,59,0,0,1,0,4,1,0,4,0,1,1,0,0,0,0,4,0,0
#2LLJ8RJRR,SIE|Shake,16,64,0,0,0,0,1,4,1,1,4,1,4,0,0,0,0,0,0,0
#GJLC8PJPU,BP|Greed,15,1,15,0,0,0,0,0,0,0,0,0,0,0,0,0,0,0,0,0
#2RJ0QCUGGC,Artist,15,1,0,0,0,15,0,0,0,0,0,0,0,0,0,0,0,0,0,0
#G88882GJ,Zoink,15,1,0,0,0,0,0,0,0,0,0,0,0,0,0,15,0,0,0,0
#882RUGPYU,Former®,15,2,0,0,15,0,0,0,0,0,0,0,0,0,0,0,0,0,0,0
#YLP209V0L,Dyxys↯,15,2,0,0,0,0,0,0,0,0,0,0,0,15,0,0,0,0,0,0
#2JCLPLP902,Than,15,2,0,0,0,0,0,0,0,0,0,0,0,0,15,0,0,0,0,0
#2V9V9LLLQ8,miracle,15,2,0,0,0,0,0,0,0,0,0,0,0,0,0,0,0,0,15,0
#988G8G9U,Brawler,15,3,0,0,0,15,0,0,0,0,0,0,0,0,0,0,0,0,0,0
#2JJURC92RJ,Korean Guesti,15,3,0,0,0,0,0,0,0,0,15,0,0,0,0,0,0,0,0,0
#CLLYRR90,Dope Beaver™🦫,15,3,0,0,0,0,0,0,0,0,0,15,0,0,0,0,0,0,0,0
#R90V9CLU,Neax,15,3,0,0,0,0,0,0,0,0,0,0,15,0,0,0,0,0,0,0
#9C0V099UP,Adonis,15,3,0,0,0,0,0,0,0,0,0,0,0,15,0,0,0,0,0,0
#9PL902CVL,Fran $winkels🍎,15,3,0,0,0,0,0,0,0,0,0,0,0,0,0,15,0,0,0,0
#8JYP9YPQV,ANG|Bird,15,4,15,0,0,0,0,0,0,0,0,0,0,0,0,0,0,0,0,0
#YQLY9CYVY,vM|Nath,15,4,0,15,0,0,0,0,0,0,0,0,0,0,0,0,0,0,0,0
#L08P9Y9,⠀ ⠀,15,4,0,0,15,0,0,0,0,0,0,0,0,0,0,0,0,0,0,0
#2QYPGQYR8,Mango芒果,15,4,0,0,0,0,0,0,0,0,0,0,0,0,0,0,0,0,0,15
#92YR22QPL,LLC|Ray092,15,5,0,0,15,0,0,0,0,0,0,0,0,0,0,0,0,0,0,0
#9Y090YJV0,Z4NIX,15,5,0,0,0,0,0,0,0,0,0,0,0,0,0,15,0,0,0,0
#29GJJ0CVP,Slvrd,15,6,0,0,15,0,0,0,0,0,0,0,0,0,0,0,0,0,0,0
#9C2GCCJ2P,ØP Kanu,15,6,0,0,0,0,0,0,0,0,0,0,0,0,15,0,0,0,0,0
#2V8P8RPLPJ,hearless,15,6,0,0,0,0,0,0,0,0,0,0,0,0,0,0,15,0,0,0
#89VC2CGCJ,V777 SRT,15,6,0,0,0,0,0,0,0,0,0,0,0,0,0,0,0,15,0,0
#828CYYGLP,NF|무희맘,15,7,0,0,0,0,0,0,15,0,0,0,0,0,0,0,0,0,0,0
#G9UGL2PQ9,둥글둥글둥글둥글둥글,15,7,0,0,0,0,0,0,0,0,15,0,0,0,0,0,0,0,0,0
#2228G2Q8G0,YT ：Linglin_sb,15,7,0,0,0,0,0,0,0,0,0,0,0,0,0,0,0,15,0,0
#8RCLPJL,LZ|kemomail,15,8,0,0,0,0,0,0,0,0,15,0,0,0,0,0,0,0,0,0
#8P8C9VVG0,Adriano,15,8,0,0,0,0,0,0,0,0,0,0,0,15,0,0,0,0,0,0
#9GRURUQVL,SK|Lucky,15,8,0,0,0,0,0,0,0,0,0,0,0,0,15,0,0,0,0,0
#YYVQGQ9LV,Fran💕Alexandra,15,8,0,0,0,0,0,0,0,0,0,0,0,0,0,0,15,0,0,0
#PC9LPPYV,IFH| Nico,15,9,15,0,0,0,0,0,0,0,0,0,0,0,0,0,0,0,0,0
#2L2G0CPQC2,Jason🫰🏽,15,9,0,0,0,0,0,0,0,0,0,0,0,0,0,0,0,0,15,0
#2V0JPCQRQR,ぷい,15,9,0,0,0,0,0,0,0,0,0,0,0,0,0,0,0,0,0,15
#8808CP,Sxjic神,15,10,0,0,15,0,0,0,0,0,0,0,0,0,0,0,0,0,0,0
#2URUU90P,Dictator CnL,15,10,0,0,0,0,0,0,0,0,0,0,0,15,0,0,0,0,0,0
#GQPJCLPVR,👉🎀👈,15,10,0,0,0,0,0,0,0,0,0,0,0,0,15,0,0,0,0,0
#88QGGY8UY,Bot 4,15,10,0,0,0,0,0,0,0,0,0,0,0,0,0,0,0,15,0,0
#2UQRY9QQYU,LLC|Snox,15,11,0,0,0,0,0,0,0,0,0,0,1,4,0,0,0,0,10,0
#UVQRUVR0,DPB|SusiGuy💫,15,11,0,0,0,0,0,0,0,0,0,0,1,4,0,0,0,10,0,0
#809R8JV8Q,TizzouKécecé🪭,15,13,0,0,1,1,0,1,0,0,0,0,1,0,0,10,0,1,0,0
#PV0R080PU,↯Vertex｜Lumi↯,15,13,0,0,0,0,0,0,4,10,1,0,0,0,0,0,0,0,0,0
#2Y92C2Q8V,ポンきー(本物),15,14,0,0,0,0,0,0,0,0,0,0,4,1,0,10,0,0,0,0
#GJ2JY9L0Q,광대|ToxicAsher🤡,15,16,0,0,0,0,1,1,1,10,0,0,1,0,1,0,0,0,0,0
#2QUQYG2JY,MisterJuve.,15,19,0,0,0,0,0,0,0,10,1,4,0,0,0,0,0,0,0,0
#YL022VL9J,Zmxx27,15,19,0,0,0,0,0,0,0,0,0,0,1,0,10,4,0,0,0,0
#2GC8VG8QLC,86 Mao,15,21,0,0,0,0,0,0,0,0,0,0,0,10,1,1,1,0,1,1
#22YC2GQGP,Mossad Agent,15,25,0,0,1,0,1,1,1,0,0,0,0,0,0,0,10,1,0,0
#8298PU08R,Nemzzx🏴,15,28,0,0,0,0,0,0,0,0,0,0,4,0,1,0,0,10,0,0
#CQLR0Y80,NS|Tufa,15,37,0,0,0,0,0,0,0,0,0,7,7,0,0,0,1,0,0,0
#2C9RL0L89R,ちいかわ,15,37,0,0,0,0,0,0,0,0,0,0,0,0,0,4,0,4,0,7
#RPQUY9VQ,RE:SET,15,41,0,0,7,4,1,1,0,0,0,0,1,0,0,0,0,1,0,0
#2LVGCJ2UQR,yichyᢉ𐭩,15,44,0,0,0,0,0,0,0,0,0,0,1,0,1,4,1,1,0,7
#9VU9R2LY,Terry!,15,45,7,0,4,0,1,0,0,1,0,0,0,1,1,0,0,0,0,0
#82CJYJPG2,RVL|Yutapin,15,45,1,0,0,0,4,1,1,7,0,0,0,0,0,0,0,0,0,1
#9Q9C9JU0,Lavastoviglie™️,15,57,4,0,4,0,1,0,1,4,1,0,0,0,0,0,0,0,0,0
#Q808R2CV,Nes,14,13,0,0,4,0,0,0,0,0,0,0,10,0,0,0,0,0,0,0
#9GR90LY0Y,Smoufo천재,14,16,0,0,0,0,0,4,0,0,0,0,0,0,0,0,10,0,0,0
#88PL8L2JC,David>Tier S,14,17,0,0,0,0,0,0,0,0,4,0,0,0,0,10,0,0,0,0
#2QG9LQQC8Y,GLXY|Derpp🐰ᩚ,14,18,0,0,0,0,0,10,0,0,0,0,0,0,0,0,0,0,4,0
#2G9LGJ8Q,AH|Gene❦ᴾᶤᵃ,14,20,0,0,0,0,0,0,0,0,0,0,0,4,0,0,0,10,0,0
#YJULPGQQJ,村人A,14,24,0,0,0,0,10,0,0,0,1,0,1,0,1,1,0,0,0,0
#9PQ2VULLU,BA | Finn,14,24,0,0,0,0,0,0,0,0,0,0,0,0,0,0,0,10,4,0
#92YGVR8C,Yuffy,14,25,0,0,0,0,0,10,0,0,0,0,0,0,0,0,0,4,0,0
#LCYQ0QCUR,Dictator Mbappé,14,28,0,0,0,0,0,0,1,1,10,1,1,0,0,0,0,0,0,0
#2RRRCYYPU,S2 | CryNic,14,32,0,0,7,0,0,0,0,7,0,0,0,0,0,0,0,0,0,0
#R2LR2QLG,RED|Mohtep,14,38,4,0,0,7,0,0,0,0,0,0,1,0,0,1,0,0,1,0
#20L88L2J,Code: LeNain,14,42,7,0,0,0,0,0,0,0,0,0,0,0,0,0,0,7,0,0
#89LJG9UQC,Bιʟʟɪe Eιʟιѕʜ ❀,14,43,0,0,0,0,0,0,0,0,0,4,1,7,0,0,1,0,1,0
#20YJ9LYUQ,UsnIrseee,14,59,0,0,1,1,0,0,0,4,0,0,4,0,0,0,0,0,0,4
#Y8PLP8VY,Remica🩶,14,68,0,0,0,4,0,0,0,0,4,1,1,0,0,4,0,0,0,0
#8UL0U08V,winq ˖᯽ ݁˖,14,75,1,0,1,1,1,0,4,1,0,4,1,0,0,0,0,0,0,0
#29U89RCUL,T5S|Tessar,13,19,0,0,0,0,0,0,0,1,0,0,1,0,1,0,0,0,0,10
#J8CRJJQY0,BIG BROTHER,13,25,0,0,0,0,0,0,0,0,0,0,1,0,0,1,0,0,10,1
#PYRL9YRL0,ArthuR GgWp,13,33,0,0,7,0,0,0,0,0,0,0,1,0,0,0,0,0,1,4
#2C8L29PRL,おっと,13,34,0,0,0,0,0,1,0,7,0,0,0,0,0,4,1,0,0,0
#CV9Y9VPP,Ferkel 🐷,13,34,0,0,0,0,0,1,4,0,0,7,0,1,0,0,0,0,0,0
#LJ0288PRG,AXIS|Terry,13,35,0,0,1,1,1,0,0,0,0,0,7,1,1,0,0,0,0,1
#2CQU9V929C,mini zeyrox💔,13,36,0,0,0,0,0,0,0,0,7,0,0,1,0,0,0,4,1,0
#CYVUC2RP,SoLaR|سولار 〆,13,38,0,0,0,0,0,1,0,7,0,0,0,0,1,4,0,0,0,0
#QL9G8JR8C,けいわい(KY),13,44,1,0,1,1,1,1,7,1,0,0,0,0,0,0,0,0,0,0
#JQ92PL90,s0rrow,13,50,0,0,0,0,1,1,7,4,0,0,0,0,0,0,0,0,0,0
#LV2R8QJQ,Oti🐣💛,13,56,0,0,0,0,0,4,0,1,0,4,4,0,0,0,0,0,0,0
#2GQY9CR8,Fire,13,72,1,0,0,0,1,1,1,1,4,4,0,0,0,0,0,0,0,0
#2V8RUCP,Soulless ✨️,13,77,0,0,0,0,0,0,0,0,4,0,0,4,1,4,0,0,0,0
#80RQG2Q0U,ととろんぼーん🩵,13,86,1,0,1,4,1,4,1,1,0,0,0,0,0,0,0,0,0,0
#J98YPG9L,trinityy,13,90,0,0,0,1,0,0,0,4,0,1,1,1,1,4,0,0,0,0
#LV2YCGJ9,Neel,12,11,0,0,0,0,0,0,10,0,0,0,0,0,0,1,1,0,0,0
#80VJGCL0P,tubarao-kaique,12,12,10,0,0,0,0,0,0,1,0,0,1,0,0,0,0,0,0,0
#8RVYUU9PG,Kylíee,12,12,0,0,0,0,0,1,0,1,0,0,0,0,0,0,0,10,0,0
#2QPRQJ8,りょへきちだなもー！‪🔆,12,19,10,0,0,0,0,0,0,0,0,0,1,0,0,1,0,0,0,0
#8CC2CL8Q,TE|diegofr ᛪ༙,12,19,0,0,0,0,0,0,10,1,0,0,0,0,1,0,0,0,0,0
#9GRLL929J,zyzly,12,19,0,0,0,0,0,0,0,1,0,0,10,0,0,1,0,0,0,0
#PJ80QPVL2,AXIS|Persia819,12,19,0,0,0,0,0,0,0,0,1,0,1,0,0,0,0,10,0,0
#Y8GQ999Y,19Suarezz.,12,21,0,0,0,0,0,0,0,0,0,0,0,0,0,1,0,10,1,0
#G0L8RYU,I love you Beli,12,24,0,0,0,0,0,0,1,10,0,0,0,0,0,0,1,0,0,0
#P0CVVQJGQ,My Beloved N.,12,26,0,0,0,0,0,0,0,0,0,0,0,0,10,1,0,1,0,0
#9LVUC2PY,SK|OPE,12,27,0,0,0,0,0,0,0,10,1,0,0,0,0,0,0,0,0,1
#2Y00VGCJG,Matax💋,12,27,0,0,0,0,0,0,0,0,0,0,10,0,0,1,0,0,0,1
#YP29YYPPY,もちのすけ,12,30,0,0,0,0,0,0,0,0,0,0,10,1,1,0,0,0,0,0
#GGP0Y9CY,𑣲konavet,12,31,7,0,1,1,0,0,0,0,0,0,0,0,1,0,1,0,1,0
#2C0LPCJGY,神のタクトFI,12,34,0,0,1,0,1,0,0,1,0,0,0,7,0,0,1,1,0,0
#8LRYPY0J0,miguel 🐸,12,34,0,0,0,0,0,7,0,4,0,1,0,0,0,0,0,0,0,0
#88JU89PV0,Heltz,12,35,0,0,0,0,0,0,7,1,4,0,0,0,0,0,0,0,0,0
#PYJLL2QQL,アルセウス,12,36,0,0,0,0,1,0,0,0,0,0,7,0,4,0,0,0,0,0
#9YCGYU8LY,TE|Aliit,12,40,0,0,0,0,0,0,0,0,0,0,0,7,0,0,0,0,4,1
#9JVULRUP8,か ItzYeaji 🌸,12,44,0,0,0,0,0,0,0,0,0,0,0,0,0,4,0,0,7,1
#GJGVPJ0PY,CODE SANS,12,45,0,0,0,0,0,0,7,4,0,0,0,0,0,0,0,0,1,0
#8L029CCC8,Isloww❦,12,49,0,0,0,0,0,7,0,0,0,0,0,0,0,1,1,1,1,1
#2Y20JR8CQ,REV|Ethan,12,50,0,0,0,0,0,0,0,0,0,0,0,7,1,0,4,0,0,0
#9P020LUV9,Moco,12,56,0,0,0,0,1,0,0,1,4,0,0,0,1,1,0,0,0,4
#JJ09PC0P,AMN|vgtsauce,12,57,4,0,1,0,0,1,4,1,1,0,0,0,0,0,0,0,0,0
#PRJLCLJ92,𝑬𝒏𝒅𝒆𝒓😮‍💨,12,69,0,0,0,0,0,0,0,1,4,0,1,0,0,1,1,4,0,0
#U2JU9082,iksu,12,73,0,0,0,0,0,4,0,0,0,0,1,4,0,0,1,1,1,0
#2LYLQRQPV,Younss🍥,12,74,0,0,0,1,0,0,4,1,0,1,1,4,0,0,0,0,0,0
#80V0GRGUY,K13|Erc🪼,12,79,0,0,0,4,0,0,0,0,4,0,1,1,1,1,0,0,0,0
#YLYPJUR98,Snazy🤍,11,11,0,0,0,0,0,0,0,0,0,1,0,0,10,0,0,0,0,0
#UUJY28UJ,R1hm6n,11,11,0,0,0,0,0,0,0,0,0,0,1,0,0,0,10,0,0,0
#2RR2VG28L,I can’t 💔,11,12,0,0,0,0,0,0,0,0,0,0,0,1,10,0,0,0,0,0
#PL0GRVJRJ,𑣲Kika,11,13,0,0,0,0,0,0,0,0,0,0,0,0,1,0,0,0,0,10
#P92208LLR,GLR|Zawesend🐙,11,15,0,0,0,0,1,0,0,0,0,0,0,0,0,10,0,0,0,0
#GL92QR808,Ori🫪,11,16,0,10,0,0,0,0,0,0,0,0,1,0,0,0,0,0,0,0
#9VU9CUUQ0,Devil,11,16,0,0,0,0,0,0,0,0,0,10,1,0,0,0,0,0,0,0
#LUQUJ8QLJ,RS|남빛,11,17,0,0,1,0,0,0,10,0,0,0,0,0,0,0,0,0,0,0
#8RYRU28Q0,Koji,11,17,0,0,0,1,10,0,0,0,0,0,0,0,0,0,0,0,0,0
#8JRY0GQYJ,Idk,11,17,0,0,0,0,0,0,0,0,0,10,1,0,0,0,0,0,0,0
#22JC09YGL,софт жоски,11,17,0,0,0,0,0,0,0,0,0,0,0,0,0,0,0,10,1,0
#2R9VV9GL0,ToxicYosX 🏴,11,18,0,10,0,1,0,0,0,0,0,0,0,0,0,0,0,0,0,0
#9GYP90VP,Ramen·͜‧ɞ✰,11,18,0,0,0,0,0,0,0,0,0,0,0,0,0,0,10,1,0,0
#8Y2229RY2,Guesti,11,19,0,0,0,0,0,0,0,1,0,0,0,0,0,10,0,0,0,0
#2GY2JUL2VR,ひょんそん🥐,11,20,0,0,0,0,0,0,0,0,0,0,10,1,0,0,0,0,0,0
#2CC0C882C,Duc💜Mai,11,21,0,0,0,0,0,0,10,1,0,0,0,0,0,0,0,0,0,0
#2LY8PVR902,定期考査学年一位常連,11,21,0,0,0,0,0,0,0,0,0,0,0,0,10,0,0,0,1,0
#22UR2JPQG,manolo,11,22,0,0,0,0,1,10,0,0,0,0,0,0,0,0,0,0,0,0
#QQVYUR0VL,ただのぷー。,11,22,0,0,0,0,0,0,0,0,0,0,0,0,0,0,0,10,1,0
#9YCVC8RQL,𑣲water,11,23,0,0,0,0,0,0,0,0,0,0,0,0,0,0,0,0,10,1
#PVYPLVJQR,London🦋,11,24,0,0,10,0,0,0,0,0,0,0,0,0,0,0,0,0,1,0
#J99YU9QY,SKC|Kuru,11,28,1,0,0,0,10,0,0,0,0,0,0,0,0,0,0,0,0,0
#2QPUG9GJRQ,👅🫦,11,28,0,0,0,0,0,1,10,0,0,0,0,0,0,0,0,0,0,0
#8G28J88R8,SQUID | Bart |,11,29,0,0,0,0,0,0,0,0,0,0,0,0,0,10,0,0,1,0
#9Y9CVYJ2U,FUT | Jamie🤍,11,30,10,0,0,0,1,0,0,0,0,0,0,0,0,0,0,0,0,0
#22Y2CJVJV,CNE|SantiagoS,11,30,0,0,0,0,0,10,0,0,0,0,0,0,0,1,0,0,0,0
#888U922Q2,BeastyKnG,11,30,0,0,0,0,0,0,0,0,0,0,0,0,0,0,0,1,10,0
#9GVY9VUV,DeS|paapi,11,31,0,0,0,0,0,0,0,7,0,0,0,0,0,0,0,0,4,0
#2GGYG08GP0,Witch🦅,11,31,0,0,0,0,0,0,0,0,0,0,0,0,0,0,4,7,0,0
#PP2YPP0YR,✞Zeth🐼かがみ,11,34,0,0,0,0,0,0,0,4,7,0,0,0,0,0,0,0,0,0
#LJYQLGVJP,NoiFishy🌱,11,34,0,0,0,0,0,0,0,0,0,0,0,0,0,0,0,7,4,0
#2288RRJJG,Alannガアラ,11,42,0,0,4,0,0,0,0,7,0,0,0,0,0,0,0,0,0,0
#8CLUJRPQG,saul✰,11,42,0,0,0,0,0,0,4,0,7,0,0,0,0,0,0,0,0,0
#20LLLYU2J,clash,11,43,0,0,1,1,1,7,1,0,0,0,0,0,0,0,0,0,0,0
#VLQYY2UVR,魔王ピーエス,11,43,0,0,0,0,0,0,0,0,0,0,0,0,0,0,0,7,4,0
#9C8Q8CJ9L,ZXR|vGuifer🐣シ,11,47,0,0,0,0,4,0,0,0,0,0,7,0,0,0,0,0,0,0
#8JQC9CPGJ,hasan baba,11,48,0,0,0,0,0,0,0,4,7,0,0,0,0,0,0,0,0,0
#2Y822YJYJC,BIG|Decaii🥥,11,67,0,0,1,1,0,0,0,0,0,0,0,0,0,0,0,4,1,4
#9CU8L9G8Y,! Leticia🐹ྀིྀི,11,81,0,0,0,1,0,0,4,1,0,0,0,4,0,0,1,0,0,0
#2G2GYP80R,NL|Suzer,10,11,0,0,10,0,0,0,0,0,0,0,0,0,0,0,0,0,0,0
#2Q0822QCQ,𑣲Sebi🧸ྀི,10,11,0,0,0,0,0,0,0,0,10,0,0,0,0,0,0,0,0,0
#RVRYVLJ99,#72,10,11,0,0,0,0,0,0,0,0,0,10,0,0,0,0,0,0,0,0
#GJV8YQ9QL,MiraclePrime🫦,10,12,0,0,0,0,0,0,0,0,0,0,10,0,0,0,0,0,0,0
#CLUGR9Y2,ㅤㅤ,10,12,0,0,0,0,0,0,0,0,0,0,0,0,0,10,0,0,0,0
#PCPR0UR8L,Melty,10,13,0,10,0,0,0,0,0,0,0,0,0,0,0,0,0,0,0,0
#JGCCGY80,prostislavv,10,13,0,0,0,0,10,0,0,0,0,0,0,0,0,0,0,0,0,0
#QQR8JRYCV,rxshennn,10,13,0,0,0,0,0,10,0,0,0,0,0,0,0,0,0,0,0,0
#2Q2RUJUL0,Sm影刃,10,13,0,0,0,0,0,0,0,0,0,0,0,0,10,0,0,0,0,0
#880C8Q2GC,Hartzen!,10,13,0,0,0,0,0,0,0,0,0,0,0,0,0,0,0,10,0,0
#89G9LQPG0,retired>stanneo,10,14,0,10,0,0,0,0,0,0,0,0,0,0,0,0,0,0,0,0
#2P0V8CGGU,sneaxxbs : TT,10,14,0,0,0,0,10,0,0,0,0,0,0,0,0,0,0,0,0,0
#2Q89YJGL02,Rusya🎯,10,14,0,0,0,0,0,10,0,0,0,0,0,0,0,0,0,0,0,0
#2L8L8PQJ,WO|xXPolicjXx🔥,10,14,0,0,0,0,0,0,0,0,0,0,10,0,0,0,0,0,0,0
#9YCGP8LR2,MeyZ🍁,10,14,0,0,0,0,0,0,0,0,0,0,0,0,0,0,10,0,0,0
#2V92J09GYL,あちゃぴ@0からプロ道3,10,14,0,0,0,0,0,0,0,0,0,0,0,0,0,0,0,0,10,0
#LGQ2JUJ2,Regulus Corneas,10,14,0,0,0,0,0,0,0,0,0,0,0,0,0,0,0,0,0,10
#2GGG0VYUGP,Fiwlipp ✰,10,15,0,0,0,0,10,0,0,0,0,0,0,0,0,0,0,0,0,0
#2YYVU2UCVL,Mustafa 🖤,10,15,0,0,0,0,0,0,0,0,0,0,0,10,0,0,0,0,0,0
#PU2Q02Y9Q,rs,10,15,0,0,0,0,0,0,0,0,0,0,0,0,10,0,0,0,0,0
#99JJRJQ9P,CoS|Peske,10,15,0,0,0,0,0,0,0,0,0,0,0,0,0,0,0,10,0,0
#2Q9PPYPQGQ,Rusya 要,10,16,0,0,0,10,0,0,0,0,0,0,0,0,0,0,0,0,0,0
#PPR80YQ8Q,Redemp.,10,16,0,0,0,0,0,0,10,0,0,0,0,0,0,0,0,0,0,0
#2CUGUJQPP,la shinya,10,16,0,0,0,0,0,0,0,0,0,0,0,10,0,0,0,0,0,0
#29L9220C8,Twitch: zh_greg,10,16,0,0,0,0,0,0,0,0,0,0,0,0,0,10,0,0,0,0
#GGG2URLLL,Rxtiredみ,10,16,0,0,0,0,0,0,0,0,0,0,0,0,0,0,0,0,0,10
#2RURG0Y0PG,Tokkich#1,10,17,0,10,0,0,0,0,0,0,0,0,0,0,0,0,0,0,0,0
#JJY8YQ8Q,Agostino🐙,10,17,0,0,0,0,0,10,0,0,0,0,0,0,0,0,0,0,0,0
#8VQYPJCJQ,🦇🖤,10,17,0,0,0,0,0,0,0,0,10,0,0,0,0,0,0,0,0,0
#9R2UGCRGL,mori’s femboy🎀,10,17,0,0,0,0,0,0,0,0,0,0,10,0,0,0,0,0,0,0
#YL00QLYQJ,ヤたるがク女🖤,10,17,0,0,0,0,0,0,0,0,0,0,0,0,0,0,0,0,0,10
#9QCJPL20,Golden💘,10,18,10,0,0,0,0,0,0,0,0,0,0,0,0,0,0,0,0,0
#2LRV90JGL8,Mirrrq.🥺,10,18,0,0,0,10,0,0,0,0,0,0,0,0,0,0,0,0,0,0
#2LGQ8QQ08Q,Hope❤Melly,10,18,0,0,0,0,0,0,0,0,0,0,10,0,0,0,0,0,0,0
#PLV89CGP,BIG|Salty🥥,10,18,0,0,0,0,0,0,0,0,0,0,0,0,0,0,0,0,10,0
#GLC0880VR,Dompe,10,19,0,0,0,0,0,10,0,0,0,0,0,0,0,0,0,0,0,0
#28YG9UY9G,tenasis❤‍🩹,10,19,0,0,0,0,0,0,0,0,10,0,0,0,0,0,0,0,0,0
#YYQLCVRJR,Netrox💖Lenox,10,19,0,0,0,0,0,0,0,0,0,0,0,0,0,0,10,0,0,0
#92Y0Q9QYL,𑣲rosy🧸,10,20,10,0,0,0,0,0,0,0,0,0,0,0,0,0,0,0,0,0
#L2JU2GQC,MiniBoow,10,20,0,0,10,0,0,0,0,0,0,0,0,0,0,0,0,0,0,0
#YPUGJCPGP,AA,10,20,0,0,0,0,0,0,0,0,10,0,0,0,0,0,0,0,0,0
#8UL0RVUG0,我|Mistake•↯,10,20,0,0,0,0,0,0,0,0,0,10,0,0,0,0,0,0,0,0
#98LJJ2YJV,ゲリベン＿ロドリゲス🤓,10,20,0,0,0,0,0,0,0,0,0,0,0,0,0,10,0,0,0,0
#RPJUR0RC8,ᅠᅠᅠ,10,20,0,0,0,0,0,0,0,0,0,0,0,0,0,0,10,0,0,0
#P0Y9V2Q9,Danz.278🇫🇷,10,20,0,0,0,0,0,0,0,0,0,0,0,0,0,0,0,0,0,10
#22PGQU98R,Todd,10,21,10,0,0,0,0,0,0,0,0,0,0,0,0,0,0,0,0,0
#PCYVC8CLV,BLESSED,10,21,0,0,0,0,0,0,0,10,0,0,0,0,0,0,0,0,0,0
#LJ8LLPP02,彤•不染,10,21,0,0,0,0,0,0,0,0,0,0,10,0,0,0,0,0,0,0
#2PP2G8LCJ,⛩Kilian64🎋,10,21,0,0,0,0,0,0,0,0,0,0,0,0,0,10,0,0,0,0
#2JCLRYGCUR,Sm影刃,10,21,0,0,0,0,0,0,0,0,0,0,0,0,0,0,10,0,0,0
#L880JGGL,LeleOProNinja,10,21,0,0,0,0,0,0,0,0,0,0,0,0,0,0,0,0,0,10
#PV2CYRQJP,Tiktok.Akaza🌹,10,22,10,0,0,0,0,0,0,0,0,0,0,0,0,0,0,0,0,0
#G8JLLCLGR,KRO|Nanoxx,10,22,0,0,0,10,0,0,0,0,0,0,0,0,0,0,0,0,0,0
#2RJ0G9PYV,Emir216🫐,10,22,0,0,0,0,0,0,0,0,0,0,0,10,0,0,0,0,0,0
#28YPGURPJ,sakoo,10,22,0,0,0,0,0,0,0,0,0,0,0,0,0,10,0,0,0,0
#CRRRLPG2,Faith,10,22,0,0,0,0,0,0,0,0,0,0,0,0,0,0,10,0,0,0
#R8L2QPU9C,🔥🔥🔥,10,23,0,0,0,10,0,0,0,0,0,0,0,0,0,0,0,0,0,0
#28PU0P9L0,FL|Achapi,10,23,0,0,0,0,0,0,0,0,0,0,0,0,0,10,0,0,0,0
#G22JQRLU,말보탕|트렌스푬,10,23,0,0,0,0,0,0,0,0,0,0,0,0,0,0,10,0,0,0
#LLULVJ8YR,Dybala,10,23,0,0,0,0,0,0,0,0,0,0,0,0,0,0,0,10,0,0
#P8R9CRQUC,絆の精神力 | 武方友,10,24,10,0,0,0,0,0,0,0,0,0,0,0,0,0,0,0,0,0
#PPG8C2P2,Zimon,10,24,0,0,0,10,0,0,0,0,0,0,0,0,0,0,0,0,0,0
#GJV22VGC,Tut Tam Hamon,10,24,0,0,0,0,0,0,0,0,0,0,10,0,0,0,0,0,0,0
#88QL22P9R,dakota💨,10,24,0,0,0,0,0,0,0,0,0,0,0,0,10,0,0,0,0,0
#8JUJ2PVGY,OVN|Tango,10,24,0,0,0,0,0,0,0,0,0,0,0,0,0,0,10,0,0,0
#2L9LPC2CVG,ゲコゲコカエル🐸³₃,10,24,0,0,0,0,0,0,0,0,0,0,0,0,0,0,0,0,10,0
#Y2ULYP2LC,leo fv!,10,24,0,0,0,0,0,0,0,0,0,0,0,0,0,0,0,0,0,10
#GGJJ0PUV2,Josué ツ,10,25,0,0,0,0,0,0,0,10,0,0,0,0,0,0,0,0,0,0
#LUYVJV2UY,わにわに,10,25,0,0,0,0,0,0,0,0,10,0,0,0,0,0,0,0,0,0
#PJ0YQ0G2J,↯RaphiZz🦋,10,25,0,0,0,0,0,0,0,0,0,10,0,0,0,0,0,0,0,0
#9PPGPGV8L,BS_AuloN☔️,10,25,0,0,0,0,0,0,0,0,0,0,0,0,10,0,0,0,0,0
#2C2YC8RP00,SEFUTHAU👑,10,25,0,0,0,0,0,0,0,0,0,0,0,0,0,10,0,0,0,0
#2VP29CCVUQ,Witch of Envy嫉妒,10,25,0,0,0,0,0,0,0,0,0,0,0,0,0,0,0,10,0,0
#9U0L80VUV,Mxrtinn♟️ꔕ,10,25,0,0,0,0,0,0,0,0,0,0,0,0,0,0,0,0,0,10
#9GY92RQY2,༄Lapsa,10,26,0,0,0,10,0,0,0,0,0,0,0,0,0,0,0,0,0,0
#8RLVP82PL,TGB|Blue,10,26,0,0,0,0,0,0,0,0,0,0,0,10,0,0,0,0,0,0
#JCJJUQ2V8,جودي,10,26,0,0,0,0,0,0,0,0,0,0,0,0,0,0,10,0,0,0
#P9CP000Y8,Fab,10,26,0,0,0,0,0,0,0,0,0,0,0,0,0,0,0,10,0,0
#9VU8YRCJG,Ctastic,10,26,0,0,0,0,0,0,0,0,0,0,0,0,0,0,0,0,0,10
#9C98P9UG2,Neymar Jr,10,27,10,0,0,0,0,0,0,0,0,0,0,0,0,0,0,0,0,0
#2LQYVVPRLG,SZ | Crong,10,27,0,0,0,10,0,0,0,0,0,0,0,0,0,0,0,0,0,0
#9RVVL2LP2,Dromi,10,27,0,0,0,0,0,10,0,0,0,0,0,0,0,0,0,0,0,0
#R0R28L2UV,D💫,10,27,0,0,0,0,0,0,10,0,0,0,0,0,0,0,0,0,0,0
#2G09CRPP8Q,膵臓,10,27,0,0,0,0,0,0,0,0,10,0,0,0,0,0,0,0,0,0
#2GCQRP82RR,saaarix🏴,10,27,0,0,0,0,0,0,0,0,0,10,0,0,0,0,0,0,0,0
#2QJL2Q88U,PiePie,10,27,0,0,0,0,0,0,0,0,0,0,0,0,10,0,0,0,0,0
#V8JPPG0,pink alvin,10,27,0,0,0,0,0,0,0,0,0,0,0,0,0,0,10,0,0,0
#8RC99J8Y,Wish💚,10,27,0,0,0,0,0,0,0,0,0,0,0,0,0,0,0,0,10,0
#8PRCYCLYJ,IC|Silent,10,28,10,0,0,0,0,0,0,0,0,0,0,0,0,0,0,0,0,0
#999JQQPJY,ぴゅあいんざわーるど,10,28,0,0,0,10,0,0,0,0,0,0,0,0,0,0,0,0,0,0
#2J9PLG99YL,cocoa☕️‪💘,10,28,0,0,0,0,0,0,0,0,0,10,0,0,0,0,0,0,0,0
#8JV09PGJU,seriously jack!,10,28,0,0,0,0,0,0,0,0,0,0,0,10,0,0,0,0,0,0
#QY8CPVQGP,sнizаii,10,28,0,0,0,0,0,0,0,0,0,0,0,0,10,0,0,0,0,0
#8V0V208C0,彼は泣いた🍀,10,28,0,0,0,0,0,0,0,0,0,0,0,0,0,10,0,0,0,0
#JQ8JLCP0,jay❤️ximena,10,28,0,0,0,0,0,0,0,0,0,0,0,0,0,0,10,0,0,0
#200LY809,Mobushinkan,10,28,0,0,0,0,0,0,0,0,0,0,0,0,0,0,0,0,10,0
#JRYCJVC,Youyou,10,29,10,0,0,0,0,0,0,0,0,0,0,0,0,0,0,0,0,0
#RQRGLR9R,Guesti,10,29,0,0,0,10,0,0,0,0,0,0,0,0,0,0,0,0,0,0
#L0828UY0U,Ctastic❤️M3,10,29,0,0,0,0,0,0,0,0,0,10,0,0,0,0,0,0,0,0
#2VLY2PCLP,哪有賭徒天天輸,10,29,0,0,0,0,0,0,0,0,0,0,0,10,0,0,0,0,0,0
#QCY02VGVG,flazer🍥,10,29,0,0,0,0,0,0,0,0,0,0,0,0,10,0,0,0,0,0
#PJVGJVUUY,Drift,10,29,0,0,0,0,0,0,0,0,0,0,0,0,0,0,0,0,10,0
#GG2LG00P,ZXR|Master 🌀,10,30,0,0,0,10,0,0,0,0,0,0,0,0,0,0,0,0,0,0
#22P28G9GP,SkibidiSigma,10,30,0,0,0,0,10,0,0,0,0,0,0,0,0,0,0,0,0,0
#22L90GL0U,花魁,10,30,0,0,0,0,0,0,0,0,10,0,0,0,0,0,0,0,0,0
#29CJ09Y2G,Feitxnn,10,30,0,0,0,0,0,0,0,0,0,0,0,0,10,0,0,0,0,0
#2JC2CCUPL2,よっしー@帰宅部主将,10,30,0,0,0,0,0,0,0,0,0,0,0,0,0,10,0,0,0,0
#28LCJ8LG,xXcalaverisXx,10,30,0,0,0,0,0,0,0,0,0,0,0,0,0,0,10,0,0,0
#C8Y8JYR2,わ🃏,10,30,0,0,0,0,0,0,0,0,0,0,0,0,0,0,0,10,0,0
#RLLRJ2,KDS|Patchy,10,42,7,0,1,1,0,0,0,0,0,0,0,0,0,0,1,0,0,0
#RPJVPR0RY,魔王ピーエス,10,46,1,0,1,7,1,0,0,0,0,0,0,0,0,0,0,0,0,0
#9800L2JY8,GD|Prodigy,10,47,0,0,0,0,1,0,0,1,0,0,0,1,7,0,0,0,0,0
#C2RPQLRQ,Tatsuki.💚,10,48,0,0,1,1,0,1,7,0,0,0,0,0,0,0,0,0,0,0
#2VVVVJUUG,ant,10,50,0,0,1,0,1,7,0,1,0,0,0,0,0,0,0,0,0,0
#QU82JPG9,𝖋𝚊ʊᴄʜ𝒆ʊ𝚛鐐🖤,10,54,0,0,1,1,0,1,1,1,4,1,0,0,0,0,0,0,0,0
#QJULVGU,LOUD|Edinho,10,55,4,0,4,0,0,0,0,0,0,0,0,0,0,1,0,0,0,1
#JUPYV9JQ,YT toxicgenie,10,56,0,0,0,4,0,4,0,0,0,1,1,0,0,0,0,0,0,0
#PLRR0GG0R,Zephyr.,10,63,4,0,0,0,0,0,0,0,0,1,4,0,0,1,0,0,0,0
#2ULUP8VG9,КеКzzz🤍,10,64,0,0,0,0,1,0,0,0,0,0,0,0,1,4,4,0,0,0
#2CQGYLRLUJ,WhiteBearCat,10,65,0,0,0,0,0,0,0,0,0,4,4,0,0,0,0,1,1,0
#P0LV2PG28,code SANS,10,67,0,0,0,0,0,0,1,4,0,0,0,0,0,0,0,0,4,1
#2Q2YL0LVVG,Sardo,10,69,0,0,0,0,4,0,0,1,0,0,0,0,1,0,4,0,0,0
#829LJ28CU,toxicgenie🃏,10,78,1,0,1,1,1,0,0,0,0,4,1,0,1,0,0,0,0,0
#8Y8CRRGPJ,Shu²³,10,78,4,0,0,0,0,0,0,0,0,0,0,0,0,0,1,1,0,4
#RCRJQG2C,GreenTea,10,80,1,0,1,1,1,1,1,4,0,0,0,0,0,0,0,0,0,0
#2PRVLV0UP,Max Mayfield,10,80,0,0,0,0,1,4,4,1,0,0,0,0,0,0,0,0,0,0
#2GJCCPYRP,Zoro❄︎,10,85,1,0,0,0,4,0,0,0,0,0,1,0,0,0,0,0,0,4
#20VPVLRPY,Shall,9,32,0,0,0,0,1,0,0,0,0,0,0,7,1,0,0,0,0,0
#98C22JLRV,HPN|Iivo❄️,9,33,0,0,0,0,0,0,0,0,0,0,0,7,0,0,1,0,1,0
#9VRQRGG0,rank 5,9,35,0,0,0,0,0,0,0,0,0,0,1,0,0,1,0,7,0,0
#8R29PY9RJ,DarkeSan,9,37,0,0,0,0,0,0,0,0,0,1,0,0,1,7,0,0,0,0
#PQVY8UVPG,more🐭,9,38,0,0,0,0,0,0,0,0,0,0,1,0,0,7,0,1,0,0
#28PLC9LLP,Ada🩵,9,39,0,0,0,0,0,0,0,0,0,0,0,0,7,1,0,0,0,1
#2UQCRP90,ZETA|Mameshi,9,41,7,0,0,0,0,0,0,0,1,0,0,0,0,0,0,0,1,0
#2G8J0GJLY,RZN|Mayitooo,9,41,0,0,0,0,0,0,0,0,0,1,0,0,0,0,1,7,0,0
#L8GPC9VVL,魔王サーエス,9,41,0,0,0,0,0,0,0,0,0,0,0,7,0,0,1,0,1,0
#8RVLRVYYP,TLB|Yei Yei,9,41,0,0,0,7,0,0,0,0,0,0,0,0,0,0,0,0,1,1
#RCP8CCP9Q,Rafael,9,43,0,0,0,0,7,0,0,0,0,0,1,0,0,0,0,1,0,0
#JUQY88CY,call me raphh.,9,43,0,0,0,0,0,0,0,1,0,0,0,0,0,0,1,0,0,7
#QVYU9V0U,ItayLM🇦🇷,9,44,0,0,0,0,1,0,0,0,0,7,0,0,0,0,0,0,1,0
#99LPQ9JPV,CODE sans,9,46,1,0,0,0,0,0,0,7,0,0,0,0,0,0,0,0,1,0
#2GRRC8L9P,kellow,9,47,0,0,7,0,0,1,0,0,0,0,0,0,0,0,1,0,0,0
#Y28PL2Q0V,Xenoxz,9,48,0,0,0,0,0,0,0,0,0,0,7,0,1,0,0,0,1,0
#2PLU9892C,rasierer,9,48,0,0,0,0,0,0,0,0,0,0,0,7,1,1,0,0,0,0
#8RUV8QCJ,Lars🐬,9,49,0,0,1,1,7,0,0,0,0,0,0,0,0,0,0,0,0,0
#GYR0L0JG,Alexis💚,9,53,0,0,0,0,4,1,0,0,0,0,0,0,0,0,0,4,0,0
#GLQG9CU20,Darkzz𐚁,9,53,0,0,0,0,0,4,0,1,1,1,1,0,1,0,0,0,0,0
#9PY2RQPPP,𝙾𝚒𝚌ʷᵃᵖツ,9,55,0,0,1,1,0,0,4,1,1,1,0,0,0,0,0,0,0,0
#RQGY8G0PR,JT,9,55,0,0,0,0,0,0,0,0,0,0,0,0,0,4,4,0,0,1
#200JJJYCG,NGU|Daiki,9,59,0,0,0,0,0,0,0,0,0,0,0,0,0,0,4,1,0,4
#PCC9G9PQG,mNhTrEwssCGIoJH,9,62,0,0,0,0,0,0,0,0,0,0,4,0,4,1,0,0,0,0
#2CLRUJP8P,おなすたる,9,63,0,0,0,0,0,0,0,0,0,4,4,0,0,1,0,0,0,0
#RGPUR9GU8,YT: ArthurBS,9,65,0,0,0,4,4,1,0,0,0,0,0,0,0,0,0,0,0,0
#980C80RGR,DE-IDENTIFIED,9,68,4,0,0,0,1,0,0,0,4,0,0,0,0,0,0,0,0,0
#9PQQ8GQQ,NOVO | Filippo,9,72,4,0,0,0,0,0,0,0,0,0,1,0,0,0,4,0,0,0
#8Y282CCY,sks,9,72,0,0,4,0,0,0,0,0,0,0,0,0,0,0,0,0,1,4
#JQVQYVY,LOUD|VTzim,9,73,0,0,0,4,0,0,0,4,0,0,0,0,0,0,0,1,0,0
#PL9RRC8GL,MrDiego🎩🍷ᴳᵒᵈ,9,84,4,0,0,0,1,0,0,4,0,0,0,0,0,0,0,0,0,0
#8VR982QG0,Snazzy,9,99,0,0,0,0,0,1,4,0,0,0,1,1,1,0,0,0,1,0
#PQPR2GQGJ,一城烟雨一楼台,8,31,0,0,1,0,0,0,0,0,0,0,0,0,0,7,0,0,0,0
#2CPGVLVGP,ヒカオ,8,32,0,0,0,0,1,0,0,0,0,0,0,0,0,0,0,0,7,0
#29J299L9L,Elio❤️‍🔥Stella,8,32,0,0,0,0,0,0,0,0,0,0,0,0,7,1,0,0,0,0
#9PC0VJRQ0,Sm影刃,8,33,0,0,0,0,0,0,1,0,7,0,0,0,0,0,0,0,0,0
#2YC09V2GL,DPM|New Kei,8,33,0,0,0,0,0,0,0,7,0,0,0,0,0,0,0,0,1,0
#2J98022YGP,Whynashh⁉️,8,33,0,0,0,0,0,0,0,0,0,0,0,0,7,0,1,0,0,0
#82VL80R0Y,Andreas🎅🏿,8,36,0,0,0,0,7,0,0,0,0,0,0,0,0,0,0,0,0,1
#2GCG0PYU,iblamejordan,8,36,0,0,0,0,0,0,0,0,0,0,0,0,7,0,0,0,0,1
#9R8LQGRUR,RxZz ☦︎,8,37,0,0,7,0,0,0,0,1,0,0,0,0,0,0,0,0,0,0
#9CC09CJG,Cartier!,8,37,0,0,0,0,0,0,0,0,0,0,0,0,7,1,0,0,0,0
#9U0P8V8JQ,NAVI|GeRo,8,37,0,0,0,0,0,0,0,0,0,0,0,0,0,1,7,0,0,0
#9JGR0CLUC,benito,8,39,0,0,0,0,0,0,0,0,0,0,0,0,0,7,0,0,0,1
#2PLQGP22,Fizen🦁,8,39,0,0,0,0,0,0,0,0,0,0,0,0,0,1,0,0,0,7
#LQP90029P,SoAl3X?,8,40,0,0,0,0,0,0,0,0,0,0,0,0,7,0,0,0,1,0
#222VQ8LQL,Rohaan🧸💜,8,40,0,0,0,7,0,0,0,0,0,0,0,0,0,0,0,0,0,1
#GGQ8VJVC,Syntinen🦊Kettu,8,41,0,0,0,0,0,0,7,1,0,0,0,0,0,0,0,0,0,0
#Y2VYQCPJ0,↯Løaayzx🖤,8,42,0,0,0,0,0,0,0,0,0,0,0,0,0,0,0,0,7,1
#L0P9R8LL,KoKo˶ᵒ ᵕ ˂,8,43,0,0,7,0,1,0,0,0,0,0,0,0,0,0,0,0,0,0
#92LRY988R,Vina Z,8,43,0,0,0,1,0,0,0,0,0,7,0,0,0,0,0,0,0,0
#PLRQJ98QQ,Neptun.最高,8,43,0,0,0,0,0,0,0,0,0,0,0,0,0,0,7,0,1,0
#2J2VCJ9GVQ,VX | Jxsh,8,44,0,0,0,0,0,0,0,0,0,0,0,0,0,7,0,1,0,0
#QPUJ8CJU8,Brawler,8,45,0,0,0,0,0,0,0,0,0,0,7,1,0,0,0,0,0,0
#YPP28UL9,BG MODS,8,45,0,0,0,0,0,0,0,0,0,0,0,0,1,7,0,0,0,0
#CP9V2LVJ,ErikTheWeeb😈,8,46,0,0,0,0,0,0,0,0,0,0,0,0,0,7,1,0,0,0
#U2Y088R2,DB|Madper,8,48,0,0,1,0,0,0,0,7,0,0,0,0,0,0,0,0,0,0
#82R8C28JY,Mrt,8,48,0,0,0,0,0,0,0,1,0,7,0,0,0,0,0,0,0,0
#P0L0LVR8,the elo potion,8,48,0,0,0,0,0,0,0,0,0,0,1,0,0,7,0,0,0,0
#2UP9JR922L,Elagence💔,8,48,0,0,0,0,0,0,0,0,0,0,0,0,0,0,0,0,1,7
#9RR0G8LV8,Tarik彼女,8,49,0,0,0,0,0,0,0,0,1,7,0,0,0,0,0,0,0,0
#828GCYQLU,RFN|Phlynex273,8,50,0,0,7,0,1,0,0,0,0,0,0,0,0,0,0,0,0,0
#9QPVJRJQ9,Tw: 𝓳𝓾𝓷𝓮𝓭,8,50,0,0,0,7,0,0,0,1,0,0,0,0,0,0,0,0,0,0
#P2VYPRYC,Lourii🏂,8,50,0,0,0,0,7,0,0,1,0,0,0,0,0,0,0,0,0,0
#8QVVYLPYY,Tom Welling,8,50,0,0,0,0,1,0,0,0,0,0,0,0,0,7,0,0,0,0
#RYCG9LU2C,MR LAKE,8,50,0,0,0,0,0,0,0,0,7,0,0,1,0,0,0,0,0,0
#YQUCCJ2,HMB|Symantec,8,51,4,0,0,0,1,1,0,1,0,0,1,0,0,0,0,0,0,0
#YUYYLVJ,Perry💜Lukie,8,53,0,0,1,1,1,0,0,1,0,4,0,0,0,0,0,0,0,0
#2PJCCVY8,FreakMail67😈,8,57,0,0,1,1,0,1,0,0,4,1,0,0,0,0,0,0,0,0
#92RVG2VUU,Teo🕷️,8,57,0,0,0,0,4,4,0,0,0,0,0,0,0,0,0,0,0,0
#P8QY2C9CG,IGM|Sh!gepin,8,57,0,0,0,0,0,0,0,1,0,0,4,0,0,1,1,1,0,0
#9U8QY2VQC,➳やizza...GOAT🐐,8,60,0,0,0,0,0,0,4,0,0,4,0,0,0,0,0,0,0,0
#L0VRCQ09Y,ちゃすぴす🫧🐹,8,61,0,0,0,0,0,4,0,0,0,0,0,0,0,1,1,1,1,0
#Y9V9L8J9R,Plazma,8,61,0,0,0,0,0,0,0,0,4,4,0,0,0,0,0,0,0,0
#2GL9RULRRQ,Fake💀Engine,8,62,0,0,4,1,0,1,1,1,0,0,0,0,0,0,0,0,0,0
#GJU2P028,sweetfear,8,63,4,0,0,0,4,0,0,0,0,0,0,0,0,0,0,0,0,0
#8GY0P29R9,源|Dark🍂,8,65,0,0,0,0,0,0,0,0,0,0,0,0,4,4,0,0,0,0
#VQCGV0Y9,ezlivi❤️‍🔥mary,8,66,1,0,0,0,0,4,0,1,1,0,1,0,0,0,0,0,0,0
#8P9JUUP29,SkillIssue,8,66,0,0,0,0,1,0,0,0,0,1,1,1,4,0,0,0,0,0
#GGC0L02R,ㅤㅤ,8,69,0,0,1,0,1,1,4,1,0,0,0,0,0,0,0,0,0,0
#2YV2C0UR8,Mric,8,75,0,0,0,0,1,1,0,0,0,0,0,0,0,0,0,4,1,1
#2R80R8CJV,유럽최고의명문팀아스날에프씨,8,77,0,0,0,4,0,0,0,0,0,0,4,0,0,0,0,0,0,0
#202GJJR28,Doritos 🇹🇷,8,78,0,0,0,0,0,4,0,0,0,0,0,0,0,1,1,0,1,1
#YQGPUY2P,Marouane ❤️,8,79,0,0,0,0,1,1,0,0,0,0,4,0,0,1,0,1,0,0
#GPQL8RRJU,Ducky🦆,8,82,0,0,0,0,1,0,0,0,0,1,4,0,1,0,0,1,0,0
#RP0UL9QUG,JuiceBox 🌧️,8,83,0,0,4,0,1,0,0,0,0,1,0,0,0,1,1,0,0,0
#QUVYL8829,Strelitzia,8,83,0,0,0,0,0,0,0,4,0,0,4,0,0,0,0,0,0,0
#2QUUC828R,@Deniz,8,91,0,0,0,0,0,0,0,0,0,0,0,0,4,0,4,0,0,0
#JVRCVJ9Q,OCX|Pekka,8,92,1,0,0,0,1,4,0,1,0,0,0,0,0,0,0,0,1,0
#PQYP9QPR8,Sylphiette⊹₊✦,8,93,0,0,0,0,0,0,1,0,0,0,1,0,0,0,4,1,0,1
#YQ0CLV2GP,ShastasRevenge,8,95,0,0,0,0,0,0,0,0,0,0,0,0,1,1,1,1,0,4
#L0VQV892J,Code ; Zoroark,8,97,0,0,0,0,0,4,4,0,0,0,0,0,0,0,0,0,0,0
#YJLJP2228,靈と書いてめるてぃ,8,105,0,0,1,1,1,0,0,1,0,1,1,0,0,0,0,1,1,0
#CGVG80PU,whaat,7,31,0,0,7,0,0,0,0,0,0,0,0,0,0,0,0,0,0,0
#J9Q8CV8R,秘 Squirrel,7,31,0,0,0,7,0,0,0,0,0,0,0,0,0,0,0,0,0,0
#20JCP2QJ2,Nswer22,7,31,0,0,0,0,7,0,0,0,0,0,0,0,0,0,0,0,0,0
#RJVR08RJ,本質黃金壹,7,31,0,0,0,0,0,0,0,0,7,0,0,0,0,0,0,0,0,0
#GCLU2UUCG,Tonto,7,31,0,0,0,0,0,0,0,0,0,0,0,0,0,0,7,0,0,0
#YGP9JRPYR,Aquatic💧,7,31,0,0,0,0,0,0,0,0,0,0,0,0,0,0,0,0,0,7
#G89UGRJY,XngelFire,7,32,7,0,0,0,0,0,0,0,0,0,0,0,0,0,0,0,0,0
#2LRVLVLR0Y,happy,7,32,0,0,0,0,7,0,0,0,0,0,0,0,0,0,0,0,0,0
#YP8802YP8,Never Give Up,7,32,0,0,0,0,0,0,0,0,7,0,0,0,0,0,0,0,0,0
#2R8UC9QQ2,Destroy Lonely,7,32,0,0,0,0,0,0,0,0,0,7,0,0,0,0,0,0,0,0
#809PYV2L0,BIG|Arthur🥥,7,32,0,0,0,0,0,0,0,0,0,0,7,0,0,0,0,0,0,0
#VQP8GU888,m.,7,32,0,0,0,0,0,0,0,0,0,0,0,0,0,0,0,0,0,7
#9JYGL9J0,NOVO|Dorian,7,33,0,0,0,0,7,0,0,0,0,0,0,0,0,0,0,0,0,0
#8PUJR00VL,vsayc⛧,7,33,0,0,0,0,0,0,0,0,0,7,0,0,0,0,0,0,0,0
#P8VJYQ8PY,JST|Cristobal💎,7,33,0,0,0,0,0,0,0,0,0,0,0,0,0,0,7,0,0,0
#CGGC0Y0J,Enragedito,7,33,0,0,0,0,0,0,0,0,0,0,0,0,0,0,0,7,0,0
#28C8RQQJ2,wolfiee,7,34,0,0,7,0,0,0,0,0,0,0,0,0,0,0,0,0,0,0
#22LUR9QRP,Hypergamy,7,34,0,0,0,0,7,0,0,0,0,0,0,0,0,0,0,0,0,0
#2RPY8PC8LL,freddo💞ela,7,34,0,0,0,0,0,0,0,0,0,0,0,0,7,0,0,0,0,0
#20YRV0CCV,りょへ°ࡇ°,7,35,7,0,0,0,0,0,0,0,0,0,0,0,0,0,0,0,0,0
#8C8LU9R0R,trapmadeashu!,7,35,0,0,7,0,0,0,0,0,0,0,0,0,0,0,0,0,0,0
#29CV8U0CG,Hakuna Matata,7,35,0,0,0,7,0,0,0,0,0,0,0,0,0,0,0,0,0,0
#2VP902JRL,破壊犬ごん,7,35,0,0,0,0,7,0,0,0,0,0,0,0,0,0,0,0,0,0
#2C8RPPY99,Queasy🥀,7,35,0,0,0,0,0,7,0,0,0,0,0,0,0,0,0,0,0,0
#8LR9PC8RG,Bodhi De Rimmer,7,35,0,0,0,0,0,0,0,0,7,0,0,0,0,0,0,0,0,0
#8CRGCYCJR,NAVI|Nowy297,7,35,0,0,0,0,0,0,0,0,0,0,0,7,0,0,0,0,0,0
#2UYJR9VL,Corwas,7,35,0,0,0,0,0,0,0,0,0,0,0,0,0,0,0,0,0,7
#YGQ2PQP0R,熊猫💖诺诺和萝莉,7,36,7,0,0,0,0,0,0,0,0,0,0,0,0,0,0,0,0,0
#2RQUCGQGJ,BH|Nabi,7,36,0,0,0,0,0,0,0,7,0,0,0,0,0,0,0,0,0,0
#28RGR8UC0,🏀BlkMamba93🖤,7,36,0,0,0,0,0,0,0,0,0,0,0,0,0,0,7,0,0,0
#2J9PU20Y8,Gosheto💚,7,36,0,0,0,0,0,0,0,0,0,0,0,0,0,0,0,0,0,7
#Y0QPCCLJY,sh兵長,7,37,7,0,0,0,0,0,0,0,0,0,0,0,0,0,0,0,0,0
#2QCV0QC290,Zimon,7,37,0,0,0,7,0,0,0,0,0,0,0,0,0,0,0,0,0,0
#9RVUJQRYP,CursedKatôo,7,37,0,0,0,0,7,0,0,0,0,0,0,0,0,0,0,0,0,0
#99GVCJQL,—͟͞͞★PROskinz™↯,7,37,0,0,0,0,0,0,7,0,0,0,0,0,0,0,0,0,0,0
#8QGJGQU2Y,DD|Jari,7,37,0,0,0,0,0,0,0,0,0,7,0,0,0,0,0,0,0,0
#PJ89JU899,Icewing❄️,7,37,0,0,0,0,0,0,0,0,0,0,0,0,0,0,0,7,0,0
#GLQGRVVGR,worthy,7,38,0,0,7,0,0,0,0,0,0,0,0,0,0,0,0,0,0,0
#9CY99GQLC,ZeC1ove,7,38,0,0,0,0,7,0,0,0,0,0,0,0,0,0,0,0,0,0
#2CG92U8LUC,killer,7,38,0,0,0,0,0,0,0,0,0,0,0,7,0,0,0,0,0,0
#8CGRC89YR,shxdwd,7,38,0,0,0,0,0,0,0,0,0,0,0,0,0,0,0,7,0,0
#20L0C9GCP,koru,7,39,0,0,7,0,0,0,0,0,0,0,0,0,0,0,0,0,0,0
#8PGCRUUR,Ai Sezaki🏳️‍⚧️,7,39,0,0,0,0,7,0,0,0,0,0,0,0,0,0,0,0,0,0
#J0C08V00,laynix2109,7,39,0,0,0,0,0,7,0,0,0,0,0,0,0,0,0,0,0,0
#9YVUY9YR8,➳Itachi Uchiha,7,39,0,0,0,0,0,0,7,0,0,0,0,0,0,0,0,0,0,0
#2RUJQ98U8,🤡🤡🤡🤡🤡🤡🤡,7,39,0,0,0,0,0,0,0,7,0,0,0,0,0,0,0,0,0,0
#8Y9R9VPYJ,Neil✌️,7,39,0,0,0,0,0,0,0,0,0,7,0,0,0,0,0,0,0,0
#9PUL8PPV9,𝓷ℴ𝔁𝔁✯,7,39,0,0,0,0,0,0,0,0,0,0,7,0,0,0,0,0,0,0
#PPCGQ22C,kawaii 🎀,7,39,0,0,0,0,0,0,0,0,0,0,0,7,0,0,0,0,0,0
#QYPCL8P0C,Horizon❦,7,40,0,0,0,0,0,0,0,7,0,0,0,0,0,0,0,0,0,0
#8Q02RVCYR,⛩️ 4L Wikii,7,40,0,0,0,0,0,0,0,0,7,0,0,0,0,0,0,0,0,0
#2LC90LRCRC,krolikk🇺🇦,7,40,0,0,0,0,0,0,0,0,0,0,0,0,0,7,0,0,0,0
#90PG0UL0,1707lade,7,40,0,0,0,0,0,0,0,0,0,0,0,0,0,0,0,0,7,0
#9CLCQCR9Y,JaronGgWp🧧,7,40,0,0,0,0,0,0,0,0,0,0,0,0,0,0,0,0,0,7
#9RYLPYVPL,えりぃ,7,41,0,0,0,0,0,0,0,7,0,0,0,0,0,0,0,0,0,0
#VYGUP9Q0,Ianbabo,7,41,0,0,0,0,0,0,0,0,0,7,0,0,0,0,0,0,0,0
#LCJ8PCU08,CqstSokuu.🕷️,7,41,0,0,0,0,0,0,0,0,0,0,0,0,7,0,0,0,0,0
#29JYUJPCC,heart of glass,7,41,0,0,0,0,0,0,0,0,0,0,0,0,0,7,0,0,0,0
#22VU8R2R2,夜Isaias,7,41,0,0,0,0,0,0,0,0,0,0,0,0,0,0,7,0,0,0
#QJLR0YQR,Monty,7,41,0,0,0,0,0,0,0,0,0,0,0,0,0,0,0,0,7,0
#29L2JQPGL,Ragnar被,7,41,0,0,0,0,0,0,0,0,0,0,0,0,0,0,0,0,0,7
#Y989VP,🌴Exiotic-Tizi,7,42,0,0,7,0,0,0,0,0,0,0,0,0,0,0,0,0,0,0
#CCY9YQ0,poglogbs,7,42,0,0,0,0,0,0,0,0,0,0,0,7,0,0,0,0,0,0
#9LYCJJ90G,🇵🇸,7,42,0,0,0,0,0,0,0,0,0,0,0,0,0,0,0,0,0,7
#JRJQ2R0QG,Spec,7,43,0,0,0,0,0,0,0,0,0,0,0,0,0,7,0,0,0,0
#90C8V2V0P,바지락 칼국수,7,44,0,0,0,0,0,0,0,0,0,0,7,0,0,0,0,0,0,0
#LLL92LPGV,Mandy's Wife,7,44,0,0,0,0,0,0,0,0,0,0,0,0,0,0,7,0,0,0
#2L0RR8VP0,Seha Shelby,7,45,0,0,7,0,0,0,0,0,0,0,0,0,0,0,0,0,0,0
#892QC9PP2,Mr_Ugo,7,45,0,0,0,7,0,0,0,0,0,0,0,0,0,0,0,0,0,0
#LU9CCPVJ,egokidd,7,45,0,0,0,0,0,7,0,0,0,0,0,0,0,0,0,0,0,0
#8R8JRLQQ,I see…,7,45,0,0,0,0,0,0,0,0,0,0,0,7,0,0,0,0,0,0
#LRPV2YGLJ,︎ ︎ ︎ ︎ ︎ ︎ ︎ ︎,7,45,0,0,0,0,0,0,0,0,0,0,0,0,7,0,0,0,0,0
#9PUYPGC9V,Keanu,7,45,0,0,0,0,0,0,0,0,0,0,0,0,0,0,0,0,7,0
#2UV0YRCL8Q,IS|Insomniacc,7,45,0,0,0,0,0,0,0,0,0,0,0,0,0,0,0,0,0,7
#2VCUVVJR,Shaner,7,46,7,0,0,0,0,0,0,0,0,0,0,0,0,0,0,0,0,0
#RQGQ8292,Golden,7,46,0,0,0,0,7,0,0,0,0,0,0,0,0,0,0,0,0,0
#29QY8YVVG,Boudina👸🏼,7,46,0,0,0,0,0,0,0,0,7,0,0,0,0,0,0,0,0,0
#2PL8YG89R,Sky|Finni,7,46,0,0,0,0,0,0,0,0,0,0,7,0,0,0,0,0,0,0
#PYCULGP88,LLC|Ivan,7,46,0,0,0,0,0,0,0,0,0,0,0,7,0,0,0,0,0,0
#2LYYVR02JR,"Terry,",7,46,0,0,0,0,0,0,0,0,0,0,0,0,7,0,0,0,0,0
#CUJJLQ9,Danizヤ,7,46,0,0,0,0,0,0,0,0,0,0,0,0,0,0,7,0,0,0
#PCU8J8890,HK,7,46,0,0,0,0,0,0,0,0,0,0,0,0,0,0,0,0,7,0
#9JVJVQ09L,Jon Snow🧊,7,47,0,0,0,7,0,0,0,0,0,0,0,0,0,0,0,0,0,0
#P9YPY9U8J,^•^,7,47,0,0,0,0,0,0,0,0,0,0,0,7,0,0,0,0,0,0
#8PVVQ8PGG,Juli ᴷⁱˡˡᵧₒᵤツ,7,47,0,0,0,0,0,0,0,0,0,0,0,0,0,0,7,0,0,0
#80Y0VQJPV,GLB|Riyad092,7,47,0,0,0,0,0,0,0,0,0,0,0,0,0,0,0,0,0,7
#9Q02JQ00R,Chic |MH,7,48,7,0,0,0,0,0,0,0,0,0,0,0,0,0,0,0,0,0
#YGU20CRG,dashewill🎀,7,48,0,0,0,7,0,0,0,0,0,0,0,0,0,0,0,0,0,0
#Y89GJGY2V,NA guesti,7,48,0,0,0,0,7,0,0,0,0,0,0,0,0,0,0,0,0,0
#80CQ98UQL,Ater,7,48,0,0,0,0,0,0,0,0,0,0,0,0,7,0,0,0,0,0
#Y0PJJP20Y,Esqweek,7,48,0,0,0,0,0,0,0,0,0,0,0,0,0,0,7,0,0,0
#9V8989C2,하연,7,48,0,0,0,0,0,0,0,0,0,0,0,0,0,0,0,7,0,0
#P9VPQ2VU8,𑣲Smokie,7,49,0,0,7,0,0,0,0,0,0,0,0,0,0,0,0,0,0,0
#GLJ9GGUU,GigaChad,7,49,0,0,0,7,0,0,0,0,0,0,0,0,0,0,0,0,0,0
#9V8JQCGY,FXD | oSabotage,7,49,0,0,0,0,0,0,7,0,0,0,0,0,0,0,0,0,0,0
#8UPLUL0V0,SunrisePrime.,7,49,0,0,0,0,0,0,0,7,0,0,0,0,0,0,0,0,0,0
#9YQ28J0V,Nxzo乂,7,49,0,0,0,0,0,0,0,0,0,0,0,7,0,0,0,0,0,0
#LQ8L90GR2,뇨 미,7,49,0,0,0,0,0,0,0,0,0,0,0,0,0,7,0,0,0,0
#RP2VRVQ9P,never enough.,7,49,0,0,0,0,0,0,0,0,0,0,0,0,0,0,7,0,0,0
#2P9PJC0PL,あの頃のゆうき,7,49,0,0,0,0,0,0,0,0,0,0,0,0,0,0,0,7,0,0
#2YCYQLGJV,lamario👻,7,49,0,0,0,0,0,0,0,0,0,0,0,0,0,0,0,0,7,0
#L9PQUV0YC,OS|BrabaoBs,7,50,7,0,0,0,0,0,0,0,0,0,0,0,0,0,0,0,0,0
#PLPCJYU2P,PROらーめん,7,50,0,0,0,0,0,0,0,7,0,0,0,0,0,0,0,0,0,0
#P8YLP20RU,Mikaa.🇿🇼,7,50,0,0,0,0,0,0,0,0,0,0,0,0,7,0,0,0,0,0
#2C2CU9CP9P,Eness🩵,7,50,0,0,0,0,0,0,0,0,0,0,0,0,0,0,7,0,0,0
#P20JL0PYJ,wyrtexマ.,7,50,0,0,0,0,0,0,0,0,0,0,0,0,0,0,0,7,0,0
#80JP280RU,VIP,7,50,0,0,0,0,0,0,0,0,0,0,0,0,0,0,0,0,0,7
#9RVUUYRJ2,Marko,7,53,0,0,4,0,1,1,0,1,0,0,0,0,0,0,0,0,0,0
#G000LG9UY,I see,7,56,0,0,1,0,1,0,0,0,0,0,0,0,0,0,0,4,1,0
#20928GQ92,Fubuki 武,7,59,0,0,1,1,0,0,0,0,0,0,0,0,4,0,0,1,0,0
#2JYRU9QVUP,flover,7,63,0,0,0,1,0,0,0,0,0,0,0,0,0,1,0,1,4,0
#PJPL0QY9,smk hazzense!,7,64,0,0,1,0,0,0,0,1,0,0,4,0,0,0,0,1,0,0
#2098JPLR2,Kang Haerin₊˚⊹♡,7,70,0,0,0,0,0,0,0,1,4,0,1,0,0,0,0,1,0,0
#9GV88C98,tonno,7,70,0,0,0,0,0,0,0,0,0,0,0,0,0,1,4,1,1,0
#2CURULQ9J,Waffles,7,74,0,0,1,1,0,0,0,0,0,4,0,0,0,0,0,0,1,0
#QPPGPVP,Freddy Fazbear,7,79,0,0,0,0,0,1,0,4,0,0,0,0,0,0,1,0,0,1
#2LGPPQQJGJ,じゅげのすけ,7,81,0,0,0,0,0,0,0,0,0,0,4,0,1,0,0,1,1,0
#2VCR2GV,SLC|Asjioo,7,89,4,0,0,0,0,0,0,1,0,0,0,0,0,1,0,1,0,0
#U02LVUQ,RuLe,7,92,0,0,0,0,4,0,0,0,0,0,0,0,0,1,0,1,1,0
#9YVCP2J9,ㅤㅤㅤ,7,96,0,0,0,0,0,0,0,0,0,1,0,1,4,1,0,0,0,0
#V888YPGU,TLF | Mine,7,99,1,0,4,0,0,0,1,1,0,0,0,0,0,0,0,0,0,0
#29G20RYLV,PAL PIZO XD,6,51,0,0,0,0,0,0,0,0,0,0,0,0,0,0,1,1,0,4
#G8PP8RCR9,Training,6,53,0,0,0,0,1,0,0,0,0,0,0,0,0,0,4,1,0,0
#2UYCGJ8L2V,criasama🦧,6,53,0,0,0,0,0,0,0,0,0,0,0,0,0,4,0,0,1,1
#2G9LL90GG,K13 | Arka〽️,6,55,0,0,0,0,0,0,0,0,4,0,1,0,0,0,1,0,0,0
#2GYC08JC80,Skibidi Zevii,6,57,0,0,0,0,0,0,0,0,0,0,1,0,0,0,1,0,4,0
#CJ9YRGGC,HK|Natrix,6,58,0,0,0,1,1,0,0,0,0,0,0,0,0,0,0,0,4,0
#2R8GYVYRR,VNM|KK_天,6,60,0,0,0,0,1,0,0,0,0,1,4,0,0,0,0,0,0,0
#L0YYL0V2V,蹭蹭大魔王😈,6,60,0,0,0,0,0,0,4,0,0,0,0,0,1,1,0,0,0,0
#9YLVLVR22,Lolo14爱,6,62,0,0,0,0,0,0,0,0,0,0,1,0,1,0,4,0,0,0
#9Y98Y9ULU,Confide,6,62,0,0,0,0,0,0,0,0,0,0,0,0,0,1,1,0,4,0
#GUUJ2PRGP,ElhanKan,6,63,0,0,0,0,0,1,4,1,0,0,0,0,0,0,0,0,0,0
#8L02Y80Q9,Gxbr ⚚,6,64,0,0,0,0,4,0,0,0,0,0,0,0,0,1,0,1,0,0
#QUVQUR9G,Sam@el,6,66,0,0,4,0,0,1,0,0,0,0,0,0,0,0,0,0,1,0
#PP88RGCY,Haerin⋆˙⟡,6,67,0,0,0,0,4,0,0,1,0,0,1,0,0,0,0,0,0,0
#PPLYGQC,!BeatBot,6,71,0,0,0,0,0,0,0,0,0,0,0,0,0,0,1,0,4,1
#9QLGPQPV9,ぱむぱむぷりん🍮,6,72,0,0,0,0,4,0,0,1,0,0,1,0,0,0,0,0,0,0
#9GG0PQ89V,まっくろくろすけ,6,75,0,0,0,0,0,0,0,1,1,0,0,0,0,0,4,0,0,0
#90CUVVL2R,SxS|Biso🍥,6,75,0,0,0,0,0,0,0,0,4,1,0,0,0,0,0,0,1,0
#8CYJ8QGR,Moding,6,77,0,0,1,0,0,0,0,0,0,0,0,0,0,0,0,0,4,1
#PQ9PLUYR2,AshleyGraves⊹₊✦,6,80,0,0,0,0,0,0,0,0,0,0,1,0,0,1,0,4,0,0
#2VV02GQ2C,Primey,6,81,1,0,0,0,1,4,0,0,0,0,0,0,0,0,0,0,0,0
#2QLC2PJ29Q,Mai,6,84,0,0,0,0,4,0,0,0,0,0,0,0,0,0,0,1,1,0
#Y0UU08028,Absolotl Cinema,6,86,0,0,1,1,0,0,0,0,0,0,0,4,0,0,0,0,0,0
#2PLY88L00,Tw:xGoldKenzoTV,6,86,0,0,0,0,0,0,0,0,4,0,0,0,0,0,1,1,0,0
#29V22GC8C,Flayme,6,87,0,0,0,0,0,4,0,0,0,0,1,0,0,0,0,1,0,0
#YL0CLQUY,The Final Boss,6,88,0,0,0,0,1,4,0,0,0,0,0,0,0,0,0,0,1,0
#LG8PCJG8,FNRS|Tex,6,90,0,0,0,4,1,0,0,0,0,0,1,0,0,0,0,0,0,0
#2C0LGR2RU,shazyr🇦🇱,6,92,0,0,4,0,0,1,0,1,0,0,0,0,0,0,0,0,0,0
#GLR22LY8,Asanagi Umi 💙,6,96,0,0,0,0,0,0,0,0,1,0,0,0,0,0,1,4,0,0
#2Q8JQC9V0,Coldrink冷饮,6,97,0,0,1,1,0,0,0,0,0,0,4,0,0,0,0,0,0,0
#8JP280V2Y,@reu0k@y,6,97,0,0,0,0,0,0,0,1,0,4,0,0,1,0,0,0,0,0
#P9CR9UVC,Storm✰,6,100,0,0,0,0,1,4,1,0,0,0,0,0,0,0,0,0,0,0
#Q000VYV,Popix𑁤.ᐟ 🐹,6,100,0,0,0,0,1,0,0,4,1,0,0,0,0,0,0,0,0,0
#28Q09UC89,あしうらきつね,6,123,1,0,0,0,0,0,0,0,0,0,1,0,0,1,1,1,1,0
#9QPJ8GLLQ,Elagence ᛪ༙,6,129,0,0,0,0,1,1,1,1,0,1,1,0,0,0,0,0,0,0
#2JUUJQCGQ,Cry💔🕊️,6,216,0,0,0,0,1,0,0,0,0,0,1,0,1,1,1,1,0,0
#8QLPYPVQY,SPC│LoczeQ 🐉,5,51,0,0,0,0,0,4,0,0,0,1,0,0,0,0,0,0,0,0
#90V9VYJ8C,KoronaC,5,52,4,0,0,0,0,0,0,0,0,0,0,0,0,0,0,0,1,0
#LCLQYPJ2Q,Maths.,5,52,0,0,0,0,0,0,0,0,0,0,0,0,0,1,4,0,0,0
#LR9G90PJR,Jorge🐼,5,52,0,0,0,0,0,0,0,0,0,0,0,0,0,0,0,1,4,0
#YQP00JPPV,✤DiegogamerCR🧃,5,53,4,0,0,0,0,0,0,0,0,0,0,0,0,0,0,0,1,0
#RCLUY9LGY,Dab🩵,5,53,0,0,0,4,1,0,0,0,0,0,0,0,0,0,0,0,0,0
#2CL0UYJR9C,AetherX,5,53,0,0,0,0,0,0,0,0,0,0,0,0,4,1,0,0,0,0
#YPJUJ28L,Margot Robbie,5,54,0,0,0,0,0,0,0,0,0,0,0,0,0,0,0,1,4,0
#URV8JPY,ormy🤍,5,55,0,0,0,4,1,0,0,0,0,0,0,0,0,0,0,0,0,0
#2G9P0CGVG,Kitty Lin315🐾,5,55,0,0,0,0,0,0,0,0,0,0,0,0,4,0,1,0,0,0
#YVU029U8Y,しげみょん@卓球部主将,5,56,0,0,0,0,0,0,0,0,0,0,4,0,0,1,0,0,0,0
#9R0JUJ8YQ,Nezuko Kamado,5,57,0,0,0,0,0,0,0,0,0,0,0,0,0,0,4,0,1,0
#2GV9Q2V29,MAMO|LiNeR,5,58,0,0,0,0,4,0,0,0,0,0,0,0,0,1,0,0,0,0
#QV9JLGLYG,Sherow,5,58,0,0,0,0,0,0,4,0,0,0,1,0,0,0,0,0,0,0
#2GLJQ2GGG,Te amo Yani 💘,5,59,0,0,0,0,0,0,0,0,0,0,1,0,0,4,0,0,0,0
#8LGLCU0C,Lucazz🪼,5,60,0,0,0,4,0,0,0,0,0,0,0,0,1,0,0,0,0,0
#CCY28CR9,YT : MONO BS 🦅,5,60,0,0,0,0,1,4,0,0,0,0,0,0,0,0,0,0,0,0
#PUPYJ0P,아이돌연습생출신조상병,5,61,0,0,0,0,0,0,0,0,0,1,4,0,0,0,0,0,0,0
#GRUUVQJR8,❧stephany,5,62,4,0,0,0,0,0,0,1,0,0,0,0,0,0,0,0,0,0
#9U20VQ8QP,Déu,5,62,0,0,0,4,0,0,0,0,0,0,0,0,0,0,0,0,0,1
#9LCP08UPY,Yuzsuz Alara,5,64,0,0,0,0,0,0,0,4,0,0,0,0,0,1,0,0,0,0
#8CJR9899C,Kinger ♡,5,64,0,0,0,0,0,0,0,0,0,0,0,0,4,1,0,0,0,0
#PR2ULJRL8,SML|Miki🩵,5,64,0,0,0,0,0,0,0,0,0,0,0,0,0,0,0,4,1,0
#VQ8YP9C0,smk myst!,5,65,0,0,0,0,0,0,0,1,0,0,4,0,0,0,0,0,0,0
#9U0R9UJV8,ZenO🌺,5,65,0,0,0,0,0,0,0,0,0,0,0,0,0,0,4,0,1,0
#8JU922PJ8,666,5,66,0,0,0,0,0,0,0,0,0,0,0,0,1,0,4,0,0,0
#G99CYGL,Zaiko☕️,5,66,0,0,0,4,0,0,0,0,0,0,0,0,0,0,0,0,1,0
#2CYUCRCPC,Azy☾·̩͙,5,68,0,0,4,0,0,0,0,1,0,0,0,0,0,0,0,0,0,0
#YGQYGCR,BH|Portox,5,68,0,0,0,0,0,0,0,0,0,0,1,0,0,4,0,0,0,0
#2Q2JRCJU28,YT|Dannyyybs,5,68,0,0,0,0,0,0,0,0,0,0,0,4,0,0,0,0,0,1
#GVVGR980,TikTok : ZeniXx,5,69,0,0,0,0,0,1,0,0,0,0,0,4,0,0,0,0,0,0
#GRY2P8P,𝟘p͛t | 𝕁yon⚔️,5,70,0,0,0,0,0,4,0,1,0,0,0,0,0,0,0,0,0,0
#2VYRR888LV,Thπ53,5,70,0,0,0,0,0,0,0,0,0,0,0,0,0,0,0,0,1,4
#U9GC8G02,TRB|R B M,5,72,4,0,0,0,0,0,0,0,0,0,0,0,0,0,0,0,1,0
#9GPQR8CGL,GN,5,73,1,0,0,0,0,0,0,0,0,0,4,0,0,0,0,0,0,0
#2UC0PURR8,𝐁eelzebub,5,74,0,0,0,0,0,1,4,0,0,0,0,0,0,0,0,0,0,0
#G8PPRY0QC,Mxo❤️Makima,5,76,0,0,0,0,4,0,0,0,0,0,0,0,1,0,0,0,0,0
#2RQLQJGULV,Roxy Migrudia,5,76,0,0,0,0,0,0,0,0,0,0,0,0,4,0,0,1,0,0
#JL0Q2Q0P,Brawler,5,77,0,0,1,4,0,0,0,0,0,0,0,0,0,0,0,0,0,0
#P2LY9LG2Q,Pantallazo60,5,77,0,0,0,0,0,0,4,1,0,0,0,0,0,0,0,0,0,0
#GGLUJGJ0J,506埃德加三三战神,5,77,0,0,0,0,0,0,0,4,0,0,1,0,0,0,0,0,0,0
#GYLUQJ2Q,Momoha,5,77,0,0,0,0,0,0,0,0,0,0,0,0,0,1,0,0,0,4
#2JCYVRPCP,BC*|Lyght,5,78,0,0,0,1,0,0,0,0,0,0,0,0,0,0,0,4,0,0
#9UY2UPYQC,たけぺろ,5,78,0,0,0,0,0,0,0,0,0,0,1,0,0,4,0,0,0,0
#PRVR08298,chillie44,5,78,0,0,0,0,0,0,0,0,0,0,1,0,0,0,0,0,0,4
#PR0PYC20C,ShowMaker,5,79,0,0,0,0,0,0,4,1,0,0,0,0,0,0,0,0,0,0
#2QGGP8G0CR,Glojen,5,79,0,0,0,0,0,0,0,0,0,0,0,4,0,1,0,0,0,0
#L08Q9J09,셰리,5,81,0,0,4,0,0,1,0,0,0,0,0,0,0,0,0,0,0,0
#PJQYJJU,FNRS|Hazzah,5,81,0,0,0,0,0,0,0,0,0,4,0,0,1,0,0,0,0,0
#8P89PVRQC,ygoo313🫪,5,81,0,0,0,0,0,0,0,0,0,0,0,0,0,0,0,0,4,1
#LYRQRRYPV,@Isee_bs,5,81,0,0,0,0,1,0,0,0,0,0,0,0,0,0,0,0,0,4
#P2V8U0QG9,ZX|MINGKY,5,82,0,0,0,0,0,0,0,0,0,0,0,0,0,0,4,0,1,0
#8CRQ99LPJ,forgottenn💘,5,84,0,0,0,0,0,0,0,0,0,0,4,0,0,1,0,0,0,0
#9LG0YGCRJ,Terry.,5,85,0,0,0,0,0,1,0,0,0,0,0,0,4,0,0,0,0,0
#2UUYVLP8C2,KICK•oicwap🦄,5,85,0,0,0,0,0,0,0,0,0,0,0,0,0,0,1,4,0,0
#98UPCYYQQ,Mythique,5,86,1,0,0,0,4,0,0,0,0,0,0,0,0,0,0,0,0,0
#2YU9VU8CLQ,Keytho,5,86,0,0,0,0,0,0,0,0,0,0,0,0,0,0,4,1,0,0
#2UQCV2R282,BLS|Sherow,5,87,0,0,0,0,0,0,0,0,0,0,1,0,4,0,0,0,0,0
#29RVCY82L,Kemo Light,5,88,0,0,4,0,1,0,0,0,0,0,0,0,0,0,0,0,0,0
#2LJ92022P,@blazeeebs,5,88,0,0,0,0,0,0,0,0,0,0,1,4,0,0,0,0,0,0
#2U9JP8V2LG,cyclxne7,5,88,0,0,0,0,0,0,0,0,0,0,0,0,0,0,4,1,0,0
#YPL2QQG82,Elias!?,5,90,0,0,0,0,0,0,0,0,0,0,0,0,0,0,0,0,1,4
#2C20JJRGJJ,CuteBearCat,5,91,0,0,0,0,0,0,0,0,0,0,0,0,0,0,0,4,1,0
#2VV0989Q,i hate russia,5,91,0,0,0,0,0,0,0,0,0,0,0,0,0,0,0,0,4,1
#8UGY2RP0G,Eyal Golan💕,5,92,0,0,0,4,0,0,0,0,0,0,0,0,1,0,0,0,0,0
#LVRRYPV,KDS|bobby,5,93,1,0,4,0,0,0,0,0,0,0,0,0,0,0,0,0,0,0
#8QRRCGV0J,RvE|Amber🔥,5,93,0,0,0,0,0,0,0,0,0,0,0,0,0,0,1,0,4,0
#8CLPV29V9,babykyric,5,93,0,0,0,0,4,0,0,0,0,0,0,0,0,0,0,0,0,1
#Y0JY2GCP,Roufio.愛❤️,5,93,0,0,0,0,0,0,0,0,0,0,1,0,0,0,0,0,0,4
#LPJQQGJJ0,Rensiehhh,5,94,0,0,0,0,1,0,4,0,0,0,0,0,0,0,0,0,0,0
#GQJ89G88,ひなた,5,94,0,0,0,0,0,0,0,0,0,4,1,0,0,0,0,0,0,0
#8GJVCCVJU,гирик87,5,94,0,0,0,0,0,0,0,0,0,0,0,0,0,0,0,4,1,0
#CLU9YPU0,iBuyAll,5,94,0,0,0,0,4,0,0,0,0,0,0,0,0,0,0,0,0,1
#2URUUGVJRY,YichyGangsta 🐸,5,95,0,0,0,0,0,0,0,0,0,0,0,0,0,1,0,4,0,0
#280VYJV98,Kyoru💫,5,96,0,0,4,0,0,0,0,0,0,0,0,0,0,1,0,0,0,0
#890J9RRP2,Adán🧸,5,96,0,0,0,0,1,0,0,0,0,0,4,0,0,0,0,0,0,0
#2GRUJ899PU,ARIUS|Yeachai,5,96,0,0,0,0,0,0,0,0,0,0,0,0,0,0,0,1,4,0
#VPVLG2,HML|Tyrant,5,96,4,0,0,0,0,0,0,0,0,0,0,0,0,0,0,0,0,1
#8RUYJ8R9C,RZN|Pachooo,5,98,0,0,0,0,1,0,0,0,0,0,0,0,4,0,0,0,0,0
#2RLUVRU0R,7L|FaZe🏌🏻,5,98,0,0,0,0,0,0,0,0,0,0,4,0,0,1,0,0,0,0
#QR90UY9L,❄️Akaza❄️,5,99,4,0,0,0,0,0,0,0,0,0,1,0,0,0,0,0,0,0
#P2PU20Y88,𝙵𝚊𝚝𝚎爱,5,99,0,0,0,4,1,0,0,0,0,0,0,0,0,0,0,0,0,0
#9JJUQUYJ,Foss,5,100,0,0,0,0,0,0,0,0,0,0,0,0,0,0,4,0,0,1
#28PLCUPG8,로혈홋해대,5,101,0,0,0,0,1,0,0,0,0,0,1,1,1,0,0,1,0,0
#PJGGJ9RU,Texas,5,103,0,0,1,0,1,0,0,1,0,1,0,0,0,0,0,0,1,0
#Y8L2YU88V,宇｜Erics 💫,5,110,0,0,1,1,0,1,0,0,0,0,1,0,0,1,0,0,0,0
#JQ8L0YYL,RED|CAUEBR,5,114,0,0,1,0,0,0,0,0,0,1,1,0,0,0,1,1,0,0
#YGVY0U8YP,¡Angel𝄢🌼,5,118,0,0,1,1,1,0,0,1,0,0,1,0,0,0,0,0,0,0
#YYQJR8RP,Jon Snow❄️,5,130,0,0,0,1,1,0,0,0,0,1,1,0,0,0,1,0,0,0
#8280Y2Y92,Melty,5,144,1,0,1,1,1,0,0,0,0,0,0,0,0,1,0,0,0,0
#8LYC2VCYV,mikefv!,5,154,0,0,0,0,0,0,0,0,0,0,1,0,1,1,1,1,0,0
#9U899GY88,RZN|I♥️Isa❦,5,156,0,0,0,0,0,0,0,1,0,0,1,0,0,0,1,0,1,1
#80VLPJCCC,TiloTriz,5,162,0,0,1,1,1,0,0,0,0,0,0,0,0,1,1,0,0,0
#PVPL28Y0Y,AA,5,223,0,0,0,0,0,0,0,0,0,0,1,0,0,0,1,1,1,1
#29PQGUJC2,Yuno Gasai,4,51,0,0,4,0,0,0,0,0,0,0,0,0,0,0,0,0,0,0
#P0YPRLVQC,vi/Deal with it,4,51,0,0,0,0,4,0,0,0,0,0,0,0,0,0,0,0,0,0
#GQCJV0P8C,Рыбка ArthuR,4,51,0,0,0,0,0,0,0,4,0,0,0,0,0,0,0,0,0,0
#9GPRUCQ9,Драгош!?,4,51,0,0,0,0,0,0,0,0,4,0,0,0,0,0,0,0,0,0
#2CYCGVL9Q,CM|Hund,4,51,0,0,0,0,0,0,0,0,0,4,0,0,0,0,0,0,0,0
#PG2QCQGY,Cazal🏴‍☠️,4,51,0,0,0,0,0,0,0,0,0,0,0,4,0,0,0,0,0,0
#2U8L92PY8,YT：Linglin_b s,4,51,0,0,0,0,0,0,0,0,0,0,0,0,4,0,0,0,0,0
#2U9QRLP9V,Rage X Raina,4,51,0,0,0,0,0,0,0,0,0,0,0,0,0,4,0,0,0,0
#2CGC8L9V0R,魔王ピーエス,4,51,0,0,0,0,0,0,0,0,0,0,0,0,0,0,4,0,0,0
#2CCG028RC,GogySins 🏆,4,52,0,0,4,0,0,0,0,0,0,0,0,0,0,0,0,0,0,0
#C9YC82JQ,NAVI|Nesa,4,52,0,0,0,0,0,0,0,0,4,0,0,0,0,0,0,0,0,0
#RGYLCCQJ,雪峰映照霞光里,4,52,0,0,0,0,0,0,0,0,0,0,4,0,0,0,0,0,0,0
#GLUU8YUUU,Plug,4,52,0,0,0,0,0,0,0,0,0,0,0,4,0,0,0,0,0,0
#2RJR0QR292,FUT|Squix,4,52,0,0,0,0,0,0,0,0,0,0,0,0,4,0,0,0,0,0
#2QP2QY9L8,claimed beyza🩷,4,52,0,0,0,0,0,0,0,0,0,0,0,0,0,4,0,0,0,0
#PGRV8G9PP,無敵Fast Dragon🐙,4,52,0,0,0,0,0,0,0,0,0,0,0,0,0,0,0,0,0,4
#PYQPCQ9Y,DarBoba🇪🇪,4,53,0,0,0,0,4,0,0,0,0,0,0,0,0,0,0,0,0,0
#9RQJGQQ8P,Mano💞aptii ♡,4,53,0,0,0,0,0,0,4,0,0,0,0,0,0,0,0,0,0,0
#2RJYJPG0C,Milky|Satoo💘,4,53,0,0,0,0,0,0,0,0,4,0,0,0,0,0,0,0,0,0
#YCUV2CL2,INS|Wahochi,4,53,0,0,0,0,0,0,0,0,0,0,4,0,0,0,0,0,0,0
#2YUVPG08R,Alya kujou,4,53,0,0,0,0,0,0,0,0,0,0,0,0,0,0,0,0,0,4
#8UCJP2Y,色白片耳ピアスマッシュ,4,54,0,0,0,0,4,0,0,0,0,0,0,0,0,0,0,0,0,0
#QCLULGQL,ØP|Êłiǎď🥀|,4,54,0,0,0,0,0,4,0,0,0,0,0,0,0,0,0,0,0,0
#Q9GCVYVJU,Inazuma|Nosaka⚡,4,54,0,0,0,0,0,0,0,0,0,4,0,0,0,0,0,0,0,0
#9LC2PRGRU,Gorrion🫯,4,54,0,0,0,0,0,0,0,0,0,0,0,4,0,0,0,0,0,0
#GC0QYP0YP,Kuxzyy✞,4,54,0,0,0,0,0,0,0,0,0,0,0,0,0,4,0,0,0,0
#8RV89UCY0,føid slayer333.,4,54,0,0,0,0,0,0,0,0,0,0,0,0,0,0,0,4,0,0
#8QYGVYQR2,LouieSZ,4,54,0,0,0,0,0,0,0,0,0,0,0,0,0,0,0,0,0,4
#902QCGP8G,tokkiee⋆*｡❀*,4,55,4,0,0,0,0,0,0,0,0,0,0,0,0,0,0,0,0,0
#VGVYUP8Y,𑣲ethann✰,4,55,0,0,0,0,0,4,0,0,0,0,0,0,0,0,0,0,0,0
#U9V0GP2V,Fixuuuuuu,4,55,0,0,0,0,0,0,0,0,0,0,4,0,0,0,0,0,0,0
#2Q9PCU99V2,Waitxel!,4,55,0,0,0,0,0,0,0,0,0,0,0,4,0,0,0,0,0,0
#Y9CYLQCJ8,Takoyaki,4,55,0,0,0,0,0,0,0,0,0,0,0,0,0,0,0,4,0,0
#YPR9R8YL0,YAIⓂ️MA_心臓のために❕,4,55,0,0,0,0,0,0,0,0,0,0,0,0,0,0,0,0,4,0
#2Q88L2JJV,Hipothy,4,56,4,0,0,0,0,0,0,0,0,0,0,0,0,0,0,0,0,0
#GLQ9YPVJ0,Hunter🦇,4,56,0,0,4,0,0,0,0,0,0,0,0,0,0,0,0,0,0,0
#G2R2GQY2V,覚醒日ノ神,4,56,0,0,0,0,0,0,4,0,0,0,0,0,0,0,0,0,0,0
#LG2L2GVVV,Ou Souta🏆,4,56,0,0,0,0,0,0,0,0,0,0,0,4,0,0,0,0,0,0
#RYLRJ2RP,iDarkk,4,56,0,0,0,0,0,0,0,0,0,0,0,0,4,0,0,0,0,0
#2JQJQC099,zeenxeeq,4,56,0,0,0,0,0,0,0,0,0,0,0,0,0,4,0,0,0,0
#2R0CVYVLCU,snz,4,56,0,0,0,0,0,0,0,0,0,0,0,0,0,0,0,0,0,4
#V2L28VJ2,狼|𝐂𝐡𝐫𝐢𝐬 ⦮⦯,4,57,0,0,0,0,0,0,0,0,0,0,0,4,0,0,0,0,0,0
#9RPUQ0Q9J,zeenxeeq,4,57,0,0,0,0,0,0,0,0,0,0,0,0,0,4,0,0,0,0
#8PU88L9RJ,OGC|Twixeys💦,4,57,0,0,0,0,0,0,0,0,0,0,0,0,0,0,0,4,0,0
#GQ8P2LP2Y,secondbest💔,4,58,0,0,0,4,0,0,0,0,0,0,0,0,0,0,0,0,0,0
#Q0VVLRPJ9,善と悪は紙一重だ♟️,4,58,0,0,0,0,0,4,0,0,0,0,0,0,0,0,0,0,0,0
#2C8QCVRGY8,Lyrox.rtm08,4,58,0,0,0,0,0,0,0,0,4,0,0,0,0,0,0,0,0,0
#9VVG2J8,lunatic,4,58,0,0,0,0,0,0,0,0,0,0,0,0,4,0,0,0,0,0
#89UUQLJCC,FZ|Toridesu,4,58,0,0,0,0,0,0,0,0,0,0,0,0,0,4,0,0,0,0
#8J89YVVLR,trinity,4,58,0,0,0,0,0,0,0,0,0,0,0,0,0,0,4,0,0,0
#YYR90JJU,lybmas,4,58,0,0,0,0,0,0,0,0,0,0,0,0,0,0,0,4,0,0
#90QQL892L,BaW|LimiK鞥,4,59,4,0,0,0,0,0,0,0,0,0,0,0,0,0,0,0,0,0
#LUYQULQP8,worst kenji na,4,59,0,0,4,0,0,0,0,0,0,0,0,0,0,0,0,0,0,0
#2L2UJ9RYLP,swag голубь!,4,59,0,0,0,0,0,0,0,0,4,0,0,0,0,0,0,0,0,0
#2U8QR0UUU8,pzzz!,4,59,0,0,0,0,0,0,0,0,0,4,0,0,0,0,0,0,0,0
#GU9VUJCRC,お人形ちゃん🐰,4,59,0,0,0,0,0,0,0,0,0,0,0,4,0,0,0,0,0,0
#98PC0ULPC,Sneeeke,4,59,0,0,0,0,0,0,0,0,0,0,0,0,0,0,0,0,4,0
#8R2V0P0,Lukie 🦝,4,60,4,0,0,0,0,0,0,0,0,0,0,0,0,0,0,0,0,0
#8GVG8GR08,くりすたる,4,60,0,0,0,0,4,0,0,0,0,0,0,0,0,0,0,0,0,0
#PPYQ0PCQ9,Sヴァイ訓練兵,4,60,0,0,0,0,0,0,0,4,0,0,0,0,0,0,0,0,0,0
#990YGYCUU,olise,4,60,0,0,0,0,0,0,0,0,0,0,0,4,0,0,0,0,0,0
#L9R8RGLUY,I ❤️ goth girls,4,60,0,0,0,0,0,0,0,0,0,0,0,0,4,0,0,0,0,0
#99PPVQJRL,good night eeps,4,60,0,0,0,0,0,0,0,0,0,0,0,0,0,0,4,0,0,0
#2RR0UVPYJR,Ethan ✘,4,60,0,0,0,0,0,0,0,0,0,0,0,0,0,0,0,0,0,4
#RQ0QL,Super Romeyy,4,61,4,0,0,0,0,0,0,0,0,0,0,0,0,0,0,0,0,0
#JL2PCGLPV,Rown,4,61,0,0,0,0,0,0,0,4,0,0,0,0,0,0,0,0,0,0
#82YCUYG98,Mauam,4,61,0,0,0,0,0,0,0,0,4,0,0,0,0,0,0,0,0,0
#8VCY2CVR9,𝓛𝓾𝓬𝓲𝓯𝓮𝓻,4,61,0,0,0,0,0,0,0,0,0,0,0,4,0,0,0,0,0,0
#9V2VCCVQC,🐰ᩚりくꨄ,4,61,0,0,0,0,0,0,0,0,0,0,0,0,4,0,0,0,0,0
#JQV9RCRL2,venqx,4,61,0,0,0,0,0,0,0,0,0,0,0,0,0,4,0,0,0,0
#9YPPLYJLU,MT|VALOU,4,61,0,0,0,0,0,0,0,0,0,0,0,0,0,0,4,0,0,0
#2L92L9Y2V,𑣲Rrx77,4,61,0,0,0,0,0,0,0,0,0,0,0,0,0,0,0,0,0,4
#9U9JYQ8U0,Ragebait,4,62,0,0,0,0,4,0,0,0,0,0,0,0,0,0,0,0,0,0
#9YYUPGJ2V,Nerf⁷💯,4,62,0,0,0,0,0,0,0,4,0,0,0,0,0,0,0,0,0,0
#9P2L0G8PR,Rdzᶻ 𝗓,4,62,0,0,0,0,0,0,0,0,4,0,0,0,0,0,0,0,0,0
#G0V8GLP8,도동도,4,62,0,0,0,0,0,0,0,0,0,4,0,0,0,0,0,0,0,0
#RLG0YUV9U,Dope Kraken™🦑,4,62,0,0,0,0,0,0,0,0,0,0,0,4,0,0,0,0,0,0
#2U988PQ8RJ,GLB|LeFISC🚨,4,62,0,0,0,0,0,0,0,0,0,0,0,0,4,0,0,0,0,0
#980L0J9YQ,GN|Liohdi,4,62,0,0,0,0,0,0,0,0,0,0,0,0,0,0,0,4,0,0
#8Y0VGRYL2,NVX|Sheikk,4,62,0,0,0,0,0,0,0,0,0,0,0,0,0,0,0,0,0,4
#LP022002V,Tommy,4,63,0,0,0,4,0,0,0,0,0,0,0,0,0,0,0,0,0,0
#90R9Q2UP,Stardragon,4,63,0,0,0,0,0,0,0,4,0,0,0,0,0,0,0,0,0,0
#28VY9QGYC8,Oku ke kovi,4,63,0,0,0,0,0,0,0,0,0,0,0,4,0,0,0,0,0,0
#2PJJQLR8L,YAPIMARU_YT,4,63,0,0,0,0,0,0,0,0,0,0,0,0,4,0,0,0,0,0
#QQ0QP889L,ごめんなさい,4,63,0,0,0,0,0,0,0,0,0,0,0,0,0,4,0,0,0,0
#2ULRY0PQ9C,Wannes ϟ,4,63,0,0,0,0,0,0,0,0,0,0,0,0,0,0,0,0,0,4
#8G9L08PJG,Mr Cooper,4,64,0,0,4,0,0,0,0,0,0,0,0,0,0,0,0,0,0,0
#GCU0LGPLL,ボット殺し2,4,64,0,0,0,0,0,4,0,0,0,0,0,0,0,0,0,0,0,0
#YP0QR9RY9,seohee,4,64,0,0,0,0,0,0,0,0,0,4,0,0,0,0,0,0,0,0
#V8RYPR2L,こもれび,4,64,0,0,0,0,0,0,0,0,0,0,0,4,0,0,0,0,0,0
#RY8PP92L,Mr,4,64,0,0,0,0,0,0,0,0,0,0,0,0,0,4,0,0,0,0
#2UPCGVGCYR,Beast🥀,4,64,0,0,0,0,0,0,0,0,0,0,0,0,0,0,0,0,4,0
#PUJ8RR8P9,Mysterio,4,64,0,0,0,0,0,0,0,0,0,0,0,0,0,0,0,0,0,4
#9V2LCQPP2,hommestyle,4,65,4,0,0,0,0,0,0,0,0,0,0,0,0,0,0,0,0,0
#Y8CCR0Y0,tenzu🐨,4,65,0,0,0,0,0,0,0,0,4,0,0,0,0,0,0,0,0,0
#8LQGR2U0,Ye,4,65,0,0,0,0,0,0,0,0,0,0,0,4,0,0,0,0,0,0
#2CQ8RC0YV8,𑣲Alluka,4,65,0,0,0,0,0,0,0,0,0,0,0,0,4,0,0,0,0,0
#82RJVYP2C,Diligent,4,65,0,0,0,0,0,0,0,0,0,0,0,0,0,0,0,4,0,0
#2UJCVY2QRR,кубiк67☠️💪,4,65,0,0,0,0,0,0,0,0,0,0,0,0,0,0,0,0,0,4
#8P8RL0G8P,YeetDestroyer,4,66,0,0,0,0,4,0,0,0,0,0,0,0,0,0,0,0,0,0
#8Y90U9UUG,Venom🕷️,4,66,0,0,0,0,0,0,0,4,0,0,0,0,0,0,0,0,0,0
#PC9GR0JCP,Babo🍀,4,66,0,0,0,0,0,0,0,0,4,0,0,0,0,0,0,0,0,0
#PYV02J00L,elexii 2027,4,66,0,0,0,0,0,0,0,0,0,4,0,0,0,0,0,0,0,0
#Y0LG028L8,I❤️pro46,4,66,0,0,0,0,0,0,0,0,0,0,0,0,0,4,0,0,0,0
#2UL2RCYVUU,marino💸,4,66,0,0,0,0,0,0,0,0,0,0,0,0,0,0,0,4,0,0
#2V0G2QYUQ,laSantioneta💫,4,66,0,0,0,0,0,0,0,0,0,0,0,0,0,0,0,0,0,4
#8GULV80RP,wortekz,4,67,0,0,4,0,0,0,0,0,0,0,0,0,0,0,0,0,0,0
#20JCC89GJ,YTclownpiercebs,4,67,0,0,0,4,0,0,0,0,0,0,0,0,0,0,0,0,0,0
#GR2VY808Q,Koharu,4,67,0,0,0,0,0,0,0,4,0,0,0,0,0,0,0,0,0,0
#9Y882G0G9,마음,4,67,0,0,0,0,0,0,0,0,0,4,0,0,0,0,0,0,0,0
#2QQUUPYP8V,禅 | Kilro 🥹,4,67,0,0,0,0,0,0,0,0,0,0,0,4,0,0,0,0,0,0
#29YGYP02P,Alaxi민지🤍,4,67,0,0,0,0,0,0,0,0,0,0,0,0,4,0,0,0,0,0
#L0RJ08GGY,xTeran✞,4,67,0,0,0,0,0,0,0,0,0,0,0,0,0,4,0,0,0,0
#P0YRLY29Q,QX|Ram🦆,4,67,0,0,0,0,0,0,0,0,0,0,0,0,0,0,4,0,0,0
#GVYJL2UP8,Valeria💕Mandy,4,67,0,0,0,0,0,0,0,0,0,0,0,0,0,0,0,0,0,4
#92VRUP8PY,SKD|Instinct,4,68,0,0,0,4,0,0,0,0,0,0,0,0,0,0,0,0,0,0
#8RG9V80U8,Brawler,4,68,0,0,0,0,0,4,0,0,0,0,0,0,0,0,0,0,0,0
#2UP902V8LL,🖤暗Shadow🩸,4,68,0,0,0,0,0,0,0,0,0,0,4,0,0,0,0,0,0,0
#VP92RYCQ,ㅤㅤ,4,68,0,0,0,0,0,0,0,0,0,0,0,0,4,0,0,0,0,0
#2JGY8J29GL,フロスタプレイヤー,4,68,0,0,0,0,0,0,0,0,0,0,0,0,0,0,4,0,0,0
#PYJ0GRYPV,PoliCeS,4,68,0,0,0,0,0,0,0,0,0,0,0,0,0,0,0,0,4,0
#80L9VUQ2C,ᵉᵈᵈⁱ🖤ⁿⁱᶜᵒ,4,69,4,0,0,0,0,0,0,0,0,0,0,0,0,0,0,0,0,0
#QLRC8GG98,mei63,4,69,0,0,0,0,4,0,0,0,0,0,0,0,0,0,0,0,0,0
#9LVLLL282,YT&TT @imcuteBS,4,69,0,0,0,0,0,0,0,0,4,0,0,0,0,0,0,0,0,0
#2UGJRVPYQ,SLC|Kanye 🧸,4,69,0,0,0,0,0,0,0,0,0,0,0,0,4,0,0,0,0,0
#2R8QLCUG0,Perter,4,69,0,0,0,0,0,0,0,0,0,0,0,0,0,0,0,0,4,0
#C0Y8UVR9,N3xJee,4,69,0,0,0,0,0,0,0,0,0,0,0,0,0,0,0,0,0,4
#GRC9RRJR,BD | Javi,4,70,4,0,0,0,0,0,0,0,0,0,0,0,0,0,0,0,0,0
#RUJU8CY9J,泡沫少女,4,70,0,0,4,0,0,0,0,0,0,0,0,0,0,0,0,0,0,0
#RY8QQJVQ0,Kitsu 🦊,4,70,0,0,0,0,4,0,0,0,0,0,0,0,0,0,0,0,0,0
#VQ9C0UPR,xXAlphaRizlerXx,4,70,0,0,0,0,0,0,0,0,0,4,0,0,0,0,0,0,0,0
#2CGUC9GQ8G,Touji,4,70,0,0,0,0,0,0,0,0,0,0,0,4,0,0,0,0,0,0
#QGCPYQQ8G,JOKER,4,70,0,0,0,0,0,0,0,0,0,0,0,0,4,0,0,0,0,0
#8U8PG0UQP,ERA|DysDy🌹,4,70,0,0,0,0,0,0,0,0,0,0,0,0,0,4,0,0,0,0
#2QU90G8CU,YT|TheOneAgent,4,70,0,0,0,0,0,0,0,0,0,0,0,0,0,0,0,4,0,0
#28V90J2PG,zwrq_-,4,70,0,0,0,0,0,0,0,0,0,0,0,0,0,0,0,0,4,0
#CJV2PJ0R,SK|Yoshi825,4,71,4,0,0,0,0,0,0,0,0,0,0,0,0,0,0,0,0,0
#LVQUQUU0R,Foxy ヤ,4,71,0,0,4,0,0,0,0,0,0,0,0,0,0,0,0,0,0,0
#VJL9GQGP,зз~じゅ,4,71,0,0,0,0,0,4,0,0,0,0,0,0,0,0,0,0,0,0
#2LJQQ0CRJ,연수,4,71,0,0,0,0,0,0,4,0,0,0,0,0,0,0,0,0,0,0
#9R9QUUQ0,𝒱𝑒𝑔𝑒𝓉𝒶’🌺,4,71,0,0,0,0,0,0,0,0,0,0,0,0,4,0,0,0,0,0
#PQQGR09G,h9ije,4,71,0,0,0,0,0,0,0,0,0,0,0,0,0,4,0,0,0,0
#22LURJ9JY,𑣲Daiki Aomine,4,71,0,0,0,0,0,0,0,0,0,0,0,0,0,0,0,4,0,0
#9U20Y8V28,チーターです,4,72,0,0,0,4,0,0,0,0,0,0,0,0,0,0,0,0,0,0
#PCRQV8Y2P,CR7🇵🇹,4,72,0,0,0,0,0,0,0,0,0,0,0,4,0,0,0,0,0,0
#2QC822VYL,Global•燒賣,4,72,0,0,0,0,0,0,0,0,0,0,0,0,4,0,0,0,0,0
#V2CJVVVY,🌙 Óscar🎋,4,72,0,0,0,0,0,0,0,0,0,0,0,0,0,0,0,4,0,0
#9CQ9UGQY2,Miiguezz死神,4,72,0,0,0,0,0,0,0,0,0,0,0,0,0,0,0,0,4,0
#90UR9UPYG,Vaxeen :3,4,72,0,0,0,0,0,0,0,0,0,0,0,0,0,0,0,0,0,4
#CPGR2LCV,Jxy🩵,4,73,0,0,0,0,0,0,4,0,0,0,0,0,0,0,0,0,0,0
#2V8VUQ9U0,すのもこ,4,73,0,0,0,0,0,0,0,4,0,0,0,0,0,0,0,0,0,0
#2U0G2LVP,♔𝓐𝓢𝓐ღ𝔹𝕄ෆ,4,73,0,0,0,0,0,0,0,0,4,0,0,0,0,0,0,0,0,0
#QUPPRG90,⠀ ⠀,4,73,0,0,0,0,0,0,0,0,0,0,0,0,4,0,0,0,0,0
#2R0GRU90P,Poletee.,4,73,0,0,0,0,0,0,0,0,0,0,0,0,0,4,0,0,0,0
#PVRCQ9JQ9,Moritz🧸,4,73,0,0,0,0,0,0,0,0,0,0,0,0,0,0,4,0,0,0
#28JYQY02C,Jason.,4,73,0,0,0,0,0,0,0,0,0,0,0,0,0,0,0,4,0,0
#2QJQJCQ08,Abdullah🇲🇦,4,73,0,0,0,0,0,0,0,0,0,0,0,0,0,0,0,0,4,0
#9JCRRLPGL,Sennz.,4,74,0,0,0,4,0,0,0,0,0,0,0,0,0,0,0,0,0,0
#8829QLC28,ただの人間には興味ありません。,4,74,0,0,0,0,4,0,0,0,0,0,0,0,0,0,0,0,0,0
#2VQR2G2YU,Syronis ❀,4,74,0,0,0,0,0,4,0,0,0,0,0,0,0,0,0,0,0,0
#89UGU2LG8,VertexetGod,4,74,0,0,0,0,0,0,0,0,0,0,4,0,0,0,0,0,0,0
#22RJG2908,!! Emi ꕤ ˚⋆,4,74,0,0,0,0,0,0,0,0,0,0,0,0,0,0,0,4,0,0
#P8RGRGC0V,Matthiiヤ,4,74,0,0,0,0,0,0,0,0,0,0,0,0,0,0,0,0,0,4
#2YU8VJPUJ,tmz12,4,75,4,0,0,0,0,0,0,0,0,0,0,0,0,0,0,0,0,0
#202GCPG29,シャドウが戻ってくる 🇯🇵,4,75,0,0,4,0,0,0,0,0,0,0,0,0,0,0,0,0,0,0
#8RLYYUG0,WashedArc🤍,4,75,0,0,0,0,0,0,0,4,0,0,0,0,0,0,0,0,0,0
#9YYV2RRGV,万千少女的梦,4,75,0,0,0,0,0,0,0,0,0,0,0,4,0,0,0,0,0,0
#2VG0LVGUC,Be3_Zoobik 🐙,4,75,0,0,0,0,0,0,0,0,0,0,0,0,0,4,0,0,0,0
#2UQJQ0Q22J,START🦎,4,75,0,0,0,0,0,0,0,0,0,0,0,0,0,0,0,0,4,0
#2UV0PP2R9V,Ryota Kise,4,75,0,0,0,0,0,0,0,0,0,0,0,0,0,0,0,0,0,4
#JR0LY9RY,HL|Jared,4,76,0,0,4,0,0,0,0,0,0,0,0,0,0,0,0,0,0,0
#PGYJVU,kurumi 😿,4,76,0,0,0,0,0,0,0,4,0,0,0,0,0,0,0,0,0,0
#2V2G9RC9P,call me mine,4,76,0,0,0,0,0,0,0,0,0,4,0,0,0,0,0,0,0,0
#200P08LR2,𝐿𝒰𝒞𝐻𝒪7🇨🇱,4,76,0,0,0,0,0,0,0,0,0,0,4,0,0,0,0,0,0,0
#YJJ9G0C00,Smurf diff,4,76,0,0,0,0,0,0,0,0,0,0,0,0,0,4,0,0,0,0
#9YP0YUVCJ,マキマ,4,76,0,0,0,0,0,0,0,0,0,0,0,0,0,0,4,0,0,0
#2R0YP0R02,❈| Saint Graal,4,76,0,0,0,0,0,0,0,0,0,0,0,0,0,0,0,4,0,0
#PGUVRUYUP,GP|T͓̽i͙g҉e҉r̷爪,4,76,0,0,0,0,0,0,0,0,0,0,0,0,0,0,0,0,4,0
#2RY0YLUV,くろねこ🐈‍⬛,4,77,4,0,0,0,0,0,0,0,0,0,0,0,0,0,0,0,0,0
#QCJCGUG9L,ArthuR GgWp III,4,77,0,0,4,0,0,0,0,0,0,0,0,0,0,0,0,0,0,0
#8000VL8QJ,Mali𝜗𝜚˚⋆,4,77,0,0,0,0,4,0,0,0,0,0,0,0,0,0,0,0,0,0
#98U8RJRC9,Ado|歌,4,77,0,0,0,0,0,0,0,0,4,0,0,0,0,0,0,0,0,0
#2Q8L8GCRP,ZYN| Տєттєя💘A,4,77,0,0,0,0,0,0,0,0,0,4,0,0,0,0,0,0,0,0
#82LYR8PJR,Dakiiヤ,4,77,0,0,0,0,0,0,0,0,0,0,0,4,0,0,0,0,0,0
#99ULU9JV2,Terik’s mommy,4,77,0,0,0,0,0,0,0,0,0,0,0,0,4,0,0,0,0,0
#VC8R9PY2,𝐋𝐞́𝐨💞𝐀𝐥𝐲,4,77,0,0,0,0,0,0,0,0,0,0,0,0,0,0,0,4,0,0
#2JQ0YPLR8,Dope Husky™🐕,4,78,0,0,4,0,0,0,0,0,0,0,0,0,0,0,0,0,0,0
#999YGVQ,CR|Tensai,4,78,0,0,0,4,0,0,0,0,0,0,0,0,0,0,0,0,0,0
#G9Q99GUV,[One],4,78,0,0,0,0,4,0,0,0,0,0,0,0,0,0,0,0,0,0
#8LQPYRV0L,𑣲Sanzz,4,78,0,0,0,0,0,0,4,0,0,0,0,0,0,0,0,0,0,0
#PUL2J2G9C,vsayc🦅,4,78,0,0,0,0,0,0,0,0,4,0,0,0,0,0,0,0,0,0
#82RRY0VG,⠀⠀⠀⠀⠀⠀,4,78,0,0,0,0,0,0,0,0,0,0,0,4,0,0,0,0,0,0
#YLJL9LY09,SGA Mero,4,78,0,0,0,0,0,0,0,0,0,0,0,0,4,0,0,0,0,0
#PG2LUL2UU,Equinox✰,4,78,0,0,0,0,0,0,0,0,0,0,0,0,0,0,0,0,4,0
#LR8RJ808V,鯖缶,4,79,4,0,0,0,0,0,0,0,0,0,0,0,0,0,0,0,0,0
#YV80CGGJ,n0rsv,4,79,0,0,0,0,4,0,0,0,0,0,0,0,0,0,0,0,0,0
#L2PLJQU,Lояex⏳,4,79,0,0,0,0,0,4,0,0,0,0,0,0,0,0,0,0,0,0
#9YU0V8G8U,Halycon,4,79,0,0,0,0,0,0,0,0,4,0,0,0,0,0,0,0,0,0
#Y0P099QQ0,JhenX,4,79,0,0,0,0,0,0,0,0,0,4,0,0,0,0,0,0,0,0
#GC9VYP8V,Washed Eliza,4,79,0,0,0,0,0,0,0,0,0,0,0,0,0,0,4,0,0,0
#Q9JC9CYRY,もば「えましゃ〜❤️」,4,79,0,0,0,0,0,0,0,0,0,0,0,0,0,0,0,0,4,0
#2U09989GL,Messiah,4,80,0,0,4,0,0,0,0,0,0,0,0,0,0,0,0,0,0,0
#9UURL8RQC,Ayanōkoji ぁ,4,80,0,0,0,0,4,0,0,0,0,0,0,0,0,0,0,0,0,0
#22Y9C8VCQ,DaisyJane🌷🦊,4,80,0,0,0,0,0,4,0,0,0,0,0,0,0,0,0,0,0,0
#Y298GQYCJ,turtiana,4,80,0,0,0,0,0,0,0,0,0,0,4,0,0,0,0,0,0,0
#GU8GUCCGL,kasuk!,4,80,0,0,0,0,0,0,0,0,0,0,0,0,4,0,0,0,0,0
#YUY8YRU8G,Lucy,4,80,0,0,0,0,0,0,0,0,0,0,0,0,0,0,4,0,0,0
#2QCUG92CPY,Utichaa,4,80,0,0,0,0,0,0,0,0,0,0,0,0,0,0,0,0,4,0
#YC0UJCVJQ,れび,4,81,4,0,0,0,0,0,0,0,0,0,0,0,0,0,0,0,0,0
#PLJ0P20JU,BigPapiAlex,4,81,0,0,0,0,4,0,0,0,0,0,0,0,0,0,0,0,0,0
#208RRUC0,༺♛ۣۜℜiͥckͣyͫ♛༻,4,81,0,0,0,0,0,0,0,4,0,0,0,0,0,0,0,0,0,0
#PCG8JRL2L,Mommys good boy,4,81,0,0,0,0,0,0,0,0,4,0,0,0,0,0,0,0,0,0
#2LYQVRJ0CG,らでぃ@利敵用アカウント,4,81,0,0,0,0,0,0,0,0,0,0,0,4,0,0,0,0,0,0
#2V2G0YVCRR,@tryhard634,4,81,0,0,0,0,0,0,0,0,0,0,0,0,0,4,0,0,0,0
#2Q0YYC9UL,Jevta 愛,4,81,0,0,0,0,0,0,0,0,0,0,0,0,0,0,4,0,0,0
#88VJJU92,Frxstk🤍lolita,4,81,0,0,0,0,0,0,0,0,0,0,0,0,0,0,0,4,0,0
#9UUGVYJ,Luay77,4,82,4,0,0,0,0,0,0,0,0,0,0,0,0,0,0,0,0,0
#2YQLY2QJ,Era❤️Sardo,4,82,0,0,0,4,0,0,0,0,0,0,0,0,0,0,0,0,0,0
#PCCV88UUU,PEARii_v2.0🍐,4,82,0,0,0,0,0,0,0,4,0,0,0,0,0,0,0,0,0,0
#8U0JQQ9RP,SLC|Zafirツ,4,82,0,0,0,0,0,0,0,0,4,0,0,0,0,0,0,0,0,0
#G2RUVQV22,marcinnn1998,4,82,0,0,0,0,0,0,0,0,0,4,0,0,0,0,0,0,0,0
#ULRU2YL2,LxE | defENDER,4,82,0,0,0,0,0,0,0,0,0,0,0,0,4,0,0,0,0,0
#2UV0LC8YLQ,Midorima,4,82,0,0,0,0,0,0,0,0,0,0,0,0,0,0,0,0,0,4
#29QP0U9L8,チュートリアルの神♡,4,83,4,0,0,0,0,0,0,0,0,0,0,0,0,0,0,0,0,0
#2VYRC99,Zenoo🧸,4,83,0,0,0,4,0,0,0,0,0,0,0,0,0,0,0,0,0,0
#PVVVRLJQ2,S.738希望,4,83,0,0,0,0,0,0,0,0,0,0,0,4,0,0,0,0,0,0
#PGGUQCLJR,𑣲Alinka🎀,4,83,0,0,0,0,0,0,0,0,0,0,0,0,4,0,0,0,0,0
#8Q8P9UQL2,Tadashi?,4,83,0,0,0,0,0,0,0,0,0,0,0,0,0,4,0,0,0,0
#PUV9GJRJL,Zeraora,4,83,0,0,0,0,0,0,0,0,0,0,0,0,0,0,4,0,0,0
#YYJGU8UCQ,[DJ]QEWDESTER,4,83,0,0,0,0,0,0,0,0,0,0,0,0,0,0,0,4,0,0
#Q9LVYJGY,긱긱범,4,83,0,0,0,0,0,0,0,0,0,0,0,0,0,0,0,0,0,4
#2PLJGQVY0,sadRi4iE-=[0nE],4,84,0,0,0,4,0,0,0,0,0,0,0,0,0,0,0,0,0,0
#PGY9ULY,PollitoMan,4,84,0,0,0,0,0,4,0,0,0,0,0,0,0,0,0,0,0,0
#2JGVLULVJ8,Tokkich </7,4,84,0,0,0,0,0,0,0,0,4,0,0,0,0,0,0,0,0,0
#PYGCL9YRC,SA > NA,4,84,0,0,0,0,0,0,0,0,0,0,0,0,0,4,0,0,0,0
#8UC9R8VUJ,stubyz🤍,4,84,0,0,0,0,0,0,0,0,0,0,0,0,0,0,0,4,0,0
#9G2LQVY0,CONVEXBARN,4,84,0,0,0,0,0,0,0,0,0,0,0,0,0,0,0,0,0,4
#J90Y2YQY,FrenchGuesti ꫂ,4,85,4,0,0,0,0,0,0,0,0,0,0,0,0,0,0,0,0,0
#PP2CJR2Y2,Ero🖤Asians,4,85,0,0,4,0,0,0,0,0,0,0,0,0,0,0,0,0,0,0
#920JVGG2Y,Rashid🎋,4,85,0,0,0,0,0,0,0,4,0,0,0,0,0,0,0,0,0,0
#GCRR80PP0,C💫,4,85,0,0,0,0,0,0,0,0,4,0,0,0,0,0,0,0,0,0
#P8Y989LY2,SDL|BAYKEBAP,4,85,0,0,0,0,0,0,0,0,0,0,0,4,0,0,0,0,0,0
#PCLRJGGUV,等你下课,4,85,0,0,0,0,0,0,0,0,0,0,0,0,0,0,4,0,0,0
#GL2JQLLV0,Spectre柒🍃,4,85,0,0,0,0,0,0,0,0,0,0,0,0,0,0,0,0,4,0
#2L9GR8LVU,Лёха «СВР»,4,85,0,0,0,0,0,0,0,0,0,0,0,0,0,0,0,0,0,4
#VGJGQ0G,⁶Ryannn⁷🧪,4,86,0,0,4,0,0,0,0,0,0,0,0,0,0,0,0,0,0,0
#LL2V8QLCL,丸子头,4,86,0,0,0,0,0,0,0,0,0,4,0,0,0,0,0,0,0,0
#LR0VLYVPG,🔥 Vortexness🔥,4,86,0,0,0,0,0,0,0,0,0,0,0,0,0,0,0,4,0,0
#LPVLGY0QG,Ye,4,87,0,0,4,0,0,0,0,0,0,0,0,0,0,0,0,0,0,0
#888GJGP2C,Code:Limbo,4,87,0,0,0,4,0,0,0,0,0,0,0,0,0,0,0,0,0,0
#LYCVRLGQP,Glory Steady Go,4,87,0,0,0,0,0,0,0,4,0,0,0,0,0,0,0,0,0,0
#R9QGGQJCC,✨辉❤️旭˖☘︎.⋆,4,87,0,0,0,0,0,0,0,0,0,4,0,0,0,0,0,0,0,0
#9Y98LJUYJ,suckaAndi🕸️,4,87,0,0,0,0,0,0,0,0,0,0,0,0,0,4,0,0,0,0
#92VRLQJLQ,Waste>Monti,4,87,0,0,0,0,0,0,0,0,0,0,0,0,0,0,4,0,0,0
#2GQ2ULRR0Q,PRX|jinggg🐹,4,87,0,0,0,0,0,0,0,0,0,0,0,0,0,0,0,4,0,0
#JGQUYQ9P,Dxzy ɞ✰,4,87,0,0,0,0,0,0,0,0,0,0,0,0,0,0,0,0,4,0
#98G2P2U0P,Hamza.,4,87,0,0,0,0,0,0,0,0,0,0,0,0,0,0,0,0,0,4
#CUYCLG02,TheMeg,4,88,4,0,0,0,0,0,0,0,0,0,0,0,0,0,0,0,0,0
#QL8J82G8,Denk💘,4,88,0,0,0,0,4,0,0,0,0,0,0,0,0,0,0,0,0,0
#PUQY0C8J,Akashi 🩸,4,88,0,0,0,0,0,0,0,0,0,0,4,0,0,0,0,0,0,0
#Y8RURUQV9,China mann,4,88,0,0,0,0,0,0,0,0,0,0,0,0,4,0,0,0,0,0
#LV9YJP29Y,@scamcmal,4,88,0,0,0,0,0,0,0,0,0,0,0,0,0,4,0,0,0,0
#89880LY9Y,Zoffer🌴,4,88,0,0,0,0,0,0,0,0,0,0,0,0,0,0,0,0,4,0
#R99YJ82U0,ТОП МИРА НА ВПН,4,88,0,0,0,0,0,0,0,0,0,0,0,0,0,0,0,0,0,4
#99LP2PUQ9,𝑱𝒂𝒃𝒌𝒐🩵,4,89,0,0,4,0,0,0,0,0,0,0,0,0,0,0,0,0,0,0
#9C2UQYYU,paralysーふもうけ🎀,4,89,0,0,0,4,0,0,0,0,0,0,0,0,0,0,0,0,0,0
#9GJUR8002,MON7AA,4,89,0,0,0,0,4,0,0,0,0,0,0,0,0,0,0,0,0,0
#2QQVUJJJYP,マMin3x🪖,4,89,0,0,0,0,0,0,0,0,4,0,0,0,0,0,0,0,0,0
#RUYGP9GPG,Ryz,4,89,0,0,0,0,0,0,0,0,0,0,0,4,0,0,0,0,0,0
#98LUPJ9Y0,"Sayonara, Eri.",4,89,0,0,0,0,0,0,0,0,0,0,0,0,0,4,0,0,0,0
#YPJRYGPJR,N!colas々,4,89,0,0,0,0,0,0,0,0,0,0,0,0,0,0,4,0,0,0
#82UY822RV,SCC|Ksenoxyヤ,4,89,0,0,0,0,0,0,0,0,0,0,0,0,0,0,0,4,0,0
#GYYUJUGQC,selamu aleykum,4,89,0,0,0,0,0,0,0,0,0,0,0,0,0,0,0,0,4,0
#2RJGYP8LP,CR|Tensai,4,90,0,0,4,0,0,0,0,0,0,0,0,0,0,0,0,0,0,0
#8J29RU8G2,Rujao,4,90,0,0,0,0,4,0,0,0,0,0,0,0,0,0,0,0,0,0
#8CQ2VL8L,Adrii,4,90,0,0,0,0,0,4,0,0,0,0,0,0,0,0,0,0,0,0
#9ULUR8R89,Supercell死全家,4,90,0,0,0,0,0,0,4,0,0,0,0,0,0,0,0,0,0,0
#PY0CUPJC0,Topson🤿,4,90,0,0,0,0,0,0,0,4,0,0,0,0,0,0,0,0,0,0
#89G2R0VR,Alekzz#1🤍,4,90,0,0,0,0,0,0,0,0,0,4,0,0,0,0,0,0,0,0
#PRU28QUYL,Say🩵,4,90,0,0,0,0,0,0,0,0,0,0,0,4,0,0,0,0,0,0
#VQVQPYPQ,Triple T God🪵,4,90,0,0,0,0,0,0,0,0,0,0,0,0,4,0,0,0,0,0
#P08JUPP2Q,FUT | Zero,4,90,0,0,0,0,0,0,0,0,0,0,0,0,0,0,4,0,0,0
#2GVV2YGJVR,Limon,4,90,0,0,0,0,0,0,0,0,0,0,0,0,0,0,0,4,0,0
#GJ02GP20G,しろいきおく,4,90,0,0,0,0,0,0,0,0,0,0,0,0,0,0,0,0,4,0
#29VY8Y2Q8,vqurn,4,91,0,0,4,0,0,0,0,0,0,0,0,0,0,0,0,0,0,0
#2PP89QJGL,SNG|Cookie🍪,4,91,0,0,0,4,0,0,0,0,0,0,0,0,0,0,0,0,0,0
#JVL0GCG,Raphhwrld⊹₊✦,4,91,0,0,0,0,0,0,0,4,0,0,0,0,0,0,0,0,0,0
#8CV8C90U9,Nergi 🧸,4,91,0,0,0,0,0,0,0,0,4,0,0,0,0,0,0,0,0,0
#9JGG82LJY,Nick🦁,4,91,0,0,0,0,0,0,0,0,0,0,4,0,0,0,0,0,0,0
#22QL8YP2YC,𝐛𝐮̂𝐠𝐲 🌴,4,91,0,0,0,0,0,0,0,0,0,0,0,0,0,0,4,0,0,0
#P289JCUUG,Naiteiru 哭,4,91,0,0,0,0,0,0,0,0,0,0,0,0,0,0,0,0,0,4
#2JC8J2YQV,SK|M4X,4,92,0,0,0,0,0,0,4,0,0,0,0,0,0,0,0,0,0,0
#229QRL8YG,miraclesマ💚,4,92,0,0,0,0,0,0,0,0,0,4,0,0,0,0,0,0,0,0
#2J8G2RCJY,たかたかころりん🌙,4,92,0,0,0,0,0,0,0,0,0,0,4,0,0,0,0,0,0,0
#8UPQVYRJU,w speed,4,92,0,0,0,0,0,0,0,0,0,0,0,4,0,0,0,0,0,0
#GRUQCGV0J,VzEscasi>Tier A,4,92,0,0,0,0,0,0,0,0,0,0,0,0,4,0,0,0,0,0
#2PVVRCV02,☆☆☆lital lit☆☆☆,4,92,0,0,0,0,0,0,0,0,0,0,0,0,0,0,4,0,0,0
#GY0GLYG,𑣲Killua🃏,4,92,0,0,0,0,0,0,0,0,0,0,0,0,0,0,0,4,0,0
#JLY8PP2U,Trust My Gene,4,92,0,0,0,0,0,0,0,0,0,0,0,0,0,0,0,0,0,4
#2VC9CGURG,爱|HaDaR|爱,4,93,4,0,0,0,0,0,0,0,0,0,0,0,0,0,0,0,0,0
#P9200PQ2C,Cheng承,4,93,0,0,0,4,0,0,0,0,0,0,0,0,0,0,0,0,0,0
#9P9JCQCLG,Katerina>SLC🌺,4,93,0,0,0,0,0,4,0,0,0,0,0,0,0,0,0,0,0,0
#2LCQJCJ0Y,xfur213,4,93,0,0,0,0,0,0,0,0,0,4,0,0,0,0,0,0,0,0
#CPPV2PQG,MeliodasGod🐐,4,93,0,0,0,0,0,0,0,0,0,0,0,4,0,0,0,0,0,0
#GGU8R28G,s1mple,4,93,0,0,0,0,0,0,0,0,0,0,0,0,4,0,0,0,0,0
#2URQ2YGY0Y,𝑴𝒊𝒏𝒊✟JDBG🍥,4,93,0,0,0,0,0,0,0,0,0,0,0,0,0,0,0,4,0,0
#GG8RL2CP,Kevin,4,94,0,0,0,4,0,0,0,0,0,0,0,0,0,0,0,0,0,0
#20PJCU2P0,TT|Kâjirø,4,94,0,0,0,0,0,0,0,0,0,0,0,0,4,0,0,0,0,0
#2YCR9RLU9,Mai Sakurajima,4,94,0,0,0,0,0,0,0,0,0,0,0,0,0,4,0,0,0,0
#8UQ090CCJ,Mr. Glad🐧,4,94,0,0,0,0,0,0,0,0,0,0,0,0,0,0,0,0,0,4
#U0UQUVGU,Clarity,4,95,4,0,0,0,0,0,0,0,0,0,0,0,0,0,0,0,0,0
#9RPJCV209,Noxtana🍥,4,95,0,0,4,0,0,0,0,0,0,0,0,0,0,0,0,0,0,0
#29U902RYY,Fabio>Tier S,4,95,0,0,0,4,0,0,0,0,0,0,0,0,0,0,0,0,0,0
#GGVQ2QVCR,ㅤㅤㅤㅤㅤㅤㅤㅤㅤㅤㅤㅤㅤㅤㅤ,4,95,0,0,0,0,4,0,0,0,0,0,0,0,0,0,0,0,0,0
#8RG98L0GG,KiitaAuraMan,4,95,0,0,0,0,0,0,0,4,0,0,0,0,0,0,0,0,0,0
#GRRYL2J9R,ㅤㅤㅤㅤㅤㅤㅤㅤㅤㅤㅤㅤㅤㅤㅤ,4,95,0,0,0,0,0,0,0,0,0,4,0,0,0,0,0,0,0,0
#RQJVCYR2,emcee :3,4,95,0,0,0,0,0,0,0,0,0,0,4,0,0,0,0,0,0,0
#P9UVC8J2,Aurelius💐,4,95,0,0,0,0,0,0,0,0,0,0,0,4,0,0,0,0,0,0
#2PPQC009Q,ꜱᴛᴀʀʙᴏʏ ʀɪᴀ,4,95,0,0,0,0,0,0,0,0,0,0,0,0,4,0,0,0,0,0
#2U9UJVYUPY,Halo 🔭,4,95,0,0,0,0,0,0,0,0,0,0,0,0,0,0,4,0,0,0
#90QCRJY2Q,コビ,4,95,0,0,0,0,0,0,0,0,0,0,0,0,0,0,0,0,4,0
#89GU9PCCQ,Kíll❤️Briana,4,96,0,0,0,0,4,0,0,0,0,0,0,0,0,0,0,0,0,0
#JU2CJ0GQ9,Apeman,4,96,0,0,0,0,0,0,4,0,0,0,0,0,0,0,0,0,0,0
#8VQV0VR8G,Görkem❤️🔥,4,96,0,0,0,0,0,0,0,4,0,0,0,0,0,0,0,0,0,0
#2P0GLQ82J,⚡️|TN821|⚡️,4,96,0,0,0,0,0,0,0,0,0,0,0,4,0,0,0,0,0,0
#2UUGRJ2CQC,MRG|Lukzuyo🥑,4,96,0,0,0,0,0,0,0,0,0,0,0,0,0,4,0,0,0,0
#298GY0RU00,Fl@r3,4,96,0,0,0,0,0,0,0,0,0,0,0,0,0,0,4,0,0,0
#2VYPRVGR9Y,Satoru Gojo,4,96,0,0,0,0,0,0,0,0,0,0,0,0,0,0,0,0,0,4
#9P2CUYJ8P,Scared,4,97,4,0,0,0,0,0,0,0,0,0,0,0,0,0,0,0,0,0
#P2C2J2PGU,ZeRoo🩷,4,97,0,0,4,0,0,0,0,0,0,0,0,0,0,0,0,0,0,0
#R9GU8U90U,@agony17diamond,4,97,0,0,0,4,0,0,0,0,0,0,0,0,0,0,0,0,0,0
#890VPPCJV,をEric Cartman™↯,4,97,0,0,0,0,4,0,0,0,0,0,0,0,0,0,0,0,0,0
#9V08RCU,PS|𑣲tryhard🦖,4,97,0,0,0,0,0,0,0,0,0,0,0,4,0,0,0,0,0,0
#2VG8U2900,Extrigotin🦣,4,97,0,0,0,0,0,0,0,0,0,0,0,0,4,0,0,0,0,0
#Q82Q9RUQ,I love her,4,97,0,0,0,0,0,0,0,0,0,0,0,0,0,4,0,0,0,0
#Q2UYGCCYL,yatoooooo<3,4,97,0,0,0,0,0,0,0,0,0,0,0,0,0,0,0,4,0,0
#2YGR8QYUG,Saixyy,4,98,0,0,0,4,0,0,0,0,0,0,0,0,0,0,0,0,0,0
#UP89882U,Malita,4,98,0,0,0,0,4,0,0,0,0,0,0,0,0,0,0,0,0,0
#9LJG9282C,Gadi🌓,4,98,0,0,0,0,0,0,0,0,0,0,0,0,0,4,0,0,0,0
#2RUYGL2QL9,Cu6ickk,4,98,0,0,0,0,0,0,0,0,0,0,0,0,0,0,4,0,0,0
#2R98LVPPL,Lolgamer211💘,4,98,0,0,0,0,0,0,0,0,0,0,0,0,0,0,0,0,0,4
#L9Y8888QR,Chaewon🎀,4,99,0,0,0,0,0,4,0,0,0,0,0,0,0,0,0,0,0,0
#9YLCQQ00,𝘛𝘳𝘶𝘯𝘬𝘴 ✗,4,99,0,0,0,0,0,0,0,4,0,0,0,0,0,0,0,0,0,0
#2LC0YVPC2C,ximchan45,4,99,0,0,0,0,0,0,0,0,4,0,0,0,0,0,0,0,0,0
#PLL0V88V9,Gitmem Demistin,4,99,0,0,0,0,0,0,0,0,0,4,0,0,0,0,0,0,0,0
#89Q8JPPGV,Bonzai🤍Diana,4,99,0,0,0,0,0,0,0,0,0,0,4,0,0,0,0,0,0,0
#QJ98QJQCY,FUT|Guesti,4,99,0,0,0,0,0,0,0,0,0,0,0,4,0,0,0,0,0,0
#9LVUYQY8J,Dope Rabbit™🐇,4,99,0,0,0,0,0,0,0,0,0,0,0,0,4,0,0,0,0,0
#9P0QCJ8R2,pipokaz,4,99,0,0,0,0,0,0,0,0,0,0,0,0,0,4,0,0,0,0
#8QRGGLRU,𝐴𝑘𝑖𝑟𝑎 殺,4,99,0,0,0,0,0,0,0,0,0,0,0,0,0,0,4,0,0,0
#2R8J8C2RY,Krytf🌊,4,99,0,0,0,0,0,0,0,0,0,0,0,0,0,0,0,0,4,0
#200VQUPRP,Blaksxy⛧,4,100,4,0,0,0,0,0,0,0,0,0,0,0,0,0,0,0,0,0
#8PCPYCQ9P,💗xxfley,4,100,0,0,0,0,4,0,0,0,0,0,0,0,0,0,0,0,0,0
#8RQJ8Q8LY,𝓑𝓪𝓻𝓑𝓮𝓻,4,100,0,0,0,0,0,0,4,0,0,0,0,0,0,0,0,0,0,0
#CR89LJLP,Kopihun111,4,100,0,0,0,0,0,0,0,0,0,4,0,0,0,0,0,0,0,0
#9Q8LU8C8C,YT: faxxbs,4,100,0,0,0,0,0,0,0,0,0,0,4,0,0,0,0,0,0,0
#LGL29LLJR,BIG vajnxx 〆,4,100,0,0,0,0,0,0,0,0,0,0,0,4,0,0,0,0,0,0
#2RPR88RPJ,Asmodee,4,100,0,0,0,0,0,0,0,0,0,0,0,0,4,0,0,0,0,0
#2VP8GY9YYG,𑣲Sxjicᴸᵒᵛᵉᵧₒᵤ,4,100,0,0,0,0,0,0,0,0,0,0,0,0,0,4,0,0,0,0
#9VUR2CPC8,Meles,4,100,0,0,0,0,0,0,0,0,0,0,0,0,0,0,0,4,0,0
#LLRLUPY2L,mini serious💔,4,100,0,0,0,0,0,0,0,0,0,0,0,0,0,0,0,0,4,0
#R80QRP0G,squeezy?,4,101,0,0,1,1,0,0,0,0,0,0,0,0,0,1,1,0,0,0
#PJ2YYQY9C,❄️Dario24™️❄️,4,102,0,0,0,0,1,1,1,0,0,0,0,0,0,1,0,0,0,0
#8J0PRCR8G,SIE|Haruto,4,102,0,0,0,0,0,0,0,1,0,0,0,0,1,1,0,1,0,0
#8CVY82LGY,ATN|Semiolo💛,4,106,0,0,0,0,0,0,0,1,0,0,0,0,1,1,0,1,0,0
#9VCJV98R8,𑣲Laguerra🎀 ྀི,4,120,0,0,0,0,1,0,0,0,1,0,1,0,0,0,0,0,1,0
#8UR02QQL2,BC*|SanFire🐇,4,127,0,0,0,1,0,0,0,0,0,0,1,0,0,0,0,1,1,0
#LJ2GUU980,Mortos,4,136,0,0,0,0,1,0,0,1,0,0,0,0,0,0,1,0,0,1
#R90LUUR2J,どこ行くねん点P,4,138,0,0,0,0,0,0,0,0,1,0,0,0,0,0,1,0,1,1
#2YP8YJQP,승횬❦(炫),4,141,0,0,0,0,1,0,0,0,0,0,1,0,0,0,0,1,1,0
#RQY99YR08,创作者代码：xiaoou,4,144,0,0,0,0,1,0,0,0,0,0,1,0,1,1,0,0,0,0
#2G2LGPP8LG,"bonsoir,Cipher",4,155,0,0,0,0,0,0,0,0,0,0,0,0,0,1,1,1,1,0
#P8RQ90UY9,VitorKingBS👑,4,155,0,0,0,0,1,0,0,0,0,0,1,0,0,0,0,0,1,1
#L82Y9V9V,ElGrandeJ🐺,4,163,0,0,0,0,0,0,0,0,0,0,0,0,0,1,0,1,1,1
#YYUG20PQV,TLB|Agachiナ,4,171,0,0,0,0,0,0,0,0,0,0,1,0,1,1,0,0,1,0
#28CCLV9CY,💜💜💜,4,208,0,0,1,1,0,0,0,1,0,0,0,0,0,0,0,1,0,0
#QRCU9CYV,SexySuperNoob!,4,255,0,0,0,0,0,0,0,0,0,0,1,0,1,0,1,0,1,0
#LLU2RUY99,buythefutbundle,4,291,0,0,1,1,1,0,0,1,0,0,0,0,0,0,0,0,0,0
#88YLVCQRL,vgtwice,3,102,0,0,1,0,0,0,0,1,0,0,0,0,0,0,1,0,0,0
#9PVU00U2P,wieso,3,103,0,0,0,0,0,0,0,0,0,0,1,0,0,1,0,1,0,0
#P0RYVGCQL,Trias☘️,3,104,0,0,0,0,1,0,1,0,0,1,0,0,0,0,0,0,0,0
#PUJ8CJJC,REX Hyonso💫👻,3,105,0,0,0,0,0,0,0,0,0,0,0,1,0,1,0,0,1,0
#Q08QV9VG,peérk luv n🐾,3,105,0,0,0,0,0,0,0,0,0,0,0,0,0,1,1,1,0,0
#GJPVYUQG,Deykon,3,106,0,0,0,0,0,1,0,0,0,1,1,0,0,0,0,0,0,0
#99V88UU2,in my mind,3,106,0,0,0,0,0,0,1,1,0,0,0,0,0,0,1,0,0,0
#9PG8CYY9P,ZM | FatBearCat,3,109,0,0,1,0,1,0,0,0,0,0,0,0,0,0,0,0,1,0
#GJRV99Q8,JET27|Enzoo,3,110,0,0,0,0,0,0,0,0,0,0,0,0,0,1,0,0,1,1
#J2RJ8Y,Spytino ฅ^•ﻌ•^ฅ,3,115,0,0,0,0,0,0,0,0,0,1,0,0,0,0,0,0,1,1
#2UU8PQQC8,EVO|Sir_Lawless,3,117,0,0,0,0,0,0,0,0,0,0,1,0,0,1,1,0,0,0
#8PVGLPULG,CoDe SaNs,3,118,1,0,0,0,0,0,0,1,0,0,0,0,0,0,1,0,0,0
#8UQVPV920,Нюхаю памперсы,3,119,0,0,0,0,1,0,0,0,0,1,1,0,0,0,0,0,0,0
#VYUYR2PR,Code: Yutapin,3,119,0,0,0,0,0,0,0,0,0,0,1,0,0,1,0,0,1,0
#2QCCC29QV,Magic🎩,3,122,0,0,0,0,0,1,1,0,0,1,0,0,0,0,0,0,0,0
#2RR2RU8UL,FNRS|Ćiro,3,124,0,0,1,1,0,0,0,0,0,0,1,0,0,0,0,0,0,0
#PVQ9QUY,second❤️lena,3,124,0,0,0,1,0,0,0,0,0,0,0,0,0,1,1,0,0,0
#2P8QJYYV,雪見@24時間営業,3,126,0,0,1,1,1,0,0,0,0,0,0,0,0,0,0,0,0,0
#YVP2PUCJ,咲くだけのコレクション,3,126,0,0,0,0,0,0,0,0,0,0,1,0,0,1,0,1,0,0
#QUC908VYV,my way,3,129,0,0,0,0,0,0,0,0,0,0,0,0,0,1,1,1,0,0
#CG0YQP2C,Black Light,3,129,0,0,0,0,0,1,0,0,0,1,0,0,0,0,0,0,0,1
#P0L9Y2P8,瀬名あじさい🫧,3,132,1,0,1,0,0,0,0,0,0,0,0,0,0,1,0,0,0,0
#GQY0JC8YY,Tatsuya,3,133,0,0,0,0,1,0,0,0,1,0,1,0,0,0,0,0,0,0
#8PRPGUVPL,Luffy 🧙‍♂️,3,134,0,0,0,0,1,0,0,0,0,0,0,0,1,1,0,0,0,0
#2C2QV2VU0,Prime Terik 🦇,3,136,0,0,0,0,0,0,0,0,0,0,0,1,0,1,1,0,0,0
#28PPLLJ8U,🖤Sam🖤,3,138,0,0,1,1,0,0,1,0,0,0,0,0,0,0,0,0,0,0
#QRGV2YVC2,story072,3,139,0,0,0,0,0,0,0,1,0,0,0,0,0,0,1,1,0,0
#2C0JL2Q0PV,Rira🇻🇦,3,140,0,0,0,0,0,0,0,0,0,0,0,1,0,0,1,1,0,0
#88V8UUGRG,おにまる〜♬おぅおぅ⤴︎︎,3,142,0,0,1,1,0,0,0,0,1,0,0,0,0,0,0,0,0,0
#2UYP920Q0,Wanel,3,142,0,0,0,0,0,0,0,0,0,0,0,0,0,0,1,1,1,0
#22Q0J0P2P,LUCKRASS,3,143,0,0,0,0,0,0,0,0,0,0,0,0,0,1,1,0,1,0
#2VUG0QVRV,TTM|Goldenboy,3,144,0,0,1,1,0,0,0,0,0,0,1,0,0,0,0,0,0,0
#GC99RR8P,Malenia🦋,3,144,0,0,0,0,0,0,0,0,0,0,0,0,0,0,1,0,1,1
#YC820CG9L,¡Pedяo.🐐,3,151,0,0,1,1,1,0,0,0,0,0,0,0,0,0,0,0,0,0
#PGYCLJQP8,𝙾𝚒𝚌ʷᵃᵖツ,3,151,0,0,0,1,1,1,0,0,0,0,0,0,0,0,0,0,0,0
#VLUPU8YJR,cutichka,3,153,0,0,0,0,1,0,0,0,0,0,0,1,0,1,0,0,0,0
#2J89GUGLPJ,la specx,3,153,0,0,0,0,0,0,0,0,0,0,1,0,1,0,0,1,0,0
#L2CQ9YLLR,𝓢ιℓєηт𝓖υαяԃια,3,153,1,0,0,0,0,0,0,0,0,0,0,0,0,0,0,0,1,1
#L09VVG9P,StarShine 💫,3,154,0,0,0,0,0,0,0,0,0,0,1,0,0,1,0,0,0,1
#RRCLPJVP,MZ|Lobb,3,155,0,0,0,0,0,1,0,0,0,0,0,1,1,0,0,0,0,0
#2RU2J92G0Y,创作者代码：toc1226,3,157,0,0,0,0,0,1,0,0,0,0,1,0,0,0,0,1,0,0
#2CP2UCCJQ,Leoni4ツ,3,160,0,0,0,0,0,0,0,0,0,0,0,0,0,0,1,1,1,0
#2PUVRURC,JessieJOI,3,161,0,0,1,1,0,0,0,0,0,0,1,0,0,0,0,0,0,0
#PRJ0CY9R2,una tipa bella,3,164,0,0,0,0,0,1,0,0,0,0,0,0,0,1,0,0,1,0
#9GCRRY0P2,Cheumii,3,168,0,0,0,0,0,0,0,0,0,0,0,0,0,0,1,0,1,1
#20JRYL02,sang৻ꪆ𓆉,3,170,0,0,1,0,1,0,0,0,0,0,1,0,0,0,0,0,0,0
#P8GR8CP28,FG│Nyades🐈,3,175,0,0,1,1,1,0,0,0,0,0,0,0,0,0,0,0,0,0
#R9L92RCGC,Eren🇯🇵,3,175,0,0,0,0,0,0,0,0,0,0,1,0,0,1,0,0,0,1
#P90RYV2PP,Jaysun,3,178,0,0,0,0,0,0,0,0,0,0,0,0,0,0,1,1,1,0
#2890UQUYR,Bran,3,179,0,0,1,1,1,0,0,0,0,0,0,0,0,0,0,0,0,0
#28VGQRQJC,rapoint,3,185,0,0,1,1,1,0,0,0,0,0,0,0,0,0,0,0,0,0
#P00Q9JVU,Optical,3,189,0,0,0,0,0,0,0,0,0,0,1,0,0,1,1,0,0,0
#YP8P2PJGC,Tonayashuシ,3,199,0,0,0,0,0,0,0,0,0,0,0,0,0,0,1,1,0,1
#90JCYPQU,NOVO | MeOw,3,212,0,0,1,1,0,0,0,0,0,0,0,0,0,0,1,0,0,0
#9JLUPCUUQ,KyKyy么,3,220,0,0,1,1,0,0,0,0,0,0,0,0,0,0,0,0,1,0
#G0JL2GYUQ,｜丁て_爪〇よよ巳「,3,222,0,0,0,0,0,0,0,0,0,0,0,0,0,0,0,1,1,1
#8UC9VPR20,Harima 🏒,3,231,0,0,1,1,0,0,0,1,0,0,0,0,0,0,0,0,0,0
#2YPG8J2QU,Ghosty,3,236,0,0,1,1,1,0,0,0,0,0,0,0,0,0,0,0,0,0
#92YR2QLV2,Madper,3,237,0,0,0,0,1,0,0,0,0,0,0,0,1,1,0,0,0,0
#RYRQCG8PY,slowly,3,242,0,0,1,1,1,0,0,0,0,0,0,0,0,0,0,0,0,0
#8YGR89YJ0,Mazox,3,245,0,0,0,0,0,0,0,0,0,0,0,0,1,0,1,0,1,0
#20GLVPVR,Nevercito💠,3,251,0,0,1,1,1,0,0,0,0,0,0,0,0,0,0,0,0,0
#V9LQY0GG,Lucky💕Tenci,3,260,0,0,1,1,1,0,0,0,0,0,0,0,0,0,0,0,0,0
#2VR88YCV8U,itsyichy,3,265,0,0,0,0,0,0,0,0,0,0,0,0,0,0,0,1,1,1
#VU9CRLP8,MyZee?!,3,277,0,0,0,0,0,0,0,0,0,0,0,0,0,0,0,1,1,1
#LVUCR8CR,スタインウェイ❦D-274,3,300,0,0,1,1,1,0,0,0,0,0,0,0,0,0,0,0,0,0
#PQ8QQVG22,endless🌸,3,306,0,0,0,0,0,0,0,0,0,0,1,0,0,1,1,0,0,0
#200RULC8GY,𝑨𝒍𝒍2𝑾𝒆𝒍𝒍,2,101,0,0,1,1,0,0,0,0,0,0,0,0,0,0,0,0,0,0
#9C9UUUUUR,Misa+Gazan=67,2,101,0,0,0,0,1,0,0,0,0,0,0,0,0,0,1,0,0,0
#9YYL90QP,𝐓𝐢𝐦𝐨,2,101,0,0,0,0,0,0,0,0,1,0,0,0,0,0,1,0,0,0
#99QYLQCU,Bakii ℘,2,102,0,0,1,0,0,0,0,0,0,0,0,0,0,0,0,0,1,0
#8GJY9G8UQ,lollo♡,2,102,0,0,0,0,0,0,0,0,0,0,0,0,0,0,0,1,0,1
#2PJJQV92,Flamen🤍,2,104,0,0,0,0,0,0,0,0,0,0,1,0,0,0,0,0,1,0
#LGVGCY0RJ,TG4|Relokii,2,105,0,0,0,0,0,1,0,0,0,0,1,0,0,0,0,0,0,0
#YGYLUQGCJ,𝑩𝒐𝑺𝒂™️,2,105,0,0,0,0,0,0,0,1,0,0,1,0,0,0,0,0,0,0
#2QVJYJLG0,Abeeeeeel❦,2,105,0,0,0,0,0,0,0,0,0,0,0,0,0,0,0,0,1,1
#UJ208RYQ,JadeJupiter,2,106,0,0,0,0,1,0,0,0,0,0,1,0,0,0,0,0,0,0
#89G802P09,Layroxx夜,2,107,0,0,0,0,0,0,1,0,0,0,0,0,0,0,0,1,0,0
#2VC9U8LG,Ahmed,2,109,0,0,1,1,0,0,0,0,0,0,0,0,0,0,0,0,0,0
#2G82CGU,Zee,2,111,0,0,0,0,1,0,0,0,0,0,0,0,0,0,0,1,0,0
#2CYPYV20UL,ヤAcer🏴,2,113,0,0,0,0,0,0,0,0,0,0,0,0,1,1,0,0,0,0
#8CYYL8VJ,Dan🐬,2,114,1,0,0,0,0,0,0,1,0,0,0,0,0,0,0,0,0,0
#8U90QJUJ,SNOWMAN,2,114,0,0,0,0,0,0,0,0,0,0,1,0,0,0,0,0,1,0
#80CV00R00,Liakinha,2,114,0,0,0,0,0,0,0,0,0,0,0,0,0,0,0,1,1,0
#JRL9JJGG,dissociation,2,115,0,0,1,0,0,0,0,0,0,0,0,0,0,0,0,1,0,0
#UR88J9QC,Simeon,2,116,0,0,0,1,0,0,1,0,0,0,0,0,0,0,0,0,0,0
#9G0RGPJ88,rasierer,2,116,0,0,0,0,0,0,0,0,1,0,0,0,0,1,0,0,0,0
#GC289L00P,自認ハズレ枠,2,116,0,0,0,0,0,0,0,0,0,0,0,0,1,0,0,0,1,0
#RUYQPY2Y,zxcalendar🍏,2,117,0,0,0,0,0,0,0,0,0,1,1,0,0,0,0,0,0,0
#JGU8GCP2,Askalagas♌️,2,117,0,0,0,0,0,0,0,0,0,0,1,0,0,0,0,0,1,0
#CVRJRGP8,1z |Ϝειıx,2,117,0,0,0,0,0,0,0,0,0,0,0,0,0,1,0,1,0,0
#8YCP9GQ0Y,Chase,2,119,0,0,0,0,0,0,0,0,0,0,0,1,0,0,0,0,1,0
#988R00V8,albaner17,2,119,0,0,0,0,0,0,0,0,0,0,0,0,1,0,0,1,0,0
#PVQ9L2CCY,⋆.˚sayonara୨୧,2,119,0,0,0,0,0,0,0,0,0,0,0,0,0,0,0,1,0,1
#99RCGGGY8,FEAR|Flame,2,121,0,0,0,0,0,0,0,0,0,0,1,0,0,0,0,1,0,0
#9YU8VRVJG,SV| DARK🌗,2,121,0,0,0,0,0,0,0,0,0,0,0,1,0,1,0,0,0,0
#20C89UUJ9,Nickk🩵,2,122,0,0,1,0,0,0,0,0,0,0,0,0,0,0,0,1,0,0
#9YV2JY2QU,惨 ︎︎,2,122,0,0,0,0,1,0,0,0,0,0,1,0,0,0,0,0,0,0
#2RVY28LJLP,FUT| Raged龙,2,122,0,0,0,0,0,0,0,0,0,0,1,0,0,1,0,0,0,0
#20RCULQVR,らこすけさん,2,122,0,0,0,0,0,0,0,0,0,0,0,0,0,1,0,1,0,0
#89R2YGVLG,TTV|wrdzp,2,122,0,0,0,0,0,0,0,0,0,0,0,0,0,1,1,0,0,0
#20ULUCP88,𑣲Sxrgiofr🇫🇷,2,122,0,0,0,0,0,0,0,0,0,0,0,0,1,0,0,0,0,1
#2Q2UGU88P,retired★,2,123,0,0,1,0,0,0,0,0,0,0,0,0,0,0,1,0,0,0
#J0CJJPR9,MikuPiku,2,124,0,0,1,0,0,0,0,0,0,0,0,0,0,0,0,0,1,0
#UV9Q9VJJ,quacky.,2,124,0,0,0,0,1,0,0,0,0,0,0,0,0,0,0,1,0,0
#22Y8UYLV,youloved,2,124,0,0,0,0,0,0,0,1,0,1,0,0,0,0,0,0,0,0
#RUUUR9PVR,하치와레ഒ,2,124,0,0,0,0,0,0,0,0,0,0,1,0,1,0,0,0,0,0
#88LLQGP0Q,みらのすけ,2,126,0,0,0,0,1,1,0,0,0,0,0,0,0,0,0,0,0,0
#2LJVR0RQ8G,TL|Engine,2,126,0,0,0,0,0,0,0,1,0,0,1,0,0,0,0,0,0,0
#2GYCJGC0U8,DiegoFraudGamer,2,126,0,0,0,0,0,0,0,0,0,1,0,0,0,0,0,0,1,0
#8YJ80Y9LG,スモモ大臣800%俺,2,127,0,0,0,0,1,0,0,1,0,0,0,0,0,0,0,0,0,0
#PQJVG9LG2,REX Kai.v2,2,127,0,0,0,0,1,0,0,0,0,0,0,0,1,0,0,0,0,0
#2LYCGYJQ8,えくせのさん,2,127,0,0,0,0,0,0,0,0,0,0,1,1,0,0,0,0,0,0
#VGLQLRCG,メØĥâḍŷŷL❤️❤️‍🔥,2,128,0,0,0,0,0,0,0,0,0,0,1,0,0,0,1,0,0,0
#YR2Y9JRCC,Hedwig🍁🪾🍂,2,128,0,0,0,0,0,0,0,0,0,0,0,0,0,0,1,0,1,0
#Y8UC0Q2JR,Lime ♦️,2,129,0,0,1,0,0,0,0,1,0,0,0,0,0,0,0,0,0,0
#PRLGQJVRJ,れんのすけ2,2,130,0,0,0,0,1,1,0,0,0,0,0,0,0,0,0,0,0,0
#9LJ8GV9V8,Marceé夜🤍,2,131,0,0,0,0,0,0,0,0,0,0,0,0,1,0,0,1,0,0
#QJRPPYPC,Ruru!,2,131,0,0,0,0,0,0,0,0,0,0,0,0,0,0,1,1,0,0
#YRUUVJ9,자정XII,2,132,0,0,0,0,0,0,0,1,1,0,0,0,0,0,0,0,0,0
#9089JCGYQ,CarlossGgWp🧧,2,132,0,0,0,0,0,0,0,0,0,0,0,0,0,0,1,0,1,0
#QRLRPR2,Egg GgWp🥚,2,133,0,0,0,0,0,0,0,0,1,0,1,0,0,0,0,0,0,0
#9JQP0V98R,DrEdZ_,2,134,0,0,0,1,1,0,0,0,0,0,0,0,0,0,0,0,0,0
#29J2GYQ2,alekzz,2,136,0,0,1,0,0,0,0,0,0,1,0,0,0,0,0,0,0,0
#PUR0U9LY0,あるっち,2,136,0,0,0,0,1,0,0,0,0,0,0,0,0,0,0,1,0,0
#9QRR8GGG8,💣LegerMemmed,2,136,0,0,0,0,0,0,0,0,0,0,0,0,0,1,1,0,0,0
#UL888JRC,Denis64,2,136,0,0,0,0,0,0,0,0,0,0,0,0,0,0,0,0,1,1
#22VC8PL29,sLiPee 💜 Clara,2,138,0,0,0,0,0,0,0,0,0,0,0,0,0,0,0,0,1,1
#P8VV920R8,Qouga,2,138,0,0,0,0,0,0,0,0,0,0,0,0,0,0,1,0,0,1
#Q98CUVYRL,🦜ᴅɪᴇɢᴏ✦ɢᴀᴍᴇʀ🥤,2,140,0,0,0,0,0,0,0,0,1,0,0,0,0,0,0,0,1,0
#PCJ2YLC8J,Feb505.,2,140,0,0,0,0,0,0,0,0,0,0,0,0,0,0,1,0,0,1
#RVUY098G,LWEN|Unknown,2,141,0,0,1,0,0,0,0,0,0,0,0,0,0,0,0,0,1,0
#92RUYGUJC,뭉치,2,141,0,0,0,0,0,0,0,0,0,0,0,0,0,1,0,1,0,0
#920J9G20V,Alk4pote,2,142,0,0,0,0,0,0,0,0,0,1,0,1,0,0,0,0,0,0
#8UQGRJ0RC,Frostlover❤️,2,143,0,0,0,0,1,0,0,1,0,0,0,0,0,0,0,0,0,0
#2G2P99ULJP,SKC|Naipishu⚔️,2,143,1,0,0,0,0,0,0,1,0,0,0,0,0,0,0,0,0,0
#9UG2QQ9QJ,Tier:𝙀,2,143,0,0,0,0,0,0,0,0,1,0,1,0,0,0,0,0,0,0
#2JR8Y9CPJP,Medi’s Goodboy,2,143,0,0,0,0,0,0,0,0,0,0,0,0,0,0,1,0,1,0
#92QCLQPUY,Greninja 🐼,2,143,0,0,0,0,0,0,0,0,0,0,0,0,0,1,0,0,0,1
#RQJ2GVYQ,Just luv N♡,2,144,0,0,0,0,0,0,0,0,0,0,0,0,1,0,0,1,0,0
#8829CPUQY,Lemmyと,2,149,0,0,0,0,0,0,0,0,0,0,0,1,0,0,0,1,0,0
#Y9YL299JC,YT|Yamaç,2,149,0,0,0,0,0,0,0,0,0,0,0,0,0,0,0,0,1,1
#29G0PRY02,Caduwii,2,150,0,0,0,0,0,0,0,0,0,1,0,0,0,1,0,0,0,0
#8LGYRJJPY,Fusion,2,152,0,0,0,0,0,0,1,0,0,0,0,0,0,0,0,0,0,1
#8Y8Y89JUJ,Falcon,2,153,0,0,1,0,1,0,0,0,0,0,0,0,0,0,0,0,0,0
#2V88CCV28R,げぇい髪👨‍❤️‍👨,2,153,0,0,0,0,0,0,0,0,0,0,0,0,0,0,1,1,0,0
#VYP80UG9,TT:yungteobs,2,153,0,0,0,0,0,0,0,0,0,0,0,0,0,0,1,0,1,0
#Y0YUU8LR8,Neolusin,2,155,0,0,0,0,0,0,0,0,0,0,1,0,0,0,0,1,0,0
#GYJPJPCUR,IDarkLaves,2,156,0,0,0,0,1,0,0,0,0,0,0,0,0,0,1,0,0,0
#8CLY02LL9,xFlowKing ♛,2,156,0,0,0,0,0,0,0,0,0,0,0,0,0,0,0,0,1,1
#JQLL22R9P,Zaruya,2,158,0,0,0,0,0,0,0,0,0,0,0,0,1,1,0,0,0,0
#28JLP02PR,Al-Colt🏴,2,158,0,0,0,0,0,0,0,0,0,0,0,0,0,0,1,1,0,0
#898LVPP0C,Washed Rashey🐜,2,159,0,0,1,0,0,0,0,1,0,0,0,0,0,0,0,0,0,0
#9C92LRP0C,あいず咲く,2,159,0,0,0,0,0,0,0,0,0,0,0,1,0,0,0,1,0,0
#PGYGPG20Y,SC|Nexus🦦,2,161,0,0,0,0,0,0,0,0,0,0,1,1,0,0,0,0,0,0
#20LR92L9C,Bougyفيصل,2,162,0,0,0,0,0,0,0,0,0,0,0,0,0,0,1,0,1,0
#2LQC2RP0V,Yeonjun,2,162,1,0,0,0,0,0,0,0,0,0,0,0,0,0,1,0,0,0
#2UP2JPJGGC,Nesa📸,2,163,0,0,0,0,0,0,0,0,0,0,0,0,0,0,0,0,1,1
#2CGPJ9VLR,ふるこーらだぁー🍀💛,2,164,0,0,0,0,1,0,0,1,0,0,0,0,0,0,0,0,0,0
#8U0V0QQY0,Flare,2,165,0,0,0,0,0,0,0,0,0,0,0,0,1,1,0,0,0,0
#9G09LYVGJ,WoHenAiNi,2,166,0,0,0,0,0,0,0,0,0,0,1,0,0,1,0,0,0,0
#2G02LPY20,rafa❤️belinda,2,167,0,0,1,0,0,0,0,1,0,0,0,0,0,0,0,0,0,0
#GG02RJYCR,VNM|Rafa,2,170,0,0,0,0,0,0,0,0,0,0,0,0,0,1,0,0,1,0
#82GUUUL8Y,RX |DJしょう,2,172,0,0,0,0,0,0,0,0,0,0,0,0,0,1,0,0,0,1
#PVRLUJU,Suffoo🍭,2,173,0,0,1,1,0,0,0,0,0,0,0,0,0,0,0,0,0,0
#PQJCVQ8,Code: Cori,2,173,0,0,0,0,0,0,0,1,0,0,0,0,0,0,1,0,0,0
#2PUU28Q,Zé da manga,2,173,0,0,0,0,0,0,0,0,0,0,0,0,1,1,0,0,0,0
#2CL8YCLJR0,Dyonn殺,2,174,0,0,0,0,0,0,0,0,0,0,1,0,0,1,0,0,0,0
#LRQRQPPR9,Jazz ᛪ༙,2,174,0,0,0,0,0,0,0,0,0,0,0,0,1,0,1,0,0,0
#8VCQ2JRGU,あびたんですな！,2,175,0,0,0,0,0,0,0,0,0,0,0,1,0,1,0,0,0,0
#P0V9YUYLU,Ylli🌀,2,176,0,0,1,1,0,0,0,0,0,0,0,0,0,0,0,0,0,0
#LYPG8LP08,skvarcovv,2,176,0,0,0,0,0,0,0,0,0,0,0,0,0,0,0,0,1,1
#89QPVCJ,Eternal永遠—❤️,2,179,0,0,1,1,0,0,0,0,0,0,0,0,0,0,0,0,0,0
#89J800QL,주한Jùhăn,2,180,0,0,1,1,0,0,0,0,0,0,0,0,0,0,0,0,0,0
#982Y0J98,Killua🌪️,2,181,0,0,0,0,1,1,0,0,0,0,0,0,0,0,0,0,0,0
#PGQ0YQQJY,Flawless缺陷,2,182,0,0,1,1,0,0,0,0,0,0,0,0,0,0,0,0,0,0
#PLVVLUQ0P,Mar1k🖤,2,183,0,0,1,1,0,0,0,0,0,0,0,0,0,0,0,0,0,0
#8UYUC82G8,⚔PKT|🦇mortiz🦇,2,184,0,0,1,1,0,0,0,0,0,0,0,0,0,0,0,0,0,0
#LCQU8CPPL,اوييلي لـولـو😋,2,184,0,0,0,0,0,0,0,0,0,0,1,0,0,0,0,0,1,0
#P99RG9VYP,mohtep hate you,2,186,0,0,1,1,0,0,0,0,0,0,0,0,0,0,0,0,0,0
#2QCCJV08U,Koxu🐙,2,187,0,0,1,1,0,0,0,0,0,0,0,0,0,0,0,0,0,0
#2L82JP2QC,мα͠ℓα͢уα♡,2,187,0,0,0,0,0,0,0,0,0,0,1,0,0,0,0,0,1,0
#QGJLQJPCQ,Łev🩵,2,188,0,0,1,1,0,0,0,0,0,0,0,0,0,0,0,0,0,0
#YJJCUGVGG,めるてぃ＝ハイセ,2,189,0,0,1,1,0,0,0,0,0,0,0,0,0,0,0,0,0,0
#CGQCYJGY,SnakeThug,2,190,0,0,1,1,0,0,0,0,0,0,0,0,0,0,0,0,0,0
#2900RQY2C,Mich7,2,191,0,0,1,1,0,0,0,0,0,0,0,0,0,0,0,0,0,0
#2JUYUJ9Q9,Nic145jr,2,192,0,0,0,0,0,0,0,0,0,1,0,0,0,0,0,0,1,0
#8QG0GGU8Q,코우こう,2,193,0,0,0,0,0,0,0,0,0,0,0,0,1,0,0,0,1,0
#89JJP0P09,walter white,2,195,0,0,0,0,0,0,0,0,0,0,0,0,0,0,0,1,0,1
#8GUUJRQ2J,Mr Ego Scared.,2,196,0,0,1,1,0,0,0,0,0,0,0,0,0,0,0,0,0,0
#29JJCYY8R,ireva,2,199,0,0,1,1,0,0,0,0,0,0,0,0,0,0,0,0,0,0
#PULQCPQQ,籟誦19🌵,2,200,0,0,1,1,0,0,0,0,0,0,0,0,0,0,0,0,0,0
#2G0V9RY8G,Féar fresh!🏒,2,200,0,0,0,0,0,0,0,0,0,0,0,0,0,0,0,1,1,0
#9VCYR2YLR,ゲイに昇格できる点P,2,200,0,0,0,0,0,0,0,0,0,0,0,0,0,0,1,0,0,1
#LQ8LUVJR,ZE|Kazuhaa,2,201,0,0,0,0,0,0,0,0,0,0,1,0,1,0,0,0,0,0
#9VVYGGUGL,Vizor is 🚮🗑️,2,202,0,0,1,1,0,0,0,0,0,0,0,0,0,0,0,0,0,0
#2LJ98JQPR,Astro不,2,203,0,0,1,1,0,0,0,0,0,0,0,0,0,0,0,0,0,0
#RRCUPY99,OMH |YCN🤍,2,204,0,0,1,1,0,0,0,0,0,0,0,0,0,0,0,0,0,0
#2JGJRPVQUU,Twifo,2,206,0,0,0,0,0,0,0,0,0,0,1,0,0,0,0,1,0,0
#9JGG0VC9,mekalys!,2,206,0,0,0,0,0,0,0,0,0,0,1,0,0,1,0,0,0,0
#8URJJCQ8Y,HelpSent,2,207,0,0,1,1,0,0,0,0,0,0,0,0,0,0,0,0,0,0
#899CQJQ8C,Flip ⚡ ZeroX,2,209,0,0,1,1,0,0,0,0,0,0,0,0,0,0,0,0,0,0
#2Q892QVU,TTM|Maru,2,212,0,0,0,0,1,0,0,0,0,0,0,0,0,0,0,1,0,0
#2LV8CQ0YP,fint:),2,214,0,0,1,1,0,0,0,0,0,0,0,0,0,0,0,0,0,0
#2Y00VY02C,NF|NøxTy⚡,2,215,0,0,1,1,0,0,0,0,0,0,0,0,0,0,0,0,0,0
#29LC08CJ2,SZ | Stameʕ”̮ॽु,2,216,0,0,0,0,0,0,0,1,0,0,0,0,0,0,0,0,1,0
#2YLVP9LCJ,Kyle,2,216,0,0,0,0,0,0,0,0,0,0,0,0,0,1,1,0,0,0
#9J8RG2GYL,Dignitas,2,217,0,0,1,1,0,0,0,0,0,0,0,0,0,0,0,0,0,0
#2YYJYPCL,tomzy,2,217,0,0,0,0,1,0,0,1,0,0,0,0,0,0,0,0,0,0
#GLV9JYQCG,砂の惑星,2,218,0,0,0,0,0,0,0,0,0,0,0,0,0,0,1,0,1,0
#2V0Q2VCCPR,Juxa🥥,2,218,0,0,0,0,0,0,0,0,0,0,0,0,0,0,0,1,1,0
#P0098C2C9,ダニエル 🪄,2,219,0,0,0,0,0,0,0,0,0,0,1,0,0,1,0,0,0,0
#YLRGYR8C,Ronaldo 2008,2,219,0,0,0,0,0,0,0,0,0,0,0,0,0,1,0,0,1,0
#RCVJPY28,kensei🀄️,2,222,0,0,0,0,0,0,0,0,0,0,0,0,0,1,0,1,0,0
#2JLJV28L28,OppoMil❤️Makto,2,224,0,0,1,1,0,0,0,0,0,0,0,0,0,0,0,0,0,0
#80R9CU8YP,GLR|Flajbojš🐙,2,226,0,0,0,0,1,0,0,1,0,0,0,0,0,0,0,0,0,0
#P2RVQ90L9,KYR|Silent🖤,2,227,0,0,1,1,0,0,0,0,0,0,0,0,0,0,0,0,0,0
#998CVR8R,Bengesch,2,228,0,0,0,0,0,0,0,0,0,0,1,0,0,0,0,1,0,0
#2RURVUV0L0,dariush,2,229,0,0,1,1,0,0,0,0,0,0,0,0,0,0,0,0,0,0
#99QGV9GU,𑣲EwicOffZa,2,230,0,0,1,1,0,0,0,0,0,0,0,0,0,0,0,0,0,0
#QGYUURV8Q,Ygritte,2,232,0,0,0,0,0,0,0,1,0,0,1,0,0,0,0,0,0,0
#RUYYR8YU0,queue,2,233,0,0,1,1,0,0,0,0,0,0,0,0,0,0,0,0,0,0
#Y9URC8UYJ,Noah Margiela,2,235,0,0,0,0,1,0,0,1,0,0,0,0,0,0,0,0,0,0
#R0CPC2U9L,𑣲Ivy⸝⸝,2,235,0,0,0,0,0,0,0,0,0,0,0,0,0,1,1,0,0,0
#99QGR88Q,Fernando🐣シ,2,235,0,0,0,0,1,0,0,0,0,0,0,0,0,0,0,0,0,1
#GPQJJV8G,skylo🤎teddy🐾,2,237,0,0,1,1,0,0,0,0,0,0,0,0,0,0,0,0,0,0
#YYGRR80V0,⚓️DOCKS⚓️,2,238,0,0,1,1,0,0,0,0,0,0,0,0,0,0,0,0,0,0
#2UC8VQ2PQQ,Rexiomigré💣,2,238,0,0,0,0,0,0,0,0,0,0,0,0,0,1,1,0,0,0
#2VQCL0LLCC,TLB|Agachi,2,238,0,0,0,0,0,0,0,0,0,0,0,0,0,0,0,0,1,1
#Y02YP9R2U,🐱×🐱×🐱,2,239,0,0,1,1,0,0,0,0,0,0,0,0,0,0,0,0,0,0
#JJLVCULP,100PingidcPro❌️,2,239,0,0,0,0,0,0,0,1,0,0,0,0,0,0,0,0,1,0
#20LCC2YU8,Jaywapi7⚡️,2,239,0,0,0,0,0,0,0,0,0,0,0,0,0,0,1,0,1,0
#PJUY0GLL0,TikTok:Alumina,2,240,0,0,0,0,0,0,0,0,0,0,0,0,0,1,0,0,0,1
#28GG0V88G,TNO| Seba64,2,241,0,0,0,0,0,0,0,0,0,0,0,0,0,1,1,0,0,0
#LV88P2RG0,j❤️agri,2,241,0,0,0,0,0,0,0,0,0,0,0,0,0,0,0,1,0,1
#9YQ9C02UG,Néxus夜,2,242,0,0,0,0,0,0,0,1,0,0,0,0,0,0,0,0,1,0
#YR9URYG0C,Owenz↯,2,244,0,0,1,1,0,0,0,0,0,0,0,0,0,0,0,0,0,0
#8QCVRYLCR,아빠상어,2,245,0,0,1,1,0,0,0,0,0,0,0,0,0,0,0,0,0,0
#2GCG2UVCU,Proplayer01,2,245,0,0,0,0,0,0,0,0,0,0,1,0,0,0,0,1,0,0
#RYCCRRV9V,SaucyED,2,247,0,0,1,1,0,0,0,0,0,0,0,0,0,0,0,0,0,0
#GUQQPULUG,Will ヤ,2,249,0,0,0,0,0,0,0,0,0,0,0,0,0,0,0,1,1,0
#GCQVYGJU,ZETA|Sizuku,2,250,0,0,1,1,0,0,0,0,0,0,0,0,0,0,0,0,0,0
#8CLYLYUR9,truly gato♟️,2,251,0,0,0,0,0,0,0,0,0,0,0,0,0,1,0,1,0,0
#2Y2R9QP98,NornGreyrat⊹₊✦,2,252,0,0,0,0,0,0,0,0,0,0,0,0,0,0,0,1,1,0
#RCRGCVRJ,Des ✰︎,2,254,0,0,1,1,0,0,0,0,0,0,0,0,0,0,0,0,0,0
#2UV9R8P2P,Sitri Smart💕,2,256,0,0,1,1,0,0,0,0,0,0,0,0,0,0,0,0,0,0
#22PJR8QQL,TheDeep😭💔,2,258,0,0,1,1,0,0,0,0,0,0,0,0,0,0,0,0,0,0
#C29202RL2,btw,2,258,0,0,0,0,0,0,0,0,0,0,1,0,0,0,0,1,0,0
#99089RP0J,Be My Guest,2,258,0,0,0,0,0,0,0,0,0,0,0,0,0,0,1,0,1,0
#2U8LQYJCC,フィセスポクス,2,259,0,0,1,1,0,0,0,0,0,0,0,0,0,0,0,0,0,0
#2L99JC2LL,CR|LeStuff,2,262,0,0,1,1,0,0,0,0,0,0,0,0,0,0,0,0,0,0
#8R2CPYRQ,Cyons 🇩🇪,2,263,0,0,1,1,0,0,0,0,0,0,0,0,0,0,0,0,0,0
#PQCLCLQ8J,Wift彡,2,264,0,0,1,1,0,0,0,0,0,0,0,0,0,0,0,0,0,0
#GRQ82UJV,01 | Toodyxz🌶️,2,265,0,0,1,1,0,0,0,0,0,0,0,0,0,0,0,0,0,0
#82JPG02,JDBG🍥|🎀,2,266,0,0,1,1,0,0,0,0,0,0,0,0,0,0,0,0,0,0
#2GGRV2PC2,SNG |Darkdream,2,271,0,0,0,0,1,0,0,0,0,0,0,0,1,0,0,0,0,0
#8PGJUG0VV,McIntyre ✦︎,2,272,0,0,0,0,0,0,0,0,0,0,0,0,0,0,0,1,1,0
#2JGPCL0RU,でいわい(DY),2,273,0,0,0,0,0,0,0,1,0,0,0,0,0,0,0,0,1,0
#8CG0RLUG9,Odin,2,275,0,0,1,1,0,0,0,0,0,0,0,0,0,0,0,0,0,0
#GR9PL2YQV,✤DiegogamerBS🧃,2,275,0,0,0,0,0,0,0,0,0,0,1,0,0,0,0,0,1,0
#2YGVRQ809,Yeung,2,276,0,0,1,1,0,0,0,0,0,0,0,0,0,0,0,0,0,0
#R8UV0RJJ0,ZNT | Sevilox,2,277,0,0,1,1,0,0,0,0,0,0,0,0,0,0,0,0,0,0
#GQ2920R0,MONARCH,2,278,0,0,1,1,0,0,0,0,0,0,0,0,0,0,0,0,0,0
#9P080U9L,riptideyls18,2,279,0,0,1,1,0,0,0,0,0,0,0,0,0,0,0,0,0,0
#YRQ0YY9JL,LOUD | BRAY,2,280,0,0,1,1,0,0,0,0,0,0,0,0,0,0,0,0,0,0
#U0JRYJGP,5051mne,2,282,0,0,1,1,0,0,0,0,0,0,0,0,0,0,0,0,0,0
#9UJR08RL9,пижон,2,282,0,0,0,0,0,0,0,0,0,0,1,0,0,0,0,0,1,0
#PLJ8VQY2C,OS|Satisfyer,2,282,0,0,0,0,0,0,0,0,0,0,1,0,0,0,0,1,0,0
#L0GJRV02,Polat,2,283,0,0,1,1,0,0,0,0,0,0,0,0,0,0,0,0,0,0
#YQVQ2L9RC,RedyX🔥,2,284,0,0,0,0,0,0,0,0,0,0,0,0,0,0,0,1,1,0
#Y2Q0PUJL2,1 man army,2,285,0,0,1,1,0,0,0,0,0,0,0,0,0,0,0,0,0,0
#99QU0PYJP,Bougy포코,2,285,0,0,0,0,1,0,0,0,0,0,0,0,0,0,0,1,0,0
#99LJJJ2UR,JulianK🍀,2,287,0,0,1,1,0,0,0,0,0,0,0,0,0,0,0,0,0,0
#R88GUCVP,XQ|NEO,2,288,0,0,1,1,0,0,0,0,0,0,0,0,0,0,0,0,0,0
#GCQV090Y,MiiQUEL🫧,2,288,0,0,0,0,1,0,0,0,0,0,0,0,1,0,0,0,0,0
#QCY82UUUR,Бездарь Игры,2,288,0,0,0,0,0,0,0,0,0,0,0,0,0,0,0,1,1,0
#R8U8UCC,_Buried🩸,2,289,0,0,0,0,0,0,0,0,0,0,0,0,0,0,0,1,0,1
#8JQG2RQLV,Mysterio,2,290,0,0,1,1,0,0,0,0,0,0,0,0,0,0,0,0,0,0
#2QUQQUCL,Biluux 🐰,2,292,0,0,1,1,0,0,0,0,0,0,0,0,0,0,0,0,0,0
#PPJGLUPU,Hoijboi,2,294,0,0,1,1,0,0,0,0,0,0,0,0,0,0,0,0,0,0
#888RRYYCV,Yx,2,294,0,0,0,0,0,0,0,0,0,0,1,0,0,0,0,0,1,0
#22QQR2JVY,What Is?,2,295,0,0,1,1,0,0,0,0,0,0,0,0,0,0,0,0,0,0
#99LYCUU92,あしうらたぬき,2,296,0,0,0,0,0,0,0,0,0,0,1,0,0,1,0,0,0,0
#9C8UQP9P,iEma😶‍🌫️,2,297,0,0,1,1,0,0,0,0,0,0,0,0,0,0,0,0,0,0
#98L2G2UP9,67|Murilin🐦‍🔥,2,297,0,0,0,0,0,0,0,0,0,0,1,0,0,0,0,1,0,0
#2VCV2CPQP,Brawler,2,298,0,0,0,0,0,0,0,0,0,0,1,0,0,0,0,0,1,0
#C9LC0LP,ブロスタプレイヤー,2,300,0,0,0,0,1,0,0,0,0,0,1,0,0,0,0,0,0,0
#2UGRUULU0J,どぶ,2,301,0,0,0,0,0,0,0,0,0,0,0,0,0,0,1,0,1,0
#2QL292QP08,OppoMil,2,304,0,0,1,1,0,0,0,0,0,0,0,0,0,0,0,0,0,0
#9J98028LL,みるちま,2,306,0,0,0,0,1,0,0,1,0,0,0,0,0,0,0,0,0,0
#YJJYYQLY2,︀︀︀,2,309,0,0,0,0,0,0,0,1,0,0,1,0,0,0,0,0,0,0
#L2RRQGU0Y,Brawler,2,310,0,0,0,0,0,0,0,0,0,0,0,0,0,0,0,0,1,1
#90VQGVL9G,Dør1an🥥,2,334,0,0,0,0,0,0,0,0,0,0,0,0,0,1,0,1,0,0
#YP802RY8G,KYR|Griffith,2,345,0,0,0,0,1,0,0,0,0,0,0,0,0,0,0,0,1,0
#2YPJ8CYQ92,sleepie :3,2,345,0,0,0,0,0,0,0,0,0,0,1,0,0,1,0,0,0,0
#GVJYQJV8J,Yichy🩷Leo,2,361,0,0,0,0,0,0,0,0,0,0,0,0,0,0,0,1,1,0
#8CG9QGGJG,Alden,2,363,0,0,0,0,1,0,0,0,0,0,0,0,0,0,0,1,0,0
#9GY98Y0QR,拉面🥢,2,364,0,0,0,0,0,0,0,0,0,0,0,0,0,1,0,0,1,0
#P80PJ9CLG,Michael Olise,2,369,0,0,0,0,1,0,0,0,0,0,0,0,0,0,1,0,0,0
#99GGUPY2U,FZ|Danshari,2,374,0,0,0,0,1,0,0,0,0,0,0,0,0,0,0,0,1,0
#YPJV9CQ9,FTE|Seebaa,2,377,0,0,0,0,1,0,0,0,0,0,1,0,0,0,0,0,0,0
#PLLJUCLJG,Marquin🏂,2,429,0,0,0,0,0,0,0,0,0,0,1,0,0,0,0,0,1,0
#G8RRVJR29,ηεκο 🖤,2,435,0,0,0,0,0,0,0,0,0,0,1,0,0,0,0,0,1,0
#2QCUYRUYY,ElGrandeA🐺,2,466,0,0,0,0,0,0,0,0,0,0,1,0,0,0,0,0,1,0
#29G8GJR9G,matheuzinho2213,2,477,0,0,0,0,0,0,0,0,0,0,1,0,0,1,0,0,0,0
#8JGCCUCVY,Jack❤️,1,100,0,0,0,0,0,0,0,0,0,0,0,0,0,0,0,0,0,1
#YGLCLYRY,Roger Federer🎾,1,101,0,0,0,0,1,0,0,0,0,0,0,0,0,0,0,0,0,0
#QUG9RP9,らいげきストライカー,1,101,0,0,0,0,0,1,0,0,0,0,0,0,0,0,0,0,0,0
#80QPLCQ8Y,N : Jude,1,101,0,0,0,0,0,0,1,0,0,0,0,0,0,0,0,0,0,0
#YY9RR2L2P,♿️ =no game,1,101,0,0,0,0,0,0,0,0,0,0,1,0,0,0,0,0,0,0
#2UG2QU80RJ,Dab🩵,1,101,0,0,0,0,0,0,0,0,0,0,0,0,1,0,0,0,0,0
#2V9GQRLC80,(⊂'ᢦ')ﾊｧｲ,1,101,0,0,0,0,0,0,0,0,0,0,0,0,0,0,0,1,0,0
#2RJ28PPY88,ちらかし家来,1,101,0,0,0,0,0,0,0,0,0,0,0,0,0,0,0,0,1,0
#9PG2LQJ28,Takezzヤ,1,101,0,0,0,0,0,0,0,0,0,0,0,0,0,0,0,0,0,1
#YYYRRGQUU,Lukas🩵,1,102,0,0,0,1,0,0,0,0,0,0,0,0,0,0,0,0,0,0
#L290GYQL9,人間失格,1,102,0,0,0,0,0,0,0,0,0,0,1,0,0,0,0,0,0,0
#2VVU9L0LR,leo chan >.<,1,102,0,0,0,0,0,0,0,0,0,0,0,0,0,0,0,0,0,1
#QGRV8PRR8,インス,1,103,0,0,0,0,0,0,0,1,0,0,0,0,0,0,0,0,0,0
#2JCQ9R998,Donqe100,1,103,0,0,0,0,0,0,0,0,0,0,1,0,0,0,0,0,0,0
#9GJ09J08,Kzin<3,1,103,0,0,0,0,0,0,0,0,0,0,0,1,0,0,0,0,0,0
#80QPCUGLG,AQM|❤️Aram🇦🇲,1,103,0,0,0,0,0,0,0,0,0,0,0,0,1,0,0,0,0,0
#RP9PCPU9,t e t o n,1,103,0,0,0,0,0,0,0,0,0,0,0,0,0,1,0,0,0,0
#9QPUV8QQJ,SK | Ł͢uͥzgͣaͫr,1,103,0,0,0,0,0,0,0,0,0,0,0,0,0,0,1,0,0,0
#29VVGQ0GP,ɪɴᴠɪɴᴄɪʙʟᴇ,1,103,0,0,0,0,0,0,0,0,0,0,0,0,0,0,0,0,0,1
#88QJ2RR2J,Nayzen ⚡️,1,104,0,0,1,0,0,0,0,0,0,0,0,0,0,0,0,0,0,0
#RGVPR82RP,AQL|Vegas 🕊️,1,104,0,0,0,0,1,0,0,0,0,0,0,0,0,0,0,0,0,0
#2890UVJR99,àlčhémy 🧪,1,104,0,0,0,0,0,0,0,1,0,0,0,0,0,0,0,0,0,0
#2C0GUY8UY,tsubasa ↯,1,104,0,0,0,0,0,0,0,0,0,0,1,0,0,0,0,0,0,0
#PJLVYQR8,ミラクル,1,104,0,0,0,0,0,0,0,0,0,0,0,1,0,0,0,0,0,0
#2V90L9G2J,PrettyLilBaby🩵,1,104,0,0,0,0,0,0,0,0,0,0,0,0,0,0,1,0,0,0
#8YQ0CQ2Y8,Saber,1,104,0,0,0,0,0,0,0,0,0,0,0,0,0,0,0,0,0,1
#P9PL2PLVQ,RupertGamingBoy,1,105,0,0,0,1,0,0,0,0,0,0,0,0,0,0,0,0,0,0
#LRQ0RLLL8,Vi | Selanoria,1,105,0,0,0,0,0,0,0,0,1,0,0,0,0,0,0,0,0,0
#8Q2C8U28U,Kittꨄ,1,105,0,0,0,0,0,0,0,0,0,1,0,0,0,0,0,0,0,0
#29VG80YL9,Mohamed64,1,105,0,0,0,0,0,0,0,0,0,0,1,0,0,0,0,0,0,0
#2YJYQ2C8L,Ane Hellum,1,105,0,0,0,0,0,0,0,0,0,0,0,0,1,0,0,0,0,0
#98CCVVUY9,𝐈𝐯𝐚𝐧龍,1,105,0,0,0,0,0,0,0,0,0,0,0,0,0,1,0,0,0,0
#99L0J8CJR,Prime Fran477,1,106,0,0,1,0,0,0,0,0,0,0,0,0,0,0,0,0,0,0
#RJ2UUQVCL,lost hope dies,1,106,0,0,0,1,0,0,0,0,0,0,0,0,0,0,0,0,0,0
#PCCYCLVGJ,titrek riva,1,106,0,0,0,0,0,0,0,0,0,1,0,0,0,0,0,0,0,0
#2C8CCV9CPY,Sir Waddles,1,106,0,0,0,0,0,0,0,0,0,0,1,0,0,0,0,0,0,0
#JRRUQJYLQ,資金ショートスリーパー,1,106,0,0,0,0,0,0,0,0,0,0,0,0,1,0,0,0,0,0
#2UQ8JYU2JQ,le Dxcken?,1,106,0,0,0,0,0,0,0,0,0,0,0,0,0,0,1,0,0,0
#8V9QJLL8G,ER|Ilyan 🌊,1,106,0,0,0,0,0,0,0,0,0,0,0,0,0,0,0,1,0,0
#2YP0Q2UP0,Satoru Gojo💜,1,106,0,0,0,0,0,0,0,0,0,0,0,0,0,0,0,0,1,0
#J8Q9QYGJ9,TTV : Ksilith,1,106,0,0,0,0,0,0,0,0,0,0,0,0,0,0,0,0,0,1
#2LYQQY92QQ,Venom 💐,1,107,0,0,0,1,0,0,0,0,0,0,0,0,0,0,0,0,0,0
#8L2VQPCU9,KriSttxz,1,107,0,0,0,0,0,0,0,0,0,0,1,0,0,0,0,0,0,0
#Q09PGLQ9,Lutima 樣,1,107,0,0,0,0,0,0,0,0,0,0,0,1,0,0,0,0,0,0
#9VP9PJGQJ,FUT|Zyrox,1,107,0,0,0,0,0,0,0,0,0,0,0,0,1,0,0,0,0,0
#GJ0VQCPP,DY | Mega,1,107,0,0,0,0,0,0,0,0,0,0,0,0,0,1,0,0,0,0
#8PYRR0U8G,BlxzZe,1,107,0,0,0,0,0,0,0,0,0,0,0,0,0,0,1,0,0,0
#2VP8VUJRQ9,🤨 ᅠᅠᅠ,1,107,0,0,0,0,0,0,0,0,0,0,0,0,0,0,0,0,1,0
#RP2QRU2V9,C11|Wy4tt🇵🇱,1,107,0,0,0,0,0,0,0,0,0,0,0,0,0,0,0,0,0,1
#2JPQLCGRL,ᴛʀᴀғᴀʟɢᴀʀ 🃏,1,108,0,0,0,1,0,0,0,0,0,0,0,0,0,0,0,0,0,0
#9YYRV9UP,Lord_ReZox,1,108,0,0,0,0,0,1,0,0,0,0,0,0,0,0,0,0,0,0
#L0V88P0Q,headache 神,1,108,0,0,0,0,0,0,0,0,0,1,0,0,0,0,0,0,0,0
#2QYGYR09YC,"YT,TT @imcuteBs",1,108,0,0,0,0,0,0,0,0,0,0,1,0,0,0,0,0,0,0
#2QQ9UVY9C9,Hixi,1,108,0,0,0,0,0,0,0,0,0,0,0,1,0,0,0,0,0,0
#JLPQ9PR0Q,TT: Kavrix.bs,1,108,0,0,0,0,0,0,0,0,0,0,0,0,1,0,0,0,0,0
#2J2U9GCC2J,𝚉𝙿|ʍøʀȶʊʍ💎,1,108,0,0,0,0,0,0,0,0,0,0,0,0,0,1,0,0,0,0
#808R2UY8Q,toxicwilliam🃏,1,108,0,0,0,0,0,0,0,0,0,0,0,0,0,0,0,0,0,1
#82PQP89Q8,synth:(,1,109,0,0,1,0,0,0,0,0,0,0,0,0,0,0,0,0,0,0
#28LQG9PU,いずみこなた,1,109,0,0,0,0,1,0,0,0,0,0,0,0,0,0,0,0,0,0
#2PLCQGQLV,I❤️Baddies,1,109,0,0,0,0,0,0,0,0,0,0,1,0,0,0,0,0,0,0
#JRRVC2C80,hax,1,109,0,0,0,0,0,0,0,0,0,0,0,1,0,0,0,0,0,0
#R2GR0PCC,Nexy🩷,1,109,0,0,0,0,0,0,0,0,0,0,0,0,1,0,0,0,0,0
#LG2RY8GP,cyclxne,1,110,0,0,0,0,1,0,0,0,0,0,0,0,0,0,0,0,0,0
#2G998UR2Y,feel alive,1,110,0,0,0,0,0,0,0,0,1,0,0,0,0,0,0,0,0,0
#8RLG00CJR,𝐐𝐮𝐨𝐫𝐯𝐞𝐱,1,110,0,0,0,0,0,0,0,0,0,1,0,0,0,0,0,0,0,0
#9Q9UG2LGP,Yuta,1,110,0,0,0,0,0,0,0,0,0,0,0,1,0,0,0,0,0,0
#92PQYP09G,TakeANap🏴,1,110,0,0,0,0,0,0,0,0,0,0,0,0,0,0,1,0,0,0
#8J0LR9Y9V,Unc Duke.🍋‍🟩,1,110,0,0,0,0,0,0,0,0,0,0,0,0,0,0,0,1,0,0
#8PLLQ2C0,KICK : GabyBs1,1,111,0,0,1,0,0,0,0,0,0,0,0,0,0,0,0,0,0,0
#2CQ0U882Q,𝕱𝖘𝖈𝖆𝖓𝖔𝖗,1,111,0,0,0,0,0,0,0,0,0,0,1,0,0,0,0,0,0,0
#2PCRQ2YQJ,MellyStyler,1,111,0,0,0,0,0,0,0,0,0,0,0,1,0,0,0,0,0,0
#2URRVU00P8,EA|Guesti,1,111,0,0,0,0,0,0,0,0,0,0,0,0,0,1,0,0,0,0
#GLVGP2UUR,random kid,1,111,0,0,0,0,0,0,0,0,0,0,0,0,0,0,1,0,0,0
#98PC0LV8Y,Derya My Life💗,1,111,0,0,0,0,0,0,0,0,0,0,0,0,0,0,0,1,0,0
#QYJPCCCJ2,Hayzen乂,1,112,0,0,0,1,0,0,0,0,0,0,0,0,0,0,0,0,0,0
#2L0RJ9UP9R,shua,1,112,0,0,0,0,1,0,0,0,0,0,0,0,0,0,0,0,0,0
#9CPP2CJQ9,Who am I?🧐,1,112,0,0,0,0,0,0,1,0,0,0,0,0,0,0,0,0,0,0
#PURJP0PUJ,MystaRias🦊,1,112,0,0,0,0,0,0,0,0,0,0,1,0,0,0,0,0,0,0
#82QRLY9U2,cryx❤️lena,1,112,0,0,0,0,0,0,0,0,0,0,0,1,0,0,0,0,0,0
#2U9R829PC,DEW|Remcx,1,112,0,0,0,0,0,0,0,0,0,0,0,0,1,0,0,0,0,0
#2UQVQ8YYCL,きず,1,112,0,0,0,0,0,0,0,0,0,0,0,0,0,1,0,0,0,0
#J99YRY8Y,✨•ʙOʙRɪ̀ᴋ,1,112,0,0,0,0,0,0,0,0,0,0,0,0,0,0,0,1,0,0
#2YC9RU8QJ,za🍃,1,112,0,0,0,0,0,0,0,0,0,0,0,0,0,0,0,0,0,1
#PUQV9200P,ZETA|Sitetampo,1,113,0,0,0,1,0,0,0,0,0,0,0,0,0,0,0,0,0,0
#YC08J29,PanPan,1,113,0,0,0,0,1,0,0,0,0,0,0,0,0,0,0,0,0,0
#9CLR90V2C,Spoooky,1,113,0,0,0,0,0,0,0,0,0,0,0,1,0,0,0,0,0,0
#YGCJL,Zero,1,113,0,0,0,0,0,0,0,0,0,0,0,0,0,1,0,0,0,0
#9CYPY289R,MiyanoTuChero😞,1,113,0,0,0,0,0,0,0,0,0,0,0,0,0,0,0,0,1,0
#20Y8QY8U,𝑬𝒅𝒖.,1,113,0,0,0,0,0,0,0,0,0,0,0,0,0,0,0,0,0,1
#PGG8QQJ8Y,BC*|Greg,1,114,0,0,1,0,0,0,0,0,0,0,0,0,0,0,0,0,0,0
#298JVR9UL,Art🍭,1,114,0,0,0,1,0,0,0,0,0,0,0,0,0,0,0,0,0,0
#2PCUPR8Y98,Ranked Owner,1,114,0,0,0,0,1,0,0,0,0,0,0,0,0,0,0,0,0,0
#29J889V28,natixx9893,1,114,0,0,0,0,0,0,0,0,0,1,0,0,0,0,0,0,0,0
#8U0RPU2R0,Terry-,1,114,0,0,0,0,0,0,0,0,0,0,0,0,1,0,0,0,0,0
#P9VLVUPRQ,ragebait,1,114,0,0,0,0,0,0,0,0,0,0,0,0,0,1,0,0,0,0
#8RVLU00YY,Mister,1,115,0,0,0,1,0,0,0,0,0,0,0,0,0,0,0,0,0,0
#92Y8GY9Y,Alex❤️‍🔥,1,115,0,0,0,0,1,0,0,0,0,0,0,0,0,0,0,0,0,0
#2CY88U8P0L,あちゃぴ@0からプロ道2,1,115,0,0,0,0,0,0,0,0,0,0,1,0,0,0,0,0,0,0
#89JUJUVYL,QOQ|DoRaHo,1,115,0,0,0,0,0,0,0,0,0,0,0,1,0,0,0,0,0,0
#8LR9CRY99,KimZz😴,1,115,0,0,0,0,0,0,0,0,0,0,0,0,1,0,0,0,0,0
#J9G8L2CPG,TT:Wadnésss,1,115,0,0,0,0,0,0,0,0,0,0,0,0,0,1,0,0,0,0
#PU092UQLQ,Meyriu.,1,115,0,0,0,0,0,0,0,0,0,0,0,0,0,0,1,0,0,0
#PU2QQLUVY,t6 gonzalito!,1,115,0,0,0,0,0,0,0,0,0,0,0,0,0,0,0,0,1,0
#GC8P9G88P,Clove,1,115,0,0,0,0,0,0,0,0,0,0,0,0,0,0,0,0,0,1
#9U0G8JPU2,driceps🐦‍🔥,1,116,0,0,0,0,1,0,0,0,0,0,0,0,0,0,0,0,0,0
#2YQ0UGP9U,JINX🧊,1,116,0,0,0,0,0,0,0,1,0,0,0,0,0,0,0,0,0,0
#2P00PQ9G9,l was born free,1,116,0,0,0,0,0,0,0,0,0,0,1,0,0,0,0,0,0,0
#9JYRLLVYP,alvxiety🫀,1,116,0,0,0,0,0,0,0,0,0,0,0,0,0,1,0,0,0,0
#UYQQJJ0,Ultra Dull,1,116,0,0,0,0,0,0,0,0,0,0,0,0,0,0,1,0,0,0
#Y2UVC9VR,Erlis❄️🩵,1,116,0,0,0,0,0,0,0,0,0,0,0,0,0,0,0,1,0,0
#J8U20CRU,Vartii 🐢,1,116,0,0,0,0,0,0,0,0,0,0,0,0,0,0,0,0,1,0
#8U8QRURLY,milo🫧,1,116,0,0,0,0,0,0,0,0,0,0,0,0,0,0,0,0,0,1
#8LJG9LCC0,I need a Mommy,1,117,0,0,1,0,0,0,0,0,0,0,0,0,0,0,0,0,0,0
#CRCJL9QP,PRIME TIMELINE,1,117,0,0,0,0,0,1,0,0,0,0,0,0,0,0,0,0,0,0
#VCPJQQ,Yi Sun-Shin,1,117,0,0,0,0,0,0,0,1,0,0,0,0,0,0,0,0,0,0
#2QRYUP0GQG,Join my club,1,117,0,0,0,0,0,0,0,0,0,0,0,1,0,0,0,0,0,0
#2G2P909GUG,Messi🇦🇷,1,117,0,0,0,0,0,0,0,0,0,0,0,0,1,0,0,0,0,0
#VYC2PQL9,Aiko,1,117,0,0,0,0,0,0,0,0,0,0,0,0,0,1,0,0,0,0
#2L0R28G8RL,Tunindamarreta,1,118,0,0,0,1,0,0,0,0,0,0,0,0,0,0,0,0,0,0
#PGL2UL0CR,VIBS|Psychokid,1,118,0,0,0,0,0,0,0,0,1,0,0,0,0,0,0,0,0,0
#LR908V928,jipper6,1,118,0,0,0,0,0,0,0,0,0,0,0,1,0,0,0,0,0,0
#G0RVG22G0,𝑬𝒏𝒅𝒆𝒓 ✗,1,118,0,0,0,0,0,0,0,0,0,0,0,0,0,1,0,0,0,0
#29QYU2Y2Q,Davi,1,118,0,0,0,0,0,0,0,0,0,0,0,0,0,0,0,1,0,0
#20P822GY,slay,1,118,0,0,0,0,0,0,0,0,0,0,0,0,0,0,0,0,1,0
#2YLYPR28J0,Gonaaal❤️Honcho,1,118,0,0,0,0,0,0,0,0,0,0,0,0,0,0,0,0,0,1
#GCQY2V8R,Killua Zoldyck,1,119,0,0,0,1,0,0,0,0,0,0,0,0,0,0,0,0,0,0
#9YJLQP89,LR | Rich,1,119,0,0,0,0,0,0,1,0,0,0,0,0,0,0,0,0,0,0
#2JVCY8YJP,定期考査学年一位常連,1,119,0,0,0,0,0,0,0,1,0,0,0,0,0,0,0,0,0,0
#QGLJYGUJ8,Tensei,1,119,0,0,0,0,0,0,0,0,0,0,0,0,0,1,0,0,0,0
#8RY8Y88Y,Lukas,1,119,0,0,0,0,0,0,0,0,0,0,0,0,0,0,0,0,1,0
#8CV8PCGC,bayarea🙀,1,120,0,0,0,0,1,0,0,0,0,0,0,0,0,0,0,0,0,0
#2UQJP2RUY,谢谢🐼,1,120,0,0,0,0,0,0,0,0,0,1,0,0,0,0,0,0,0,0
#2C92VR8CGG,한국 1탑은 역시 보라악마,1,120,0,0,0,0,0,0,0,0,0,0,1,0,0,0,0,0,0,0
#8JGVULPR8,Bartxzz❤️B$$sty,1,120,0,0,0,0,0,0,0,0,0,0,0,1,0,0,0,0,0,0
#220UJU8P2,FNRS|Slesta,1,120,0,0,0,0,0,0,0,0,0,0,0,0,1,0,0,0,0,0
#2VPC9YYY9,REV|Orangeuh,1,120,0,0,0,0,0,0,0,0,0,0,0,0,0,1,0,0,0,0
#R9YU0UYQP,uming!,1,120,0,0,0,0,0,0,0,0,0,0,0,0,0,0,1,0,0,0
#28CC8V8U0,@tewiq_77,1,120,0,0,0,0,0,0,0,0,0,0,0,0,0,0,0,0,0,1
#9PR8LJYCR,TC|KaZ,1,121,0,0,1,0,0,0,0,0,0,0,0,0,0,0,0,0,0,0
#29PL2P2J2,更|Bdenix,1,121,0,0,0,1,0,0,0,0,0,0,0,0,0,0,0,0,0,0
#P8V2JUUJ,Maxsi69,1,121,0,0,0,0,1,0,0,0,0,0,0,0,0,0,0,0,0,0
#2LP0R8QJQG,남빛,1,121,0,0,0,0,0,0,0,0,0,0,0,0,0,1,0,0,0,0
#8GU0C2L2V,elxgence,1,121,0,0,0,0,0,0,0,0,0,0,0,0,0,0,1,0,0,0
#9PRGVL88G,TTM|Bakita,1,121,0,0,0,0,0,0,0,0,0,0,0,0,0,0,0,0,0,1
#2RJUVUPR,WiND,1,123,0,0,0,1,0,0,0,0,0,0,0,0,0,0,0,0,0,0
#Q0RJCJYLR,Adaam🐬❤️‍🔥,1,123,0,0,0,0,1,0,0,0,0,0,0,0,0,0,0,0,0,0
#UV0Y9G8U,Instînct,1,123,0,0,0,0,0,0,1,0,0,0,0,0,0,0,0,0,0,0
#PRQP2UR0,Chris,1,123,0,0,0,0,0,0,0,0,1,0,0,0,0,0,0,0,0,0
#8RYV0RVGR,GamerMida,1,123,0,0,0,0,0,0,0,0,0,1,0,0,0,0,0,0,0,0
#2228PJYPL,Rias Gremory💋,1,123,0,0,0,0,0,0,0,0,0,0,1,0,0,0,0,0,0,0
#8JGYC2G8Q,Serious.,1,123,0,0,0,0,0,0,0,0,0,0,0,0,1,0,0,0,0,0
#9VJY2RLR9,Baxon,1,123,0,0,0,0,0,0,0,0,0,0,0,0,0,1,0,0,0,0
#2RPCJY9Q0,Jarkosss🍬,1,123,0,0,0,0,0,0,0,0,0,0,0,0,0,0,1,0,0,0
#YQYPUQR8L,ryuzakiᛪ༙🦇,1,123,0,0,0,0,0,0,0,0,0,0,0,0,0,0,0,0,1,0
#G2JYP9RLL,V01D|L1LN1RV🔪,1,123,0,0,0,0,0,0,0,0,0,0,0,0,0,0,0,0,0,1
#22P8YV8V,GRｯ|New Born🐸,1,124,0,0,0,0,0,0,0,0,0,1,0,0,0,0,0,0,0,0
#GVJGG9RGU,tewiq GgWp,1,124,0,0,0,0,0,0,0,0,0,0,0,0,0,0,1,0,0,0
#JVUC9Q22,pro100vlad,1,124,0,0,0,0,0,0,0,0,0,0,0,0,0,0,0,0,1,0
#8LCRRCGJ,Fron1x🍌,1,124,0,0,0,0,0,0,0,0,0,0,0,0,0,0,0,0,0,1
#9CVY89828,𑣲Shoya,1,125,0,0,0,0,0,0,0,0,1,0,0,0,0,0,0,0,0,0
#22CGRUJ09,zero-two,1,125,0,0,0,0,0,0,0,0,0,1,0,0,0,0,0,0,0,0
#9RL0JR8QV,KTS|2Fast ツ,1,125,0,0,0,0,0,0,0,0,0,0,1,0,0,0,0,0,0,0
#8YR0GCQJP,Aldomtta09,1,125,0,0,0,0,0,0,0,0,0,0,0,1,0,0,0,0,0,0
#Q8PY0GQJ8,CJY|AI 0,1,125,0,0,0,0,0,0,0,0,0,0,0,0,1,0,0,0,0,0
#88CJJCCJ9,BE|Javito💫,1,125,0,0,0,0,0,0,0,0,0,0,0,0,0,1,0,0,0,0
#LYLRPUJCY,JeTeStorm✈️,1,125,0,0,0,0,0,0,0,0,0,0,0,0,0,0,0,1,0,0
#PYLP9JJRY,TreeDox,1,125,0,0,0,0,0,0,0,0,0,0,0,0,0,0,0,0,0,1
#20LYVY89J,KRO|AleX,1,126,0,0,1,0,0,0,0,0,0,0,0,0,0,0,0,0,0,0
#9UVGVUJU9,Super mxltiii🫧,1,126,0,0,0,0,0,0,1,0,0,0,0,0,0,0,0,0,0,0
#2VPJGVV08,Mini Zaya✰,1,126,0,0,0,0,0,0,0,0,0,0,0,1,0,0,0,0,0,0
#VGJ9LVYU,ᴘʀɪᴍᴇ? ᴠᴇʀᴏxxx,1,126,0,0,0,0,0,0,0,0,0,0,0,0,0,1,0,0,0,0
#QGLVLPLL0,YICHY WT PL❤️,1,126,0,0,0,0,0,0,0,0,0,0,0,0,0,0,0,1,0,0
#RR2JR2RC,Mehmet💘,1,126,0,0,0,0,0,0,0,0,0,0,0,0,0,0,0,0,0,1
#R2CQJV82,Toast网格,1,127,0,0,0,0,0,0,0,0,0,1,0,0,0,0,0,0,0,0
#9LUYCGJCQ,Misa Amane,1,127,0,0,0,0,0,0,0,0,0,0,0,0,0,0,1,0,0,0
#PGCPPRQUL,Manip♥️ Itsuki,1,127,0,0,0,0,0,0,0,0,0,0,0,0,0,0,0,0,1,0
#2L0CYU0GY,Jevta,1,128,0,0,0,1,0,0,0,0,0,0,0,0,0,0,0,0,0,0
#28GGCLQ00V,STAR| Lef✨,1,128,0,0,0,0,1,0,0,0,0,0,0,0,0,0,0,0,0,0
#2J8UQ02YL9,sdzq.,1,128,0,0,0,0,0,0,1,0,0,0,0,0,0,0,0,0,0,0
#9YCV80LU0,𝐒𝐡𝐢𝐳𝐮𝐤𝐚ꕥ,1,128,0,0,0,0,0,0,0,1,0,0,0,0,0,0,0,0,0,0
#2PUCC9C,DIEGO,1,128,0,0,0,0,0,0,0,0,1,0,0,0,0,0,0,0,0,0
#2YUPC2L08,Buk :D,1,128,0,0,0,0,0,0,0,0,0,1,0,0,0,0,0,0,0,0
#9RQYGLGG,@Jayy,1,128,0,0,0,0,0,0,0,0,0,0,0,1,0,0,0,0,0,0
#YVYVQCVUR,しげ,1,128,0,0,0,0,0,0,0,0,0,0,0,0,0,0,0,1,0,0
#88Y8UGPG,TLF|Rup,1,128,0,0,0,0,0,0,0,0,0,0,0,0,0,0,0,0,1,0
#PCCU8CVYQ,GraceVanPelt,1,129,0,0,0,0,0,0,0,1,0,0,0,0,0,0,0,0,0,0
#9LUL9QYVV,SoloQ🤍Juliene,1,129,0,0,0,0,0,0,0,0,0,0,1,0,0,0,0,0,0,0
#22YGRQVUU,PS|G⛧mini🥱,1,129,0,0,0,0,0,0,0,0,0,0,0,1,0,0,0,0,0,0
#28UGJPYVJ,Arda Saatci,1,129,0,0,0,0,0,0,0,0,0,0,0,0,1,0,0,0,0,0
#9YGR0J2UP,ByNelilあ,1,129,0,0,0,0,0,0,0,0,0,0,0,0,0,0,0,0,1,0
#GCJ99GVRJ,HeltonR,1,129,0,0,0,0,0,0,0,0,0,0,0,0,0,0,0,0,0,1
#PLLLLQY0U,TTM|Maru,1,130,0,0,0,0,1,0,0,0,0,0,0,0,0,0,0,0,0,0
#8U8CYQCQ,天神下凡,1,130,0,0,0,0,0,0,0,0,1,0,0,0,0,0,0,0,0,0
#9G8GGVJ2,Godz 🌙,1,130,0,0,0,0,0,0,0,0,0,0,1,0,0,0,0,0,0,0
#P8CY999YU,DR|Nysha🦋,1,130,0,0,0,0,0,0,0,0,0,0,0,0,0,1,0,0,0,0
#YLVCQY08V,Keyliann,1,130,0,0,0,0,0,0,0,0,0,0,0,0,0,0,1,0,0,0
#G8GCQ2U2U,snap :gab-13600,1,130,0,0,0,0,0,0,0,0,0,0,0,0,0,0,0,0,1,0
#2UQVPVYUP2,TTM|Joker,1,130,0,0,0,0,0,0,0,0,0,0,0,0,0,0,0,0,0,1
#80CYRQU8J,Judgment,1,131,0,0,0,1,0,0,0,0,0,0,0,0,0,0,0,0,0,0
#8J8R29P2,vish💗makima,1,131,0,0,0,0,1,0,0,0,0,0,0,0,0,0,0,0,0,0
#GUY29VGY,Monke🍥,1,131,0,0,0,0,0,0,1,0,0,0,0,0,0,0,0,0,0,0
#VYUJG2C9,Falukorven🦧,1,131,0,0,0,0,0,0,0,0,0,0,0,0,0,0,0,0,0,1
#82QP999UP,i m r a n e,1,132,0,0,0,0,1,0,0,0,0,0,0,0,0,0,0,0,0,0
#QQYP8GJR,GPS | N4skataaa,1,132,0,0,0,0,0,1,0,0,0,0,0,0,0,0,0,0,0,0
#CR20P2VQ,PRO | CAUEBR,1,132,0,0,0,0,0,0,0,1,0,0,0,0,0,0,0,0,0,0
#2C89QUYJ9L,Bazou54,1,132,0,0,0,0,0,0,0,0,0,0,0,0,1,0,0,0,0,0
#9CCGUGG8Q,Rxdiance.,1,132,0,0,0,0,0,0,0,0,0,0,0,0,0,1,0,0,0,0
#P08LPR9,你是猴子,1,132,0,0,0,0,0,0,0,0,0,0,0,0,0,0,0,0,0,1
#PUQ8G8ULU,criz ℘,1,133,0,0,0,1,0,0,0,0,0,0,0,0,0,0,0,0,0,0
#880GVV9J8,宇|Horo🪐,1,133,0,0,0,0,0,0,0,1,0,0,0,0,0,0,0,0,0,0
#G9URRG928,Backhus,1,133,0,0,0,0,0,0,0,0,0,0,1,0,0,0,0,0,0,0
#9Y9QCCYP8,ぷい,1,133,0,0,0,0,0,0,0,0,0,0,0,1,0,0,0,0,0,0
#GJR9G9UYP,Twitch: zh_greg,1,133,0,0,0,0,0,0,0,0,0,0,0,0,1,0,0,0,0,0
#9YC2CL9C2,サネックス 🦄,1,133,0,0,0,0,0,0,0,0,0,0,0,0,0,0,1,0,0,0
#U0CVV2GQ,GapeHornEnjoyer,1,133,0,0,0,0,0,0,0,0,0,0,0,0,0,0,0,0,0,1
#YGVUPGVQP,i miss manwe,1,134,0,0,1,0,0,0,0,0,0,0,0,0,0,0,0,0,0,0
#8LULYYPY,Disaster 🖤,1,134,0,0,0,0,0,1,0,0,0,0,0,0,0,0,0,0,0,0
#8JLYPQGVP,俺でキャリーでaV,1,134,0,0,0,0,0,0,0,1,0,0,0,0,0,0,0,0,0,0
#82CVP02LV,smul 🪐,1,134,0,0,0,0,0,0,0,0,0,0,0,0,1,0,0,0,0,0
#2YC0UPG0C,ɪᴛꜱ ᴛᴏᴍᴜʀᴀ ☾,1,134,0,0,0,0,0,0,0,0,0,0,0,0,0,0,1,0,0,0
#8GYPPJ9RQ,KingWayツ,1,134,0,0,0,0,0,0,0,0,0,0,0,0,0,0,0,0,0,1
#2GP2LC9CL,𝓓𝓾𝓓𝓾 🍼,1,135,0,0,1,0,0,0,0,0,0,0,0,0,0,0,0,0,0,0
#2L9JPGLL92,КаньеИст,1,135,0,0,0,1,0,0,0,0,0,0,0,0,0,0,0,0,0,0
#Y0RRC9LGG,PMB|Papac,1,135,0,0,0,0,0,0,0,0,0,0,0,1,0,0,0,0,0,0
#8JG9VRG2Q,怪異館CINEMA,1,135,0,0,0,0,0,0,0,0,0,0,0,0,1,0,0,0,0,0
#YJC2RLPRU,めばちこ,1,135,0,0,0,0,0,0,0,0,0,0,0,0,0,1,0,0,0,0
#QQCQLRR9,Акаши Сейджуро,1,135,0,0,0,0,0,0,0,0,0,0,0,0,0,0,0,0,0,1
#QPVJYY8JQ,JustMarieOnlyV3,1,136,0,0,0,0,0,1,0,0,0,0,0,0,0,0,0,0,0,0
#GRPVCVYLL,Crylix,1,136,0,0,0,0,0,0,1,0,0,0,0,0,0,0,0,0,0,0
#PL08UJRRG,💖𝐸𝑀𝑀𝐴💝,1,136,0,0,0,0,0,0,0,0,0,1,0,0,0,0,0,0,0,0
#GVCU0U9L,FernanlonŽöᶜᵗᵐʳ,1,136,0,0,0,0,0,0,0,0,0,0,1,0,0,0,0,0,0,0
#8R0VYJ880,Shallot King,1,137,0,0,1,0,0,0,0,0,0,0,0,0,0,0,0,0,0,0
#282L2ULPG,SDROGO NOTTURNO,1,137,0,0,0,0,1,0,0,0,0,0,0,0,0,0,0,0,0,0
#GQRQURQU,o he is angel.,1,137,0,0,0,0,0,0,1,0,0,0,0,0,0,0,0,0,0,0
#28UCCVGV8V,Swarm🩵,1,137,0,0,0,0,0,0,0,0,0,1,0,0,0,0,0,0,0,0
#YP82R8GJP,lemon:(,1,137,0,0,0,0,0,0,0,0,0,0,1,0,0,0,0,0,0,0
#GCY88G0CR,🎰@andyxx777业,1,137,0,0,0,0,0,0,0,0,0,0,0,0,0,1,0,0,0,0
#R0C9GVCQY,Mari's pet🍾,1,137,0,0,0,0,0,0,0,0,0,0,0,0,0,0,1,0,0,0
#2UVY00GYR,GC REI DELAS😈,1,137,0,0,0,0,0,0,0,0,0,0,0,0,0,0,0,0,0,1
#RR8RC00G,DiVle🦉,1,138,0,0,1,0,0,0,0,0,0,0,0,0,0,0,0,0,0,0
#2YU2LGLGU0,昼想夜夢,1,138,0,0,0,0,1,0,0,0,0,0,0,0,0,0,0,0,0,0
#2C9099VYC0,FrX|@qdn,1,138,0,0,0,0,0,0,0,0,0,1,0,0,0,0,0,0,0,0
#YGVP8008G,Nazuna’s Slave,1,138,0,0,0,0,0,0,0,0,0,0,0,0,0,1,0,0,0,0
#PCY990J9,RaiN,1,139,0,0,0,0,1,0,0,0,0,0,0,0,0,0,0,0,0,0
#2QU2RGLVC,RE : 주르르* ੈ✩‧₊˚,1,139,0,0,0,0,0,0,1,0,0,0,0,0,0,0,0,0,0,0
#2UL2PPQJQR,Sweatie$,1,139,0,0,0,0,0,0,0,0,0,0,0,1,0,0,0,0,0,0
#YV0099U00,solus🐙,1,139,0,0,0,0,0,0,0,0,0,0,0,0,1,0,0,0,0,0
#2L9P89GJ9U,SZ|MaaAsis,1,139,0,0,0,0,0,0,0,0,0,0,0,0,0,1,0,0,0,0
#RY9LVCJ9G,игорь квадробер,1,139,0,0,0,0,0,0,0,0,0,0,0,0,0,0,1,0,0,0
#2PUC9CU8Y,𝓡𝓪𝔂𝔁,1,139,0,0,0,0,0,0,0,0,0,0,0,0,0,0,0,1,0,0
#PCL8LGVP9,Brawler,1,139,0,0,0,0,0,0,0,0,0,0,0,0,0,0,0,0,0,1
#90UJQY2RC,AdamlaBerenjena,1,140,0,0,1,0,0,0,0,0,0,0,0,0,0,0,0,0,0,0
#2C90QJGQ,STE IJN,1,140,0,0,0,1,0,0,0,0,0,0,0,0,0,0,0,0,0,0
#GL99QLJYC,MarkitoXswagg,1,140,0,0,0,0,1,0,0,0,0,0,0,0,0,0,0,0,0,0
#208PRL8JV,kiaat ✨,1,140,0,0,0,0,0,0,1,0,0,0,0,0,0,0,0,0,0,0
#90J92LPJ,bossChojnic,1,140,0,0,0,0,0,0,0,0,0,0,1,0,0,0,0,0,0,0
#P8G0R9VLJ,RE│Paradox,1,140,0,0,0,0,0,0,0,0,0,0,0,0,0,1,0,0,0,0
#29PU8V8,Zekkx,1,140,0,0,0,0,0,0,0,0,0,0,0,0,0,0,0,1,0,0
#JYR0QQR8,Kendrick Lamar,1,140,0,0,0,0,0,0,0,0,0,0,0,0,0,0,0,0,1,0
#2L890VRR80,MB|TheRizzler,1,141,0,0,0,1,0,0,0,0,0,0,0,0,0,0,0,0,0,0
#829RRV8J,Bills✰,1,141,0,0,0,0,0,1,0,0,0,0,0,0,0,0,0,0,0,0
#VURRPQ82Y,CursedAccount,1,141,0,0,0,0,0,0,0,1,0,0,0,0,0,0,0,0,0,0
#YGPGVLGVV,DE-IDENTIFIED,1,141,0,0,0,0,0,0,0,0,0,0,0,0,0,1,0,0,0,0
#2CUPQCJ02,RE | BoxByPello,1,141,0,0,0,0,0,0,0,0,0,0,0,0,0,0,0,0,0,1
#9P2YGGCV0,Kyami⚜️,1,142,0,0,0,0,0,1,0,0,0,0,0,0,0,0,0,0,0,0
#2UP2CCVG08,InsanityGoatedd,1,142,0,0,0,0,0,0,0,0,0,0,1,0,0,0,0,0,0,0
#22PC0CR8Y,바리,1,142,0,0,0,0,0,0,0,0,0,0,0,0,1,0,0,0,0,0
#2VCQ2LPPQ,Voideron🎭,1,142,0,0,0,0,0,0,0,0,0,0,0,0,0,1,0,0,0,0
#2C28RUYRC,Cometヤ🍁,1,142,0,0,0,0,0,0,0,0,0,0,0,0,0,0,0,1,0,0
#2QLJJRRL8U,Zabathor,1,143,0,0,1,0,0,0,0,0,0,0,0,0,0,0,0,0,0,0
#2LPYGGPL2,マイケル☠️,1,143,0,0,0,1,0,0,0,0,0,0,0,0,0,0,0,0,0,0
#GR2QQCCLG,Lightluvsu,1,143,0,0,0,0,0,1,0,0,0,0,0,0,0,0,0,0,0,0
#29099UYR,CM | mslwmeows?,1,143,0,0,0,0,0,0,0,0,0,0,0,1,0,0,0,0,0,0
#RQQGG828G,Saint.🇩🇪,1,143,0,0,0,0,0,0,0,0,0,0,0,0,1,0,0,0,0,0
#2Q8LCJ8J8V,へろ/hero,1,143,0,0,0,0,0,0,0,0,0,0,0,0,0,1,0,0,0,0
#QCLLUPGQ,宝宝你是香香软软的可爱小萝莉鸭,1,144,0,0,1,0,0,0,0,0,0,0,0,0,0,0,0,0,0,0
#LYJ2JQ0RQ,SilentShado,1,144,0,0,0,0,0,0,0,1,0,0,0,0,0,0,0,0,0,0
#820RRJUV2,RV|Limitless,1,144,0,0,0,0,0,0,0,0,0,0,0,1,0,0,0,0,0,0
#CLLCCVY0,Eyzenヤ🐬,1,144,0,0,0,0,0,0,0,0,0,0,0,0,0,0,1,0,0,0
#29PC8C22V,Xnlist-V1,1,144,0,0,0,0,0,0,0,0,0,0,0,0,0,0,0,0,1,0
#R8V9YCGV,Nemu🩵,1,145,0,0,0,0,0,1,0,0,0,0,0,0,0,0,0,0,0,0
#GGC2L80CY,Calvin Harris X,1,145,0,0,0,0,1,0,0,0,0,0,0,0,0,0,0,0,0,0
#VU89Y8G0,Dev,1,145,0,0,0,0,0,0,0,0,0,0,1,0,0,0,0,0,0,0
#8892R8GY2,Taigaa🇩🇪,1,145,0,0,0,0,0,0,0,0,0,0,0,0,0,0,0,1,0,0
#CVQ8LVVQ,HPN|MCDaredo❄️,1,145,0,0,0,0,0,0,0,0,0,0,0,0,0,0,0,0,1,0
#Y0J89VJP,carry_09,1,145,0,0,0,0,0,0,0,0,0,0,0,0,0,0,0,0,0,1
#20V9CR8C,ㅤㅤ,1,146,0,0,1,0,0,0,0,0,0,0,0,0,0,0,0,0,0,0
#Q98RU9YGG,ウラリス,1,146,0,0,0,0,0,1,0,0,0,0,0,0,0,0,0,0,0,0
#RPVLUU8UP,Qu33ē,1,146,0,0,0,0,0,0,0,0,0,1,0,0,0,0,0,0,0,0
#2QVLQRV8U,Zer0💕angi<3,1,146,0,0,0,0,0,0,0,0,0,0,1,0,0,0,0,0,0,0
#88JQUVRR9,Anthony ducki🪄,1,146,0,0,0,0,0,0,0,0,0,0,0,0,1,0,0,0,0,0
#VVG0VG9UC,M4lx🍃,1,146,0,0,0,0,0,0,0,0,0,0,0,0,0,1,0,0,0,0
#2R20YVPRU,TF|Raz,1,146,0,0,0,0,0,0,0,0,0,0,0,0,0,0,0,0,1,0
#PU8QYVQQY,DiegogamerCR🌺,1,147,0,0,0,1,0,0,0,0,0,0,0,0,0,0,0,0,0,0
#P8YQULQPY,ivory,1,147,0,0,0,0,0,0,0,0,0,1,0,0,0,0,0,0,0,0
#9Q2VV8L29,Destiny❤️Mayo,1,147,0,0,0,0,0,0,0,0,0,0,1,0,0,0,0,0,0,0
#JRCRJV28R,Skylites,1,147,0,0,0,0,0,0,0,0,0,0,0,0,1,0,0,0,0,0
#L9C98U2UL,dakota💨,1,147,0,0,0,0,0,0,0,0,0,0,0,0,0,1,0,0,0,0
#LY8LPGUC,28Drâgønx,1,147,0,0,0,0,0,0,0,0,0,0,0,0,0,0,0,1,0,0
#2UJU0C8JC,Reddik,1,147,0,0,0,0,0,0,0,0,0,0,0,0,0,0,0,0,1,0
#V99LL990,DE-IDENTIFIED,1,148,0,0,1,0,0,0,0,0,0,0,0,0,0,0,0,0,0,0
#80808J2QV,TLB|Gᴏᴅᴠɪᴄᴛᴏʀ,1,148,0,0,0,0,0,1,0,0,0,0,0,0,0,0,0,0,0,0
#2JVJQC9JGJ,neo9,1,148,0,0,0,0,0,0,1,0,0,0,0,0,0,0,0,0,0,0
#2RJUGCQ0LL,rapha🇩🇪,1,148,0,0,0,0,0,0,0,1,0,0,0,0,0,0,0,0,0,0
#2CGUY8VLC,feel🪐,1,148,0,0,0,0,0,0,0,0,0,0,0,0,1,0,0,0,0,0
#2J2GV8PLJC,BP | Azer,1,148,0,0,0,0,0,0,0,0,0,0,0,0,0,0,1,0,0,0
#Y8VRCV9CR,TLB|Miksa🌺,1,148,0,0,0,0,0,0,0,0,0,0,0,0,0,0,0,1,0,0
#20LRVGLGU,Suzumiya-Chan,1,148,0,0,0,0,0,0,0,0,0,0,0,0,0,0,0,0,0,1
#8GGQC0UP,SnakeThug,1,149,0,0,1,0,0,0,0,0,0,0,0,0,0,0,0,0,0,0
#8CCCVJRPP,SD | XRatus,1,149,0,0,0,0,1,0,0,0,0,0,0,0,0,0,0,0,0,0
#LCGLYYU,Toyota,1,149,0,0,0,0,0,0,1,0,0,0,0,0,0,0,0,0,0,0
#8JUPQUC0L,! Cracky🐹,1,149,0,0,0,0,0,0,0,0,0,0,1,0,0,0,0,0,0,0
#QQL8V20VQ,Høt Magnata,1,149,0,0,0,0,0,0,0,0,0,0,0,0,1,0,0,0,0,0
#GVC9P82UR,🍩PONCH8K🍩,1,149,0,0,0,0,0,0,0,0,0,0,0,0,0,1,0,0,0,0
#Y8GJ2G99G,TURZ<67🤍,1,149,0,0,0,0,0,0,0,0,0,0,0,0,0,0,0,0,1,0
#P9GLYUPY0,Leon?,1,150,0,0,0,1,0,0,0,0,0,0,0,0,0,0,0,0,0,0
#22YPLRGQ,Cookies,1,150,0,0,0,0,0,0,1,0,0,0,0,0,0,0,0,0,0,0
#LVCGGGUQ8,Mxthh. 愛,1,150,0,0,0,0,0,0,0,0,0,0,1,0,0,0,0,0,0,0
#Y82U9L22J,ブロスタプレイヤー,1,150,0,0,0,0,0,0,0,0,0,0,0,1,0,0,0,0,0,0
#YVVCPC2,OTZ|Nyxlo🇫🇷,1,150,0,0,0,0,0,0,0,0,0,0,0,0,1,0,0,0,0,0
#L8LG8L2LQ,샤모우님존경합니다.,1,150,0,0,0,0,0,0,0,0,0,0,0,0,0,1,0,0,0,0
#2URQVJ2R9C,Habib🤑🤑🤑🤑🤑,1,150,0,0,0,0,0,0,0,0,0,0,0,0,0,0,0,1,0,0
#PCQJGQYU8,STMN|Bruno,1,150,0,0,0,0,0,0,0,0,0,0,0,0,0,0,0,0,1,0
#CQ80RVCUC,ᵀᵀꜱᵗᵃʸᴄʰⁱˡˡ,1,150,0,0,0,0,0,0,0,0,0,0,0,0,0,0,0,0,0,1
#R8CQLYJC8,Gicuattro・サン,1,151,0,0,1,0,0,0,0,0,0,0,0,0,0,0,0,0,0,0
#28Q2LQ002,Yelir🦋감사합니다,1,151,0,0,0,0,0,0,0,0,0,1,0,0,0,0,0,0,0,0
#GYJR0GLQ,Juniorz,1,151,0,0,0,0,0,0,0,0,0,0,1,0,0,0,0,0,0,0
#Y9999GU2L,CrazyZeyrox🌺,1,151,0,0,0,0,0,0,0,0,0,0,0,1,0,0,0,0,0,0
#8VP9P0QPU,✰L𝚗Ɖ|✰𝗛amham✰,1,151,0,0,0,0,0,0,0,0,0,0,0,0,1,0,0,0,0,0
#G8G9YQLGC,↯Daич🐬,1,151,0,0,0,0,0,0,0,0,0,0,0,0,0,0,1,0,0,0
#288CYY29J,Raffyno,1,151,0,0,0,0,0,0,0,0,0,0,0,0,0,0,0,1,0,0
#VQ0JYVJG,RottenApple,1,151,0,0,0,0,0,0,0,0,0,0,0,0,0,0,0,0,0,1
#82989RPYC,Toshiro🍥,1,152,0,0,1,0,0,0,0,0,0,0,0,0,0,0,0,0,0,0
#2228RC00R,Blessed,1,152,0,0,0,0,1,0,0,0,0,0,0,0,0,0,0,0,0,0
#YRJJYQCRR,Michael,1,152,0,0,0,0,0,0,0,0,0,0,0,1,0,0,0,0,0,0
#9GYYQUG9U,Adrielmg27,1,152,0,0,0,0,0,0,0,0,0,0,0,0,1,0,0,0,0,0
#2YRP9G9C2,Ｄ Ｌｅｗｉｓ 好🎭⛩️,1,152,0,0,0,0,0,0,0,0,0,0,0,0,0,0,0,1,0,0
#PR9U2JL,SKC|Juan Carlos,1,153,0,0,0,1,0,0,0,0,0,0,0,0,0,0,0,0,0,0
#Y29PUGQQY,r32theywannafly,1,153,0,0,0,0,0,0,0,1,0,0,0,0,0,0,0,0,0,0
#2QGGYPVCU2,🙂🙃,1,153,0,0,0,0,0,0,0,0,0,1,0,0,0,0,0,0,0,0
#V88RUJQQ,Caspy👾,1,153,0,0,0,0,0,0,0,0,0,0,1,0,0,0,0,0,0,0
#PJGV9P80J,Cyrox🤍AtexzZ,1,153,0,0,0,0,0,0,0,0,0,0,0,0,0,0,0,0,0,1
#2898980,GK7567,1,154,0,0,1,0,0,0,0,0,0,0,0,0,0,0,0,0,0,0
#80V20UQP,Alex X 2883,1,154,0,0,0,1,0,0,0,0,0,0,0,0,0,0,0,0,0,0
#2GGL2PJ0PY,GC|oppz,1,154,0,0,0,0,1,0,0,0,0,0,0,0,0,0,0,0,0,0
#2PLYVV8GL,sanikamax🩵🩷,1,154,0,0,0,0,0,0,0,0,0,0,1,0,0,0,0,0,0,0
#JG8U20L,Hate,1,154,0,0,0,0,0,0,0,0,0,0,0,1,0,0,0,0,0,0
#QGPL9GQ2,Jaden’s pet 🐶,1,154,0,0,0,0,0,0,0,0,0,0,0,0,0,1,0,0,0,0
#2VU28UUL8Q,HAFIZ Numan19,1,154,0,0,0,0,0,0,0,0,0,0,0,0,0,0,0,0,1,0
#80G90Q928,민주,1,155,0,0,1,0,0,0,0,0,0,0,0,0,0,0,0,0,0,0
#2JL209CQYC,あちゃぴ@0からプロ道,1,155,0,0,0,1,0,0,0,0,0,0,0,0,0,0,0,0,0,0
#89L9QGG8C,Yukasu,1,155,0,0,0,0,0,0,0,1,0,0,0,0,0,0,0,0,0,0
#LCRGGGYPC,Code:Tomato桜,1,155,0,0,0,0,0,0,0,0,0,1,0,0,0,0,0,0,0,0
#29YQ0JR2Y,ピーナッツビスケット,1,155,0,0,0,0,0,0,0,0,0,0,1,0,0,0,0,0,0,0
#2UVLQ2PYL,りょうが@闇,1,155,0,0,0,0,0,0,0,0,0,0,0,1,0,0,0,0,0,0
#2PPG20Y8L,Dordo,1,155,0,0,0,0,0,0,0,0,0,0,0,0,1,0,0,0,0,0
#2QG9VRLY,Avocado 🥑,1,156,0,0,0,0,0,1,0,0,0,0,0,0,0,0,0,0,0,0
#YCJR0RCY2,s-souljahwitch,1,156,0,0,0,0,0,0,0,0,0,0,1,0,0,0,0,0,0,0
#UPQP00CU,TT:aidanBS3,1,156,0,0,0,0,0,0,0,0,0,0,0,1,0,0,0,0,0,0
#9RV8P28L,NoSs🌟,1,156,0,0,0,0,0,0,0,0,0,0,0,0,1,0,0,0,0,0
#9GQPURRVQ,Divine冰,1,156,0,0,0,0,0,0,0,0,0,0,0,0,0,1,0,0,0,0
#P2PRG0YYC,CDA|Agachi107,1,157,0,0,1,0,0,0,0,0,0,0,0,0,0,0,0,0,0,0
#9Y99C9G9P,CCR|Kawa,1,157,0,0,0,1,0,0,0,0,0,0,0,0,0,0,0,0,0,0
#2QJJ2CPG,Elvis,1,157,0,0,0,0,0,0,1,0,0,0,0,0,0,0,0,0,0,0
#U09LLCPU,Deox̸ys™,1,157,0,0,0,0,0,0,0,1,0,0,0,0,0,0,0,0,0,0
#9LJR9LJR8,ImmAshhu🏳️,1,157,0,0,0,0,0,0,0,0,0,0,0,0,1,0,0,0,0,0
#98UGJJ0PY,Bonzai🏴,1,157,0,0,0,0,0,0,0,0,0,0,0,0,0,1,0,0,0,0
#88RQUQ8LR,Arturitu 🤖,1,157,0,0,0,0,0,0,0,0,0,0,0,0,0,0,1,0,0,0
#P9Y02V289,TT: FloxFNBR🌀,1,157,0,0,0,0,0,0,0,0,0,0,0,0,0,0,0,1,0,0
#8RC8VQVP9,klim丰solo,1,157,0,0,0,0,0,0,0,0,0,0,0,0,0,0,0,0,1,0
#2LJLRVRQ09,SaltyApple,1,158,0,0,0,0,0,0,0,1,0,0,0,0,0,0,0,0,0,0
#GR9RCCLUG,我|Mistake•𖤍,1,158,0,0,0,0,0,0,0,0,0,1,0,0,0,0,0,0,0,0
#2QQRC2QC,✨𝒯𝑜𝒹𝒹❄️華南🐉,1,158,0,0,0,0,0,0,0,0,0,0,1,0,0,0,0,0,0,0
#R0RR2RRGV,𑣲Jxlian,1,158,0,0,0,0,0,0,0,0,0,0,0,0,0,1,0,0,0,0
#2VRGYPR9U,lesha,1,158,0,0,0,0,0,0,0,0,0,0,0,0,0,0,0,1,0,0
#QCRVG2GC8,ゆかい@あ,1,158,0,0,0,0,0,0,0,0,0,0,0,0,0,0,0,0,1,0
#P0CQUGPV,ZN|Kuro 💕 法比,1,159,0,0,0,1,0,0,0,0,0,0,0,0,0,0,0,0,0,0
#99YCVYJL,Jessica Alba,1,159,0,0,0,0,0,0,0,0,0,0,0,0,0,1,0,0,0,0
#8RPRLG99U,Theo 🎭,1,159,0,0,0,0,0,0,0,0,0,0,0,0,0,0,1,0,0,0
#P98C0CQ8Y,бомж,1,159,0,0,0,0,0,0,0,0,0,0,0,0,0,0,0,0,1,0
#2UP2C9VL,Tomy🍀Gunari,1,160,0,0,1,0,0,0,0,0,0,0,0,0,0,0,0,0,0,0
#2C09UYGGR,Karmaa我,1,160,0,0,0,1,0,0,0,0,0,0,0,0,0,0,0,0,0,0
#JV8YLQ0G,Chesi,1,160,0,0,0,0,0,1,0,0,0,0,0,0,0,0,0,0,0,0
#28QUVPCV0Y,Zaza,1,160,0,0,0,0,1,0,0,0,0,0,0,0,0,0,0,0,0,0
#8LQG2P2J0,lovers rock,1,160,0,0,0,0,0,0,0,0,0,1,0,0,0,0,0,0,0,0
#R22CUCVG,覚醒ノア：宇宙的恐怖モード,1,160,0,0,0,0,0,0,0,0,0,0,1,0,0,0,0,0,0,0
#22VQVL8JL,𝗠𝗮𝘅𝗶𝗺 🥀,1,160,0,0,0,0,0,0,0,0,0,0,0,1,0,0,0,0,0,0
#2L2VPC2RRP,Flagger,1,160,0,0,0,0,0,0,0,0,0,0,0,0,0,0,0,1,0,0
#P88GQ0PG,_Sku Sku_,1,160,0,0,0,0,0,0,0,0,0,0,0,0,0,0,0,0,0,1
#2JGJ29LV,Ferum092,1,161,0,0,1,0,0,0,0,0,0,0,0,0,0,0,0,0,0,0
#2RPYCYVP,Martimc,1,161,0,0,0,0,0,1,0,0,0,0,0,0,0,0,0,0,0,0
#2R089PJUYU,Edge𐦐,1,161,0,0,0,0,0,0,1,0,0,0,0,0,0,0,0,0,0,0
#PQ8922J0V,angel❤️liv,1,161,0,0,0,0,0,0,0,0,0,0,0,0,0,0,1,0,0,0
#R2UPQC0UL,ZL|Chaser😎,1,161,0,0,0,0,0,0,0,0,0,0,0,0,0,0,0,1,0,0
#28J8Q02JG,Wrestler🌴,1,161,0,0,0,0,0,0,0,0,0,0,0,0,0,0,0,0,1,0
#Y2RVQP9L2,バットマン。🖤,1,161,0,0,0,0,0,0,0,0,0,0,0,0,0,0,0,0,0,1
#2282LR0YG,FL|Ken-G,1,162,0,0,1,0,0,0,0,0,0,0,0,0,0,0,0,0,0,0
#P80PYQL2,7x7,1,162,0,0,0,0,0,0,0,1,0,0,0,0,0,0,0,0,0,0
#GR0RRPVL0,Hope,1,162,0,0,0,0,0,0,0,0,0,0,1,0,0,0,0,0,0,0
#889P9GJ98,MT|Jaason,1,162,0,0,0,0,0,0,0,0,0,0,0,1,0,0,0,0,0,0
#2QYQG8UP,PaGenTa🐙,1,162,0,0,0,0,0,0,0,0,0,0,0,0,1,0,0,0,0,0
#YV89LRPRY,소민아 잘좀 해봐,1,162,0,0,0,0,0,0,0,0,0,0,0,0,0,0,0,1,0,0
#Q2VLU88L9,talent,1,162,0,0,0,0,0,0,0,0,0,0,0,0,0,0,0,0,1,0
#802LU890R,Olds✨~Shelly❤️,1,162,0,0,0,0,0,0,0,0,0,0,0,0,0,0,0,0,0,1
#8VQV2P28,dxskzyy!,1,163,0,0,1,0,0,0,0,0,0,0,0,0,0,0,0,0,0,0
#88JYYUUP,Kyiuu🤍Giulia,1,163,0,0,0,1,0,0,0,0,0,0,0,0,0,0,0,0,0,0
#L2YCRQYYL,フロントメモリー,1,163,0,0,0,0,0,0,1,0,0,0,0,0,0,0,0,0,0,0
#200P99YQ8,ZP|walter white,1,163,0,0,0,0,0,0,0,0,0,0,1,0,0,0,0,0,0,0
#PQPYGQCY8,YalzyPsychic 🎭,1,163,0,0,0,0,0,0,0,0,0,0,0,1,0,0,0,0,0,0
#99JRG2JY0,Amit,1,163,0,0,0,0,0,0,0,0,0,0,0,0,1,0,0,0,0,0
#L90Q9JYPV,Orlandito 🦋♡,1,163,0,0,0,0,0,0,0,0,0,0,0,0,0,0,1,0,0,0
#98900902U,Velora,1,163,0,0,0,0,0,0,0,0,0,0,0,0,0,0,0,1,0,0
#GR2QJ28YC,Lynx15‎🤍,1,164,0,0,0,0,0,0,0,0,0,0,0,1,0,0,0,0,0,0
#28P9P9U8QG,BC*| Nia🐾,1,164,0,0,0,0,0,0,0,0,0,0,0,0,1,0,0,0,0,0
#PYQVV9VGU,Spike,1,164,0,0,0,0,0,0,0,0,0,0,0,0,0,0,0,0,0,1
#9PGP9CPQR,ʈዞ𝓞𝓻,1,165,0,0,1,0,0,0,0,0,0,0,0,0,0,0,0,0,0,0
#2PP9LCCUC,HsO pas back,1,165,0,0,0,1,0,0,0,0,0,0,0,0,0,0,0,0,0,0
#2RGU2Q28RV,smartdogwalking,1,165,0,0,0,0,0,0,0,0,0,1,0,0,0,0,0,0,0,0
#Y0R8U280U,✗𝘼𝙮𝙕𝙝𝙚𝙉❦’,1,165,0,0,0,0,0,0,0,0,0,0,0,0,1,0,0,0,0,0
#282PVQRP9R,Nox_🖤,1,165,0,0,0,0,0,0,0,0,0,0,0,0,0,0,1,0,0,0
#8RYVY82QG,BigAloe❦,1,165,0,0,0,0,0,0,0,0,0,0,0,0,0,0,0,1,0,0
#GG00VLCGL,セレナーデ,1,166,0,0,0,0,0,1,0,0,0,0,0,0,0,0,0,0,0,0
#QGPQ0GG02,EterniTyあ,1,166,0,0,0,0,0,0,0,0,0,0,0,0,1,0,0,0,0,0
#L092Q922,SLC|Milan,1,166,0,0,0,0,0,0,0,0,0,0,0,0,0,0,0,1,0,0
#892PYY,Highlander,1,166,0,0,0,0,0,0,0,0,0,0,0,0,0,0,0,0,1,0
#P9CGR2GLP,Lá V1msed,1,166,0,0,0,0,0,0,0,0,0,0,0,0,0,0,0,0,0,1
#8URQG8URC,Łeadèr🥷🖤,1,167,0,0,0,0,0,1,0,0,0,0,0,0,0,0,0,0,0,0
#U08UCL28,sophia,1,167,0,0,0,0,1,0,0,0,0,0,0,0,0,0,0,0,0,0
#PLJVGLYJL,悔しさ糧に咲く華,1,167,0,0,0,0,0,0,0,0,0,0,0,1,0,0,0,0,0,0
#GC808VQY9,Terry?,1,167,0,0,0,0,0,0,0,0,0,0,0,0,1,0,0,0,0,0
#P2Q0RJ2PL,Mahdí.!?,1,167,0,0,0,0,0,0,0,0,0,0,0,0,0,0,0,0,1,0
#C0228G09,私とあなた❦,1,167,0,0,0,0,0,0,0,0,0,0,0,0,0,0,0,0,0,1
#82Y8QYRJU,帝国|Daddycma🎋,1,168,0,0,0,0,1,0,0,0,0,0,0,0,0,0,0,0,0,0
#2C8J8V2YGY,souf1an,1,168,0,0,0,0,0,0,0,0,0,1,0,0,0,0,0,0,0,0
#2VL8J8G2U,へしっし,1,168,0,0,0,0,0,0,0,0,0,0,0,0,0,1,0,0,0,0
#2VQC89LPRV,🍀🍀,1,168,0,0,0,0,0,0,0,0,0,0,0,0,0,0,0,1,0,0
#8R9CG0L0J,么 | Noah • ♛,1,168,0,0,0,0,0,0,0,0,0,0,0,0,0,0,0,0,1,0
#GRPYQ2Y9C,K13|Zigo,1,169,0,0,1,0,0,0,0,0,0,0,0,0,0,0,0,0,0,0
#8GLGP92R,Angelitoe 🫦,1,169,0,0,0,0,0,0,0,1,0,0,0,0,0,0,0,0,0,0
#RG0VV0QGU,수퍼팽고수TV😱😱🙀,1,169,0,0,0,0,0,0,0,0,0,0,1,0,0,0,0,0,0,0
#YJCY8R2RC,LTC|Shrimp🔰,1,169,0,0,0,0,0,0,0,0,0,0,0,0,1,0,0,0,0,0
#908PJ2PCC,KV|klaired,1,169,0,0,0,0,0,0,0,0,0,0,0,0,0,1,0,0,0,0
#R0UPGCC8,Rittyy✰,1,169,0,0,0,0,0,0,0,0,0,0,0,0,0,0,0,1,0,0
#PGP9UPJ82,sheepjack,1,169,0,0,0,0,0,0,0,0,0,0,0,0,0,0,0,0,1,0
#9PJQ9V8L9,banny,1,170,0,0,0,1,0,0,0,0,0,0,0,0,0,0,0,0,0,0
#8GVV0QRJ,嗎你看去世此ʀᴀғ,1,170,0,0,0,0,1,0,0,0,0,0,0,0,0,0,0,0,0,0
#2R02VU999C,Sergeant Prawn,1,170,0,0,0,0,0,0,0,1,0,0,0,0,0,0,0,0,0,0
#9YQGRLC0,quezy.,1,170,0,0,0,0,0,0,0,0,0,0,0,0,1,0,0,0,0,0
#LC98RGPUV,CHN|⚡️,1,170,0,0,0,0,0,0,0,0,0,0,0,0,0,0,1,0,0,0
#PJGQG0VGP,Moki,1,170,0,0,0,0,0,0,0,0,0,0,0,0,0,0,0,1,0,0
#99QUQ0UCL,Toilet Pet 🇮🇹,1,170,0,0,0,0,0,0,0,0,0,0,0,0,0,0,0,0,1,0
#RVUVR28LR,Deus🍥,1,170,0,0,0,0,0,0,0,0,0,0,0,0,0,0,0,0,0,1
#898GQ29J,Bacco,1,171,0,0,0,0,1,0,0,0,0,0,0,0,0,0,0,0,0,0
#2L92Q8GQC,AOL|Bryan💙,1,171,0,0,0,0,0,0,0,1,0,0,0,0,0,0,0,0,0,0
#PYUJYRCU0,T1 Keria,1,171,0,0,0,0,0,0,0,0,0,1,0,0,0,0,0,0,0,0
#2J0QL2CLGV,きみわずらい️🩵,1,171,0,0,0,0,0,0,0,0,0,0,1,0,0,0,0,0,0,0
#Q9QV89JG8,아 진짜,1,171,0,0,0,0,0,0,0,0,0,0,0,1,0,0,0,0,0,0
#8PPJYGU20,Morning mudd🍇,1,171,0,0,0,0,0,0,0,0,0,0,0,0,1,0,0,0,0,0
#2UQRVGR9C9,PinkLimonade💸,1,171,0,0,0,0,0,0,0,0,0,0,0,0,0,1,0,0,0,0
#29YYRU8PJ,Tys🌺,1,171,0,0,0,0,0,0,0,0,0,0,0,0,0,0,0,0,0,1
#9CC2U02QU,ØS | Jonzki,1,172,0,0,0,0,0,1,0,0,0,0,0,0,0,0,0,0,0,0
#9G900R09,Zuupo,1,172,0,0,0,0,1,0,0,0,0,0,0,0,0,0,0,0,0,0
#8RGVCJLUU,Porsche 911,1,172,0,0,0,0,0,0,0,1,0,0,0,0,0,0,0,0,0,0
#2C29L8UCLY,ekitten🧸🎀,1,172,0,0,0,0,0,0,0,0,0,0,1,0,0,0,0,0,0,0
#2URLUCPCJ2,HPN|Iivo❄️,1,172,0,0,0,0,0,0,0,0,0,0,0,0,0,0,0,0,1,0
#PRGG09Q08,Astro Boy 💫,1,173,0,0,0,0,0,1,0,0,0,0,0,0,0,0,0,0,0,0
#L9YLVUGG9,Pio™️,1,173,0,0,0,0,0,0,0,1,0,0,0,0,0,0,0,0,0,0
#2UPURRC2P,Habg77,1,173,0,0,0,0,0,0,0,0,0,0,1,0,0,0,0,0,0,0
#8CLRCJU2J,WintageGgWp,1,173,0,0,0,0,0,0,0,0,0,0,0,1,0,0,0,0,0,0
#VY0C88C8,LLC|Heintje,1,173,0,0,0,0,0,0,0,0,0,0,0,0,0,0,0,0,1,0
#U98V8LUR,SHADOWㄠ,1,173,0,0,0,0,0,0,0,0,0,0,0,0,0,0,0,0,0,1
#YQVPY0J9,Aloha Levi?,1,174,0,0,0,0,0,0,0,1,0,0,0,0,0,0,0,0,0,0
#2GLR82UCY,Jeyson ✘,1,174,0,0,0,0,0,0,0,0,0,0,0,1,0,0,0,0,0,0
#2G8YUYCQQ,rino,1,174,0,0,0,0,0,0,0,0,0,0,0,0,0,1,0,0,0,0
#9R9QQQ0PQ,Lunar,1,174,0,0,0,0,0,0,0,0,0,0,0,0,0,0,0,1,0,0
#PG882CLYP,悠仁,1,174,0,0,0,0,0,0,0,0,0,0,0,0,0,0,0,0,1,0
#UQ0V0Q2U,HMB|Luffy,1,175,1,0,0,0,0,0,0,0,0,0,0,0,0,0,0,0,0,0
#P28R098U,XuanFeng121,1,175,0,0,0,0,1,0,0,0,0,0,0,0,0,0,0,0,0,0
#9RR9VQR0,YT: ZimonBS,1,175,0,0,0,0,0,0,0,1,0,0,0,0,0,0,0,0,0,0
#GGVJ0CP8P,Kapi,1,175,0,0,0,0,0,0,0,0,0,0,0,0,0,0,1,0,0,0
#2PYGUYRRC,🥀〡𝕾𝕿𝕰𝕷𝕬𝕽,1,175,0,0,0,0,0,0,0,0,0,0,0,0,0,0,0,1,0,0
#PYGRU9UC0,ムーン,1,175,0,0,0,0,0,0,0,0,0,0,0,0,0,0,0,0,1,0
#GCGCVCG88,skywalker🧩,1,176,0,0,0,0,0,0,0,0,0,1,0,0,0,0,0,0,0,0
#29GL0Q0PY,VLP|Aneko159🍥,1,176,0,0,0,0,0,0,0,0,0,0,0,0,0,1,0,0,0,0
#2CGU8C8YQ9,Cyborg Ârda💫,1,176,0,0,0,0,0,0,0,0,0,0,0,0,0,0,0,1,0,0
#LV9099PQ0,BDWY#1,1,176,0,0,0,0,0,0,0,0,0,0,0,0,0,0,0,0,1,0
#9YCU9C8V0,Luck2Glory🇵🇱,1,177,0,0,0,0,0,1,0,0,0,0,0,0,0,0,0,0,0,0
#2VVRRQL9G,長野の人食いザメの倉田だよ,1,177,0,0,0,0,0,0,0,1,0,0,0,0,0,0,0,0,0,0
#QCGCL0VC8,fxar my mort🎩ヤ,1,177,0,0,0,0,0,0,0,0,0,1,0,0,0,0,0,0,0,0
#RPL820QL,The 7th,1,177,0,0,0,0,0,0,0,0,0,0,0,0,1,0,0,0,0,0
#22RGJVYGG,r1se_07,1,177,0,0,0,0,0,0,0,0,0,0,0,0,0,1,0,0,0,0
#YLVGGLY8J,Rićardø候,1,177,0,0,0,0,0,0,0,0,0,0,0,0,0,0,1,0,0,0
#QCL9Y9CRL,Teppo Smolander,1,177,0,0,0,0,0,0,0,0,0,0,0,0,0,0,0,1,0,0
#8JJ2U9GCU,LSL|LeMonk🌹,1,177,0,0,0,0,0,0,0,0,0,0,0,0,0,0,0,0,0,1
#L0GQ2CRY,汗明,1,178,0,0,0,0,0,0,0,1,0,0,0,0,0,0,0,0,0,0
#PPJL9L8G,𑣲kasparovv,1,178,0,0,0,0,0,0,0,0,0,0,1,0,0,0,0,0,0,0
#8L08R28GG,Sol de Mayo🐖🤙,1,178,0,0,0,0,0,0,0,0,0,0,0,1,0,0,0,0,0,0
#PGGVY9LY,FearDio🌺,1,178,0,0,0,0,0,0,0,0,0,0,0,0,0,0,1,0,0,0
#29P0CQ0P,DPM|New Dog,1,179,0,0,0,0,0,0,0,0,0,0,1,0,0,0,0,0,0,0
#PCURP0RJU,ant112 amoRe,1,179,0,0,0,0,0,0,0,0,0,0,0,0,1,0,0,0,0,0
#9CGCV8UG8,Badro,1,179,0,0,0,0,0,0,0,0,0,0,0,0,0,1,0,0,0,0
#LRY0JU8,Mxnster!,1,179,0,0,0,0,0,0,0,0,0,0,0,0,0,0,1,0,0,0
#Q029CRJLL,きなこもち,1,180,0,0,0,0,0,0,0,1,0,0,0,0,0,0,0,0,0,0
#2VRRRJ89L,lvl 🍥,1,180,0,0,0,0,0,0,0,0,0,1,0,0,0,0,0,0,0,0
#PP0YLPQ0L,Xar4ok,1,180,0,0,0,0,0,0,0,0,0,0,0,1,0,0,0,0,0,0
#20RRGU9GP,XAVI,1,180,0,0,0,0,0,0,0,0,0,0,0,0,1,0,0,0,0,0
#8QR8RGG2L,aleek,1,180,0,0,0,0,0,0,0,0,0,0,0,0,0,1,0,0,0,0
#2QV9U2GRJ8,tomioka🏴,1,180,0,0,0,0,0,0,0,0,0,0,0,0,0,0,1,0,0,0
#9UJQ2L8,泡泡,1,180,0,0,0,0,0,0,0,0,0,0,0,0,0,0,0,1,0,0
#2V0VULCY9Q,AkajeX,1,180,0,0,0,0,0,0,0,0,0,0,0,0,0,0,0,0,1,0
#RGGUUYVY8,God of music,1,180,0,0,0,0,0,0,0,0,0,0,0,0,0,0,0,0,0,1
#GCULQRGC,Natsuki <3,1,181,0,0,0,0,0,0,0,1,0,0,0,0,0,0,0,0,0,0
#2QLV8UV8G8,Ricky,1,181,0,0,0,0,0,0,0,0,0,0,1,0,0,0,0,0,0,0
#QRYC82GV0,joga bonito 💫,1,181,0,0,0,0,0,0,0,0,0,0,0,0,1,0,0,0,0,0
#9YGPUGY8,KJ|Jhordan♡,1,181,0,0,0,0,0,0,0,0,0,0,0,0,0,1,0,0,0,0
#2G08RQC908,SBL|Mehmet🇹🇷,1,181,0,0,0,0,0,0,0,0,0,0,0,0,0,0,1,0,0,0
#GCRLY9C89,reu,1,182,0,0,0,0,0,0,0,0,0,0,1,0,0,0,0,0,0,0
#GG9V8YU20,xzzzack,1,182,0,0,0,0,0,0,0,0,0,0,0,1,0,0,0,0,0,0
#99JQQC882,PaulGgWp,1,182,0,0,0,0,0,0,0,0,0,0,0,0,1,0,0,0,0,0
#2C2QLPCGU,TraktorGgWp,1,182,0,0,0,0,0,0,0,0,0,0,0,0,0,1,0,0,0,0
#PUQ2JPCGR,YT|ElbaZone,1,182,0,0,0,0,0,0,0,0,0,0,0,0,0,0,1,0,0,0
#PJRC8G8V9,IAN,1,183,0,0,0,0,1,0,0,0,0,0,0,0,0,0,0,0,0,0
#LY9YPGUY2,♆Pluto|Techy☃️,1,183,0,0,0,0,0,0,0,0,0,1,0,0,0,0,0,0,0,0
#Y02VRCCR2,お前の彼氏寝取ってやったの。,1,183,0,0,0,0,0,0,0,0,0,0,1,0,0,0,0,0,0,0
#P0JGU2R8G,💚【 CʜɪᴄᴋX 】💚,1,183,0,0,0,0,0,0,0,0,0,0,0,0,1,0,0,0,0,0
#CVYCGGYU,ᴹᴬᴰV͢l͢a͢d͢⌂,1,183,0,0,0,0,0,0,0,0,0,0,0,0,0,0,1,0,0,0
#28LYCUJPPP,ego is the key.,1,183,0,0,0,0,0,0,0,0,0,0,0,0,0,0,0,1,0,0
#L9QQRLLPJ,"Don't say"" lazy",1,183,0,0,0,0,0,0,0,0,0,0,0,0,0,0,0,0,1,0
#9VR9Y00LU,ONSRA💔,1,183,0,0,0,0,0,0,0,0,0,0,0,0,0,0,0,0,0,1
#P800LV,Code: Spen,1,184,0,0,0,0,0,0,0,1,0,0,0,0,0,0,0,0,0,0
#2QY2Y8YP,luvseximama💋,1,184,0,0,0,0,0,0,0,0,0,0,0,0,1,0,0,0,0,0
#22Q92L9VQC,MemeCoins:),1,184,0,0,0,0,0,0,0,0,0,0,0,0,0,0,1,0,0,0
#QG0JGPCR2,Šøuł|浪鬼,1,184,0,0,0,0,0,0,0,0,0,0,0,0,0,0,0,0,0,1
#2QLR2C20RY,BALENCIAGA,1,185,0,0,0,0,0,1,0,0,0,0,0,0,0,0,0,0,0,0
#9CVCYCVR8,Mina My Baby💞,1,185,0,0,0,0,1,0,0,0,0,0,0,0,0,0,0,0,0,0
#PQUJJJQU9,Flame,1,185,0,0,0,0,0,0,0,0,0,1,0,0,0,0,0,0,0,0
#VJR2YGG0,TT: Liitchii💔,1,185,0,0,0,0,0,0,0,0,0,0,1,0,0,0,0,0,0,0
#PCGUY9CY,⛧❦ Luca💖,1,185,0,0,0,0,0,0,0,0,0,0,0,0,1,0,0,0,0,0
#89QPRCCQ2,YihaoGgWp🧧,1,185,0,0,0,0,0,0,0,0,0,0,0,0,0,1,0,0,0,0
#QGLCJYJ2V,TTv: CHTxTV,1,185,0,0,0,0,0,0,0,0,0,0,0,0,0,0,0,1,0,0
#L9RCVLC88,Zéròxcccニャー。,1,185,0,0,0,0,0,0,0,0,0,0,0,0,0,0,0,0,1,0
#LYLL22JQ2,아기돼지,1,186,0,0,0,0,0,1,0,0,0,0,0,0,0,0,0,0,0,0
#GRVL8ULV,SuperLab,1,186,0,0,0,0,1,0,0,0,0,0,0,0,0,0,0,0,0,0
#8VCGJPU2Q,9lives,1,186,0,0,0,0,0,0,0,0,0,0,0,0,1,0,0,0,0,0
#GV092JYY,jus de🍏,1,186,0,0,0,0,0,0,0,0,0,0,0,0,0,0,1,0,0,0
#2LY0RC09VJ,Syzygy🤍,1,186,0,0,0,0,0,0,0,0,0,0,0,0,0,0,0,0,1,0
#2R9JVUVCP,Ryota Kise,1,187,0,0,0,0,0,0,0,0,0,0,0,0,1,0,0,0,0,0
#2028CUJ20,Shakz,1,187,0,0,0,0,0,0,0,0,0,0,0,0,0,1,0,0,0,0
#P09Q9LPJL,Bojack👻,1,187,0,0,0,0,0,0,0,0,0,0,0,0,0,0,1,0,0,0
#PQRCP0U9G,Zelda's Lullaby,1,187,0,0,0,0,0,0,0,0,0,0,0,0,0,0,0,0,0,1
#YVQ0R9QL,Mabo🍂,1,188,0,0,0,0,1,0,0,0,0,0,0,0,0,0,0,0,0,0
#G9C9CQ0QR,miracle.,1,188,0,0,0,0,0,0,0,1,0,0,0,0,0,0,0,0,0,0
#2V8QLVLC0,djxxyce🤍,1,188,0,0,0,0,0,0,0,0,0,0,0,0,0,1,0,0,0,0
#92CGG9V8J,NsP|Alexz.,1,188,0,0,0,0,0,0,0,0,0,0,0,0,0,0,1,0,0,0
#2CQUQYVL0,Babybrawl20,1,188,0,0,0,0,0,0,0,0,0,0,0,0,0,0,0,0,1,0
#UY98PG0R,마태오,1,189,0,0,0,0,0,0,0,0,0,1,0,0,0,0,0,0,0,0
#2GUJLPJLR,Sam,1,189,0,0,0,0,0,0,0,0,0,0,1,0,0,0,0,0,0,0
#P8YRUQJR0,♚Number⁷⁰⁴💘,1,189,0,0,0,0,0,0,0,0,0,0,0,0,0,1,0,0,0,0
#2U8L0Q0PC,матрикs🍁,1,189,0,0,0,0,0,0,0,0,0,0,0,0,0,0,0,1,0,0
#8C2JCYG2C,maddie ✦,1,189,0,0,0,0,0,0,0,0,0,0,0,0,0,0,0,0,0,1
#982U2QP8C,Togiishi ™,1,190,0,0,0,0,1,0,0,0,0,0,0,0,0,0,0,0,0,0
#L9Y008LY9,Athena,1,190,0,0,0,0,0,0,0,1,0,0,0,0,0,0,0,0,0,0
#PP9LY98G,ⁱᵃᵐ|𝐹𝐴𝘉𒆜🖤,1,190,0,0,0,0,0,0,0,0,0,0,1,0,0,0,0,0,0,0
#2QJLVQLLC,DaddyVorteX 👑,1,190,0,0,0,0,0,0,0,0,0,0,0,0,0,0,0,1,0,0
#2UPLYG2R2Q,SunBentley,1,190,0,0,0,0,0,0,0,0,0,0,0,0,0,0,0,0,1,0
#2YUJULQURP,qui a dit prada,1,190,0,0,0,0,0,0,0,0,0,0,0,0,0,0,0,0,0,1
#YCQ8299GU,☔ᵒᵖ|Dragon,1,191,0,0,0,0,0,0,0,0,0,0,1,0,0,0,0,0,0,0
#2URLJ28J8Q,⠀⠀,1,191,0,0,0,0,0,0,0,0,0,0,0,0,1,0,0,0,0,0
#P800LYQ9,JKR|💘Lzh,1,191,0,0,0,0,0,0,0,0,0,0,0,0,0,0,0,1,0,0
#YLJC8CV9,Mirko 无名,1,191,0,0,0,0,0,0,0,0,0,0,0,0,0,0,0,0,1,0
#289YGQRGP,CR | Jeff,1,191,0,0,0,0,0,0,0,0,0,0,0,0,0,0,0,0,0,1
#29LGJPVV,Ernesto,1,192,0,0,0,0,0,0,0,1,0,0,0,0,0,0,0,0,0,0
#9G882LYJY,banechka,1,192,0,0,0,0,0,0,0,0,0,0,0,0,0,1,0,0,0,0
#8RU9RC0G0,⛩️save64🥀,1,192,0,0,0,0,0,0,0,0,0,0,0,0,0,0,0,0,1,0
#22Q20VQ9R,𝐌𝐚𝐳𝐢𝐧𝐨 ☬,1,192,0,0,0,0,0,0,0,0,0,0,0,0,0,0,0,0,0,1
#8JPLUYJVV,ナ | Amasawa🌺,1,193,0,0,0,0,0,1,0,0,0,0,0,0,0,0,0,0,0,0
#GU982CYUU,TB|UTA(っ ᐛ ),1,193,0,0,0,0,1,0,0,0,0,0,0,0,0,0,0,0,0,0
#2J00V98R9,🇸🇪L!AMOO🇸🇪,1,193,0,0,0,0,0,0,0,1,0,0,0,0,0,0,0,0,0,0
#2820VVRVC,BC*|Mystic,1,193,0,0,0,0,0,0,0,0,0,0,1,0,0,0,0,0,0,0
#R9VYUL9J8,pèak,1,193,0,0,0,0,0,0,0,0,0,0,0,0,0,1,0,0,0,0
#2VPQL2JUCJ,KaPow,1,193,0,0,0,0,0,0,0,0,0,0,0,0,0,0,0,0,1,0
#YULCYR8C,Rubxnn东,1,193,0,0,0,0,0,0,0,0,0,0,0,0,0,0,0,0,0,1
#GJYCLRLVY,soy adoptado,1,194,0,0,0,0,1,0,0,0,0,0,0,0,0,0,0,0,0,0
#9PCU2Y02C,tz.,1,194,0,0,0,0,0,0,0,0,0,0,1,0,0,0,0,0,0,0
#VC2VUVRP,TTV|shogunbs💛,1,194,0,0,0,0,0,0,0,0,0,0,0,0,1,0,0,0,0,0
#2UP9LY0J82,TikTok : Karmaa,1,194,0,0,0,0,0,0,0,0,0,0,0,0,0,1,0,0,0,0
#20G99UL0Y,quitted Masli,1,194,0,0,0,0,0,0,0,0,0,0,0,0,0,0,1,0,0,0
#2Q9GL8VR02,xHardTrey,1,194,0,0,0,0,0,0,0,0,0,0,0,0,0,0,0,1,0,0
#2GC8GVJ0C,愛Marc™,1,194,0,0,0,0,0,0,0,0,0,0,0,0,0,0,0,0,1,0
#2P0YPV8RP,stasio,1,195,0,0,0,0,1,0,0,0,0,0,0,0,0,0,0,0,0,0
#9Y2Y9PJPY,Samos,1,195,0,0,0,0,0,0,0,0,0,1,0,0,0,0,0,0,0,0
#2Y2R8Q8RVU,椎名まひる💛,1,195,0,0,0,0,0,0,0,0,0,0,1,0,0,0,0,0,0,0
#PPJ08Q92Q,ZÊ |VØ!D,1,195,0,0,0,0,0,0,0,0,0,0,0,0,1,0,0,0,0,0
#PU8UGCC9Q,VIBS|iko,1,195,0,0,0,0,0,0,0,0,0,0,0,0,0,0,0,0,1,0
#P90JV22GY,Wish•W,1,195,0,0,0,0,0,0,0,0,0,0,0,0,0,0,0,0,0,1
#LL09UJ2J,umbrella🧸ིྀ,1,196,0,0,0,0,0,1,0,0,0,0,0,0,0,0,0,0,0,0
#UR92GPPJ,Simba🌴,1,196,0,0,0,0,1,0,0,0,0,0,0,0,0,0,0,0,0,0
#RU2J0CC2,☠HAIDAN☠,1,196,0,0,0,0,0,0,0,0,0,1,0,0,0,0,0,0,0,0
#9U2C080VR,Portox,1,196,0,0,0,0,0,0,0,0,0,0,1,0,0,0,0,0,0,0
#8PL8CQLRJ,『D🔱str¡k』,1,196,0,0,0,0,0,0,0,0,0,0,0,0,1,0,0,0,0,0
#8CC0URQ9Y,Mahiru Shiina🪽,1,196,0,0,0,0,0,0,0,0,0,0,0,0,0,1,0,0,0,0
#2GR0JLQGG,NS|Zelkooow🥷,1,197,0,0,0,0,0,1,0,0,0,0,0,0,0,0,0,0,0,0
#2Y8C99GL,Toji Fushiguro,1,197,0,0,0,0,0,0,0,0,0,0,1,0,0,0,0,0,0,0
#Y89GYJU2,Xa,1,197,0,0,0,0,0,0,0,0,0,0,0,0,1,0,0,0,0,0
#RJU9QVV,Brawler,1,197,0,0,0,0,0,0,0,0,0,0,0,0,0,0,1,0,0,0
#U8GPQU8P,Yunikuai,1,197,0,0,0,0,0,0,0,0,0,0,0,0,0,0,0,1,0,0
#LPPGYU02L,〽️Y3aT?🏴,1,197,0,0,0,0,0,0,0,0,0,0,0,0,0,0,0,0,1,0
#2JG0GQYCCV,Hunti🥺,1,197,0,0,0,0,0,0,0,0,0,0,0,0,0,0,0,0,0,1
#9UQPG2C8C,ブリー隊長😎,1,198,0,0,0,0,0,0,0,0,0,0,1,0,0,0,0,0,0,0
#PV0C80GV0,TLB|Spocki♜,1,198,0,0,0,0,0,0,0,0,0,0,0,0,1,0,0,0,0,0
#U9UP0C2J,Prime Hizono?,1,198,0,0,0,0,0,0,0,0,0,0,0,0,0,0,1,0,0,0
#YG0CYGPPR,(ᵔᴥᵔ)ㄗ𝕚ᵏachu⚡,1,198,0,0,0,0,0,0,0,0,0,0,0,0,0,0,0,0,1,0
#989GPQUY,なかのみく,1,198,0,0,0,0,0,0,0,0,0,0,0,0,0,0,0,0,0,1
#2LGRVQCR9V,Onyx|Ben,1,199,0,0,0,0,1,0,0,0,0,0,0,0,0,0,0,0,0,0
#YYGYL0J2C,NME|Manwe,1,199,0,0,0,0,0,0,0,0,0,0,0,0,1,0,0,0,0,0
#20QLGGJ8J,𑣲jayy,1,199,0,0,0,0,0,0,0,0,0,0,0,0,0,1,0,0,0,0
#VGRP8Q2QC,Sylphyet,1,199,0,0,0,0,0,0,0,0,0,0,0,0,0,0,1,0,0,0
#LYYR9RCLL,fooj,1,199,0,0,0,0,0,0,0,0,0,0,0,0,0,0,0,0,1,0
#P22UC8PC8,TJ|Skillahzone,1,199,0,0,0,0,0,0,0,0,0,0,0,0,0,0,0,0,0,1
#2GU29JYQJ2,ZETA|Ridiza,1,200,0,0,0,0,0,1,0,0,0,0,0,0,0,0,0,0,0,0
#2PGGCRCQC,でぶ,1,200,0,0,0,0,1,0,0,0,0,0,0,0,0,0,0,0,0,0
#JVJJUQQR,ヤAlgax.🫗,1,200,0,0,0,0,0,0,0,0,0,0,0,0,1,0,0,0,0,0
#2QYGQ9L28,Jqzz被?.,1,200,0,0,0,0,0,0,0,0,0,0,0,0,0,1,0,0,0,0
#9JVVCJ80V,𝑺𝒂𝒍𝒂𝒉 乂,1,200,0,0,0,0,0,0,0,0,0,0,0,0,0,0,1,0,0,0
#Q9VUQ2UG9,PoZer Not Dutch,1,201,0,0,0,0,1,0,0,0,0,0,0,0,0,0,0,0,0,0
#8QPVGPPUU,ほしたべよ🌟,1,201,0,0,0,0,0,0,0,1,0,0,0,0,0,0,0,0,0,0
#88CPCR0CV,Miyako🌸,1,201,0,0,0,0,0,0,0,0,0,0,1,0,0,0,0,0,0,0
#8QGYVCP9,scsm|yxn,1,201,0,0,0,0,0,0,0,0,0,0,0,0,0,0,1,0,0,0
#LRQQJV2Q,Julian TROLL,1,201,0,0,0,0,0,0,0,0,0,0,0,0,0,0,0,1,0,0
#G9C9UV028,ぽにぽに,1,201,0,0,0,0,0,0,0,0,0,0,0,0,0,0,0,0,1,0
#QPL9LCLU,ÖZLƏM💜NƏSƏNUR,1,201,0,0,0,0,0,0,0,0,0,0,0,0,0,0,0,0,0,1
#2P89V8V8,Fachberater,1,202,0,0,0,0,0,0,0,0,0,0,0,0,1,0,0,0,0,0
#2LLLU29L9G,CT|ALPHA#1,1,202,0,0,0,0,0,0,0,0,0,0,0,0,0,0,0,1,0,0
#2RRQLVYJV,LEB|SUPER PRO™️,1,202,0,0,0,0,0,0,0,0,0,0,0,0,0,0,0,0,1,0
#C2Q9C8QVQ,higatsuchii17,1,202,0,0,0,0,0,0,0,0,0,0,0,0,0,0,0,0,0,1
#JVCC9,High Score High,1,203,0,0,0,0,1,0,0,0,0,0,0,0,0,0,0,0,0,0
#RPCVGYJPP,Zeenxy🩵,1,203,0,0,0,0,0,0,0,0,0,0,0,0,1,0,0,0,0,0
#L829QQ9QJ,プロチーム,1,203,0,0,0,0,0,0,0,0,0,0,0,0,0,1,0,0,0,0
#2JCPJ9RV9P,AIM|Beǁingham🚀,1,204,0,0,0,0,0,0,0,1,0,0,0,0,0,0,0,0,0,0
#PVLYJ8ULV,Skr068🖤,1,204,0,0,0,0,0,0,0,0,0,0,0,0,0,1,0,0,0,0
#PPR0GURVU,黒棺,1,204,0,0,0,0,0,0,0,0,0,0,0,0,0,0,1,0,0,0
#2JR09ULLU,Flo,1,204,0,0,0,0,0,0,0,0,0,0,0,0,0,0,0,1,0,0
#2R88LV9LP,ZM|Totoro,1,205,0,0,0,0,0,0,0,1,0,0,0,0,0,0,0,0,0,0
#800P8GGP0L,86 Crxsz,1,205,0,0,0,0,0,0,0,0,0,0,0,0,0,0,0,0,1,0
#2YUV0P0PGQ,愛|𝐍𝐨𝐱𝐱𝐲🤍,1,205,0,0,0,0,0,0,0,0,0,0,0,0,0,0,0,0,0,1
#Q020VL0U0,o! buenn,1,206,0,0,0,0,1,0,0,0,0,0,0,0,0,0,0,0,0,0
#2U8JPVVCRQ,ShOttiK🤍X,1,206,0,0,0,0,0,0,0,0,0,0,0,0,0,0,0,1,0,0
#2VP2Q2JRJL,⠀ ⠀,1,206,0,0,0,0,0,0,0,0,0,0,0,0,0,0,0,0,0,1
#2UVP80U,ZT|mommy,1,207,0,0,0,0,1,0,0,0,0,0,0,0,0,0,0,0,0,0
#YYY9Q8QGY,⁶⁹|Co💚Coを,1,207,0,0,0,0,0,0,0,1,0,0,0,0,0,0,0,0,0,0
#R0VQ82GU,TLF|Amos,1,207,0,0,0,0,0,0,0,0,0,0,1,0,0,0,0,0,0,0
#P9CGL02CQ,FernZy.,1,207,0,0,0,0,0,0,0,0,0,0,0,0,1,0,0,0,0,0
#2980P28CU2,#vis 著,1,207,0,0,0,0,0,0,0,0,0,0,0,0,0,1,0,0,0,0
#2J2LCRCQCJ,Shon069,1,207,0,0,0,0,0,0,0,0,0,0,0,0,0,0,1,0,0,0
#8009QUU8G,Tyson🥊,1,207,0,0,0,0,0,0,0,0,0,0,0,0,0,0,0,0,1,0
#GPLPJGGC9,Alex💖Anaëlle,1,207,0,0,0,0,0,0,0,0,0,0,0,0,0,0,0,0,0,1
#2UUG00JQC,Kjeld🧿,1,208,0,0,0,0,1,0,0,0,0,0,0,0,0,0,0,0,0,0
#8Y98Q8U,ZETA|Sitetampo,1,208,0,0,0,0,0,0,0,1,0,0,0,0,0,0,0,0,0,0
#9RUL208UP,шанель сига йоу,1,208,0,0,0,0,0,0,0,0,0,0,0,0,0,1,0,0,0,0
#2Q0RP00YRQ,Alvarax.,1,208,0,0,0,0,0,0,0,0,0,0,0,0,0,0,1,0,0,0
#2JJCYP0V2,𝐃𝐏ζ͜͡𝐑𝐎𝐗İ𝐔𝐒デ〆,1,208,0,0,0,0,0,0,0,0,0,0,0,0,0,0,0,0,1,0
#22GQCCR9,AyOub11,1,208,0,0,0,0,0,0,0,0,0,0,0,0,0,0,0,0,0,1
#9GYUJGCGP,waserty,1,209,0,0,0,0,1,0,0,0,0,0,0,0,0,0,0,0,0,0
#GR00V0QC,風間 陣,1,209,0,0,0,0,0,0,0,1,0,0,0,0,0,0,0,0,0,0
#29JUQVJ2L,HL|inferno 🎖,1,209,0,0,0,0,0,0,0,0,0,0,0,0,1,0,0,0,0,0
#V880CQGVU,Halo 🔭,1,209,0,0,0,0,0,0,0,0,0,0,0,0,0,1,0,0,0,0
#2JJP9P9CU,𝑩𝒐𝑺𝒂™️,1,209,0,0,0,0,0,0,0,0,0,0,0,0,0,0,1,0,0,0
#2UU8QUV0,G4L4XYDUCK✨🦆,1,209,0,0,0,0,0,0,0,0,0,0,0,0,0,0,0,1,0,0
#GLUPLCLVP,TT|Ale👑,1,209,0,0,0,0,0,0,0,0,0,0,0,0,0,0,0,0,1,0
#2VGCGGUG,xTr06,1,209,0,0,0,0,0,0,0,0,0,0,0,0,0,0,0,0,0,1
#8PJ8LLR9U,anхshhh.,1,210,0,0,0,0,1,0,0,0,0,0,0,0,0,0,0,0,0,0
#8QUPRCQ99,7L|Johann,1,210,0,0,0,0,0,0,0,0,0,0,1,0,0,0,0,0,0,0
#2C8QJC988P,German Maestro,1,210,0,0,0,0,0,0,0,0,0,0,0,0,0,0,1,0,0,0
#PRUYVPRV,천재라고 생각했어,1,210,0,0,0,0,0,0,0,0,0,0,0,0,0,0,0,1,0,0
#8UC080RPL,talent dodge😈,1,210,0,0,0,0,0,0,0,0,0,0,0,0,0,0,0,0,0,1
#209CV8PYV,Ilias’🧚,1,211,0,0,0,0,0,0,0,1,0,0,0,0,0,0,0,0,0,0
#2GGJVC0RU,優雅的折墮,1,211,0,0,0,0,0,0,0,0,0,0,0,0,1,0,0,0,0,0
#22CP92YRL,Emotionless,1,211,0,0,0,0,0,0,0,0,0,0,0,0,0,1,0,0,0,0
#RLCG2YJ,Hinako Konohana,1,211,0,0,0,0,0,0,0,0,0,0,0,0,0,0,0,1,0,0
#99JUVLUPY,Intonik.,1,211,0,0,0,0,0,0,0,0,0,0,0,0,0,0,0,0,1,0
#2QGVP28CQG,???,1,211,0,0,0,0,0,0,0,0,0,0,0,0,0,0,0,0,0,1
#C0YU0JQV8,CR|Moya,1,212,0,0,0,0,1,0,0,0,0,0,0,0,0,0,0,0,0,0
#228LVGU,Az,1,212,0,0,0,0,0,0,0,0,0,0,0,0,1,0,0,0,0,0
#2UV2RRR0LP,TT: Chinko_BS,1,212,0,0,0,0,0,0,0,0,0,0,0,0,0,0,0,0,0,1
#282C9PCCJ,Viva la Kyrøs,1,213,0,0,0,0,0,0,0,0,0,0,0,0,1,0,0,0,0,0
#JVCPPQVY,TT|𝕿𝖗𝖎𝖙𝖗𝖎,1,213,0,0,0,0,0,0,0,0,0,0,0,0,0,1,0,0,0,0
#P8CPUJUCQ,ICY🗽タメヤレ,1,213,0,0,0,0,0,0,0,0,0,0,0,0,0,0,0,1,0,0
#9RCCVGRUU,niter🩸,1,213,0,0,0,0,0,0,0,0,0,0,0,0,0,0,0,0,1,0
#YVPGUG00Y,ッһѧԀєṡ🏴,1,214,0,0,0,0,0,0,0,0,0,0,1,0,0,0,0,0,0,0
#2RVLRCC92,KK,1,214,0,0,0,0,0,0,0,0,0,0,0,0,1,0,0,0,0,0
#LVU0QC09P,Syxnc.,1,214,0,0,0,0,0,0,0,0,0,0,0,0,0,1,0,0,0,0
#2Y2R0QVQJ,Hitsugaya,1,215,0,0,0,0,0,0,0,0,0,0,1,0,0,0,0,0,0,0
#80C02G0GQ,Redbull On Top♤,1,215,0,0,0,0,0,0,0,0,0,0,0,0,1,0,0,0,0,0
#QLQ0RUYQ,🦋𝑨𝒍𝒆ﾒ❦,1,215,0,0,0,0,0,0,0,0,0,0,0,0,0,1,0,0,0,0
#2V2GRR8UJ,Waddelbauch,1,215,0,0,0,0,0,0,0,0,0,0,0,0,0,0,1,0,0,0
#2UVL0Q2R0U,Juso주소,1,215,0,0,0,0,0,0,0,0,0,0,0,0,0,0,0,1,0,0
#2GURCPPQCU,Code: phi,1,215,0,0,0,0,0,0,0,0,0,0,0,0,0,0,0,0,1,0
#9V22PGRJY,Zeyrox 餓,1,215,0,0,0,0,0,0,0,0,0,0,0,0,0,0,0,0,0,1
#YURGQRY0P,ChipzVanilla,1,216,0,0,0,0,0,0,0,1,0,0,0,0,0,0,0,0,0,0
#92YCQ0P8J,DARKVGX🐐⚡️C/D,1,216,0,0,0,0,0,0,0,0,0,0,1,0,0,0,0,0,0,0
#80VUVU9RU,𝔹𝕚𝕘 𝔻𝕒𝕫💫,1,216,0,0,0,0,0,0,0,0,0,0,0,0,0,0,1,0,0,0
#2QURVY2GL,岩野の1ミリ＝岩野の1Lz,1,216,0,0,0,0,0,0,0,0,0,0,0,0,0,0,0,1,0,0
#2CRCCVLQVY,weraiz,1,216,0,0,0,0,0,0,0,0,0,0,0,0,0,0,0,0,0,1
#88G92UUJQ,LaampaDas,1,217,0,0,0,0,1,0,0,0,0,0,0,0,0,0,0,0,0,0
#8RJJLV9PG,TikTok Akaza,1,217,0,0,0,0,0,0,0,0,0,0,0,0,1,0,0,0,0,0
#8C0GJ028L,SC🕷️|Sleepy,1,217,0,0,0,0,0,0,0,0,0,0,0,0,0,1,0,0,0,0
#8Q22L0V22,7.Milano🎋🐼,1,217,0,0,0,0,0,0,0,0,0,0,0,0,0,0,1,0,0,0
#PRYVPURJ,VGX|Adriuber 🚑,1,217,0,0,0,0,0,0,0,0,0,0,0,0,0,0,0,1,0,0
#GJJVU9YR0,mirko🍒,1,217,0,0,0,0,0,0,0,0,0,0,0,0,0,0,0,0,1,0
#9LRG9UR89,打到你哭回家找媽媽,1,218,0,0,0,0,1,0,0,0,0,0,0,0,0,0,0,0,0,0
#9U8Y8L0V8,Memo Light,1,218,0,0,0,0,0,0,0,1,0,0,0,0,0,0,0,0,0,0
#2QR89VR8C0,ryzen,1,218,0,0,0,0,0,0,0,0,0,0,1,0,0,0,0,0,0,0
#9CPYUCGQC,ice❤️clara,1,218,0,0,0,0,0,0,0,0,0,0,0,0,0,1,0,0,0,0
#LCVYV002Q,TT-kyzen.brawl,1,218,0,0,0,0,0,0,0,0,0,0,0,0,0,0,0,1,0,0
#2Q9Y0VRJLR,Blanksippkopf,1,219,0,0,0,0,1,0,0,0,0,0,0,0,0,0,0,0,0,0
#ULURUCQ9,Code: Symantec,1,219,0,0,0,0,0,0,0,1,0,0,0,0,0,0,0,0,0,0
#RVJ9GYVQ,𝓢𝓪𝓪𝓷𝓽𝔁 ღ,1,219,0,0,0,0,0,0,0,0,0,0,0,0,1,0,0,0,0,0
#GYCYJJCP2,𑣲Miqui🧸ྀི,1,219,0,0,0,0,0,0,0,0,0,0,0,0,0,1,0,0,0,0
#YGJPPPJP0,Ekal❤️Tea,1,220,0,0,0,0,1,0,0,0,0,0,0,0,0,0,0,0,0,0
#8LQL9Y22,BarcaTrein,1,220,0,0,0,0,0,0,0,0,0,0,1,0,0,0,0,0,0,0
#RQV8JGYL0,vortex𖦹,1,220,0,0,0,0,0,0,0,0,0,0,0,0,1,0,0,0,0,0
#90GRCPVCJ,Kutupお🖤,1,220,0,0,0,0,0,0,0,0,0,0,0,0,0,1,0,0,0,0
#8VGU8J0VR,『ζ͜͡๛𝗌αᴋᴜʀα🏂爱,1,220,0,0,0,0,0,0,0,0,0,0,0,0,0,0,1,0,0,0
#8C9Y0U8PR,明天记得爱上我,1,220,0,0,0,0,0,0,0,0,0,0,0,0,0,0,0,1,0,0
#GVV9QGGQG,⑅Yarn𓏞𓏟,1,220,0,0,0,0,0,0,0,0,0,0,0,0,0,0,0,0,1,0
#2VPRYUPLPJ,Marin Kitagawa,1,220,0,0,0,0,0,0,0,0,0,0,0,0,0,0,0,0,0,1
#9J8UQQYVP,@Obsessed🇺🇦,1,221,0,0,0,0,1,0,0,0,0,0,0,0,0,0,0,0,0,0
#R9PPU0QU,Noss🩵,1,221,0,0,0,0,0,0,0,1,0,0,0,0,0,0,0,0,0,0
#82292GJ92,也許有一天🥀,1,221,0,0,0,0,0,0,0,0,0,0,1,0,0,0,0,0,0,0
#2QC9YLPG2,U4F|aïssa 🐣,1,221,0,0,0,0,0,0,0,0,0,0,0,0,1,0,0,0,0,0
#9Q00Y2Q9,I❤️Gampi,1,221,0,0,0,0,0,0,0,0,0,0,0,0,0,1,0,0,0,0
#998Y022P0,Stiv.,1,221,0,0,0,0,0,0,0,0,0,0,0,0,0,0,0,0,0,1
#YG8LVCGG2,旖旎心思,1,222,0,0,0,0,1,0,0,0,0,0,0,0,0,0,0,0,0,0
#YVUQPLLP2,꧁🐆Yoⷬeͬlͦ⚔️⚔️,1,222,0,0,0,0,0,0,0,1,0,0,0,0,0,0,0,0,0,0
#2JJ0CJ28C8,Buzko,1,222,0,0,0,0,0,0,0,0,0,0,0,0,0,1,0,0,0,0
#2PYQUPY9R,JaeJinSZ,1,223,0,0,0,0,0,0,0,1,0,0,0,0,0,0,0,0,0,0
#88Q082YJV,Musasabi🃏,1,223,0,0,0,0,0,0,0,0,0,0,0,0,1,0,0,0,0,0
#29ULC88CR,ぱ | 𝓜𝓪𝓴𝓼 💙,1,223,0,0,0,0,0,0,0,0,0,0,0,0,0,0,0,0,0,1
#YJ8VV2C9G,無名ᴿᵒʸᵃᴸ,1,224,0,0,0,0,1,0,0,0,0,0,0,0,0,0,0,0,0,0
#2U8PCLR82,I hate carl,1,224,0,0,0,0,0,0,0,1,0,0,0,0,0,0,0,0,0,0
#88V99UPL8,Sunday💕Jack,1,224,0,0,0,0,0,0,0,0,0,0,0,0,0,1,0,0,0,0
#2C02LLY82U,Alumina@配信者キャリー,1,224,0,0,0,0,0,0,0,0,0,0,0,0,0,0,0,1,0,0
#PYCPRQJ0L,Leroy Sane🧘🏾,1,225,0,0,0,0,1,0,0,0,0,0,0,0,0,0,0,0,0,0
#2G2PJR2QJ,Misery错误,1,225,0,0,0,0,0,0,0,0,0,0,1,0,0,0,0,0,0,0
#2CLCV9UR99,TR│HIMAZIN,1,225,0,0,0,0,0,0,0,0,0,0,0,0,0,1,0,0,0,0
#9V8QP2QV,Aski,1,225,0,0,0,0,0,0,0,0,0,0,0,0,0,0,0,0,1,0
#8C9LR9QGQ,JO | Tsar🇯🇴,1,225,0,0,0,0,0,0,0,0,0,0,0,0,0,0,0,0,0,1
#JPGRR9UV,Babos🐦‍🔥,1,226,0,0,0,0,1,0,0,0,0,0,0,0,0,0,0,0,0,0
#2UQCCG92VG,Lipizin ❀,1,226,0,0,0,0,0,0,0,0,0,0,0,0,1,0,0,0,0,0
#2PRCPUCCY9,ぜろわん,1,227,0,0,0,0,0,0,0,0,0,0,0,0,1,0,0,0,0,0
#8RU2YUJ20,s4anta,1,227,0,0,0,0,0,0,0,0,0,0,0,0,0,1,0,0,0,0
#9P2U2UPRR,luaka.💫,1,227,0,0,0,0,0,0,0,0,0,0,0,0,0,0,1,0,0,0
#8LU2P0LLR,Rizu🪿🩵,1,227,0,0,0,0,0,0,0,0,0,0,0,0,0,0,0,0,0,1
#Y8QJ00C8L,Mr.PotatoHead🥔,1,228,0,0,0,0,1,0,0,0,0,0,0,0,0,0,0,0,0,0
#P9PQRL9PR,DepressedKid🕊️,1,228,0,0,0,0,0,0,0,1,0,0,0,0,0,0,0,0,0,0
#9YLJGV2UP,galaxy 🧸,1,228,0,0,0,0,0,0,0,0,0,0,0,0,1,0,0,0,0,0
#2JGP0LYV2Q,Rdz💜,1,228,0,0,0,0,0,0,0,0,0,0,0,0,0,0,0,1,0,0
#9RC2QU8Q8,MumeiBrawlYT,1,228,0,0,0,0,0,0,0,0,0,0,0,0,0,0,0,0,1,0
#2GJ8LQYRQ,你是咖喱給給🏳️‍🌈,1,229,0,0,0,0,0,0,0,0,0,0,0,0,0,1,0,0,0,0
#L8LLGL2V8,Santino💞Ida,1,229,0,0,0,0,0,0,0,0,0,0,0,0,0,0,0,0,1,0
#2UYJC2L0P,jeloneqq​♡,1,230,0,0,0,0,0,0,0,1,0,0,0,0,0,0,0,0,0,0
#P8P28G0PC,MC|Vizz091🌳,1,230,0,0,0,0,0,0,0,0,0,0,0,0,0,1,0,0,0,0
#PJRYP98G8,@ChaYoonda,1,230,0,0,0,0,0,0,0,0,0,0,0,0,0,0,0,0,1,0
#YLV88U8V9,Sirogane Noel🥛,1,231,0,0,0,0,0,0,0,0,0,0,0,0,1,0,0,0,0,0
#2UQGJ28GQ,Bananatampoo🍥,1,231,0,0,0,0,0,0,0,0,0,0,0,0,0,0,1,0,0,0
#2QGC2URJC8,Scottsito 7,1,231,0,0,0,0,0,0,0,0,0,0,0,0,0,0,0,1,0,0
#YRCLGY2CC,HutaoMarryMe🦋,1,231,0,0,0,0,0,0,0,0,0,0,0,0,0,0,0,0,1,0
#P2JPRCQVR,عمر,1,232,0,0,0,0,0,0,0,0,0,0,0,0,0,1,0,0,0,0
#2JP9VRYL9R,Topia↯,1,232,0,0,0,0,0,0,0,0,0,0,0,0,0,0,0,1,0,0
#82CPP9VQ,LeLuwsty,1,232,0,0,0,0,0,0,0,0,0,0,0,0,0,0,0,0,0,1
#YPRLRUU98,Nilo🇨🇭,1,233,0,0,0,0,0,0,0,1,0,0,0,0,0,0,0,0,0,0
#Y292RRPQ,Oguri Alphen,1,233,0,0,0,0,0,0,0,0,0,0,0,0,0,1,0,0,0,0
#20LL9QJQ0,Memphis,1,233,0,0,0,0,0,0,0,0,0,0,0,0,0,0,1,0,0,0
#2V08QJG9VQ,unknown,1,233,0,0,0,0,0,0,0,0,0,0,0,0,0,0,0,1,0,0
#PLVC02GYY,mallop3814,1,233,0,0,0,0,0,0,0,0,0,0,0,0,0,0,0,0,1,0
#LJ8GCJVG,otp to master,1,233,0,0,0,0,0,0,0,0,0,0,0,0,0,0,0,0,0,1
#RR0QC28R,断了的弦,1,234,0,0,0,0,1,0,0,0,0,0,0,0,0,0,0,0,0,0
#8L8VGG8QJ,hQd|Bleon,1,234,0,0,0,0,0,0,0,0,0,0,1,0,0,0,0,0,0,0
#9G8UVUPRG,小声地анфікс♡,1,234,0,0,0,0,0,0,0,0,0,0,0,0,0,1,0,0,0,0
#9PLR2UY89,지율,1,234,0,0,0,0,0,0,0,0,0,0,0,0,0,0,1,0,0,0
#2J0UULQYYL,Nayko🩶,1,234,0,0,0,0,0,0,0,0,0,0,0,0,0,0,0,1,0,0
#RGP80GVC,RhaenN,1,234,0,0,0,0,0,0,0,0,0,0,0,0,0,0,0,0,1,0
#898R8GLV,Naruto ❦,1,235,0,0,0,0,1,0,0,0,0,0,0,0,0,0,0,0,0,0
#9QCJ0Q8G,vaae’s daddy৻ꪆ,1,235,0,0,0,0,0,0,0,0,0,0,1,0,0,0,0,0,0,0
#29VJL89G8,Edukxz327🏴,1,235,0,0,0,0,0,0,0,0,0,0,0,0,1,0,0,0,0,0
#GQCCL888,TT:Dizzybss,1,235,0,0,0,0,0,0,0,0,0,0,0,0,0,0,1,0,0,0
#2R8YCCJQ0,♧KobraOnFire火のド,1,235,0,0,0,0,0,0,0,0,0,0,0,0,0,0,0,1,0,0
#P8VVCPQGV,Sweazyツ🇳🇬,1,235,0,0,0,0,0,0,0,0,0,0,0,0,0,0,0,0,1,0
#9PYYPR9G0,Ryxxx10,1,236,0,0,0,0,1,0,0,0,0,0,0,0,0,0,0,0,0,0
#9GPP9JJGC,ǤђØŞŦシ,1,236,0,0,0,0,0,0,0,0,0,0,1,0,0,0,0,0,0,0
#G89VRP802,tikudo,1,236,0,0,0,0,0,0,0,0,0,0,0,0,1,0,0,0,0,0
#PQJ29LQYL,cute mali,1,236,0,0,0,0,0,0,0,0,0,0,0,0,0,0,1,0,0,0
#LYJQ008LP,Goomba,1,236,0,0,0,0,0,0,0,0,0,0,0,0,0,0,0,1,0,0
#90J9JGL09,Cabbage King,1,236,0,0,0,0,0,0,0,0,0,0,0,0,0,0,0,0,0,1
#8QJGU0P9C,𝑫𝒐𝒘𝒏 𝑩𝒂𝒅,1,237,0,0,0,0,1,0,0,0,0,0,0,0,0,0,0,0,0,0
#9GUV0PJ8Y,Buzēn878,1,237,0,0,0,0,0,0,0,0,0,0,1,0,0,0,0,0,0,0
#2800UCGP2,𝙺𝚁𝚇|❦ⁿᵉʳᵒねろ,1,237,0,0,0,0,0,0,0,0,0,0,0,0,0,0,1,0,0,0
#2PLVV0PPG,NoNo ツ,1,237,0,0,0,0,0,0,0,0,0,0,0,0,0,0,0,1,0,0
#9QQQ2C0V8,Ayanokoji,1,237,0,0,0,0,0,0,0,0,0,0,0,0,0,0,0,0,1,0
#9YY0U0VJL,NEVER ENOUGH,1,238,0,0,0,0,1,0,0,0,0,0,0,0,0,0,0,0,0,0
#QR8RU922,Karmaa 🖤,1,238,0,0,0,0,0,0,0,0,0,0,1,0,0,0,0,0,0,0
#VCJ0UQ2J,Zenx愛,1,238,0,0,0,0,0,0,0,0,0,0,0,0,1,0,0,0,0,0
#GCGY0CRQ,Sandy Cheeks,1,238,0,0,0,0,0,0,0,0,0,0,0,0,0,0,1,0,0,0
#2J8L0U9PCR,ElGrandeP🐺,1,238,0,0,0,0,0,0,0,0,0,0,0,0,0,0,0,1,0,0
#2V92UG0U8J,BIG|Melih,1,238,0,0,0,0,0,0,0,0,0,0,0,0,0,0,0,0,1,0
#9LYLCJGRP,habin🖤,1,239,0,0,0,0,1,0,0,0,0,0,0,0,0,0,0,0,0,0
#C8JYJQQ8J,Ama아마🩶,1,239,0,0,0,0,0,0,0,1,0,0,0,0,0,0,0,0,0,0
#9LGU8CQR,go nanobor🐤,1,239,0,0,0,0,0,0,0,0,0,0,0,0,1,0,0,0,0,0
#2UPG09J892,Alk4nus,1,239,0,0,0,0,0,0,0,0,0,0,0,0,0,1,0,0,0,0
#PULP0VJC,AishaGreyrat⊹₊✦,1,239,0,0,0,0,0,0,0,0,0,0,0,0,0,0,0,1,0,0
#PRLQVVL8Y,la mesuru,1,239,0,0,0,0,0,0,0,0,0,0,0,0,0,0,0,0,0,1
#9L09GR98,Shin.,1,240,0,0,0,0,0,0,0,0,0,0,0,0,0,0,0,1,0,0
#2YRC2V2U,blamix,1,241,0,0,0,0,1,0,0,0,0,0,0,0,0,0,0,0,0,0
#2PC8L2YRYQ,elyne's pet 🍥,1,241,0,0,0,0,0,0,0,0,0,0,1,0,0,0,0,0,0,0
#2C0YPGYLP,Lovely心やさしさ,1,241,0,0,0,0,0,0,0,0,0,0,0,0,0,1,0,0,0,0
#QUR92Q08G,Heartless’10,1,241,0,0,0,0,0,0,0,0,0,0,0,0,0,0,0,1,0,0
#Y2LJVPC8J,エルプリ男の息子,1,242,0,0,0,0,1,0,0,0,0,0,0,0,0,0,0,0,0,0
#URPYG90,Duc🐍,1,242,0,0,0,0,0,0,0,0,0,0,1,0,0,0,0,0,0,0
#28C00CYJP,H⠀,1,242,0,0,0,0,0,0,0,0,0,0,0,0,1,0,0,0,0,0
#2VPLYU2CC,𝑂𝑛𝑒0𝑛𝑙𝑦⛩️,1,242,0,0,0,0,0,0,0,0,0,0,0,0,0,0,1,0,0,0
#9LJQYR0UY,Yrxxnooガアラ,1,242,0,0,0,0,0,0,0,0,0,0,0,0,0,0,0,0,1,0
#2JJL902LU0,蠟筆小新🫥,1,242,0,0,0,0,0,0,0,0,0,0,0,0,0,0,0,0,0,1
#98C0R28G,FlexJP,1,243,0,0,0,0,1,0,0,0,0,0,0,0,0,0,0,0,0,0
#QCV0JYQJ,полицейский 🐶,1,243,0,0,0,0,0,0,0,0,0,0,0,0,1,0,0,0,0,0
#2UPCQG8U9,Michael,1,243,0,0,0,0,0,0,0,0,0,0,0,0,0,1,0,0,0,0
#2R20GCULCL,Ero🖤Asians,1,243,0,0,0,0,0,0,0,0,0,0,0,0,0,0,0,1,0,0
#GPLG8L2L8,star_habin,1,243,0,0,0,0,0,0,0,0,0,0,0,0,0,0,0,0,1,0
#Q8ULYJVYU,Fabi🤎Tan,1,244,0,0,0,0,1,0,0,0,0,0,0,0,0,0,0,0,0,0
#YUYQ8UV0Y,秤 アツコ(⑉〇◡〇⑉),1,244,0,0,0,0,0,0,0,0,0,0,1,0,0,0,0,0,0,0
#U82YJJ82U,地球の答え,1,244,0,0,0,0,0,0,0,0,0,0,0,0,1,0,0,0,0,0
#2Y0V8YYCL,tiktok vinny@,1,244,0,0,0,0,0,0,0,0,0,0,0,0,0,1,0,0,0,0
#8Q9LUQGJU,OPL3X,1,244,0,0,0,0,0,0,0,0,0,0,0,0,0,0,0,1,0,0
#Y8UPCRPYY,第•kam𝟙l✧,1,244,0,0,0,0,0,0,0,0,0,0,0,0,0,0,0,0,1,0
#UC92LU2Y,M2H | Azk💕Eジ,1,245,0,0,0,0,1,0,0,0,0,0,0,0,0,0,0,0,0,0
#GVRLJGQLU,Shawn Prime.,1,245,0,0,0,0,0,0,0,0,0,0,1,0,0,0,0,0,0,0
#2UY0JG0RQL,ness🎈,1,245,0,0,0,0,0,0,0,0,0,0,0,0,1,0,0,0,0,0
#9JGLULG0,Toji Fushiguroㅊ,1,245,0,0,0,0,0,0,0,0,0,0,0,0,0,0,0,0,1,0
#Y22C8QULY,xHarshan🥇,1,245,0,0,0,0,0,0,0,0,0,0,0,0,0,0,0,0,0,1
#8JL2YGQPY,splash,1,246,0,0,0,0,0,0,0,0,0,0,1,0,0,0,0,0,0,0
#GQ89L0JG0,Naoss,1,246,0,0,0,0,0,0,0,0,0,0,0,0,0,1,0,0,0,0
#8CLQQQYCQ,BSB|Butter,1,246,0,0,0,0,0,0,0,0,0,0,0,0,0,0,1,0,0,0
#82Q9GL8Q,Galaxy🖤,1,246,0,0,0,0,0,0,0,0,0,0,0,0,0,0,0,1,0,0
#822CYL00C,MaCiX,1,246,0,0,0,0,0,0,0,0,0,0,0,0,0,0,0,0,1,0
#PLP0GJJU2,愛 | NATHAN!,1,247,0,0,0,0,0,0,0,0,0,0,1,0,0,0,0,0,0,0
#22LGJRCJQ,Gartgal🌱,1,247,0,0,0,0,0,0,0,0,0,0,0,0,1,0,0,0,0,0
#GYG0JP2YU,Diee🏴,1,247,0,0,0,0,0,0,0,0,0,0,0,0,0,0,1,0,0,0
#PCRYRV02Y,Mystery💜,1,247,0,0,0,0,0,0,0,0,0,0,0,0,0,0,0,1,0,0
#GGQRPUVJ8,Aurora💫,1,247,0,0,0,0,0,0,0,0,0,0,0,0,0,0,0,0,0,1
#Q2UYRPUJJ,KD POTOSKY,1,248,0,0,0,0,1,0,0,0,0,0,0,0,0,0,0,0,0,0
#8VRQL2LR2,𝗅𝗈𝗇𝖾𝗅𝗒☠︎,1,248,0,0,0,0,0,0,0,0,0,0,1,0,0,0,0,0,0,0
#RPV8UGC9Y,Getso,1,248,0,0,0,0,0,0,0,0,0,0,0,0,0,0,1,0,0,0
#JVQV8PL2,ᴿ₆₂₃ | 𝔹𝔸𝕂𝔸,1,248,0,0,0,0,0,0,0,0,0,0,0,0,0,0,0,1,0,0
#2YGLLR99C,no mental loss,1,248,0,0,0,0,0,0,0,0,0,0,0,0,0,0,0,0,1,0
#9CUQGRYC9,Haison,1,248,0,0,0,0,0,0,0,0,0,0,0,0,0,0,0,0,0,1
#9YJPP282Q,Cxpturedd.,1,249,0,0,0,0,0,0,0,0,0,0,1,0,0,0,0,0,0,0
#2G89YUV2Q,𝓜𝓪𝓭 𝓵𝓸𝓻𝓭,1,249,0,0,0,0,0,0,0,0,0,0,0,0,0,1,0,0,0,0
#Y2CLPV8QJ,KauaLindx,1,249,0,0,0,0,0,0,0,0,0,0,0,0,0,0,1,0,0,0
#PV0CCG28,𝓑𝓮𝓪𝓶𝓮𝓻𝔁,1,249,0,0,0,0,0,0,0,0,0,0,0,0,0,0,0,0,1,0
#2G8U9QQR8Y,Code:ENGINE,1,250,0,0,0,0,0,0,0,0,0,0,1,0,0,0,0,0,0,0
#VJ9UQRQJ9,Lukas❤️Celine,1,250,0,0,0,0,0,0,0,0,0,0,0,0,0,0,1,0,0,0
#2VQR80C9LC,Nubax's back.🍒,1,250,0,0,0,0,0,0,0,0,0,0,0,0,0,0,0,0,0,1
#V9P9V89Q,Alice的宝贝💞,1,251,0,0,0,0,1,0,0,0,0,0,0,0,0,0,0,0,0,0
#229GRPUQ,SSG|sans,1,251,0,0,0,0,0,0,0,1,0,0,0,0,0,0,0,0,0,0
#9LUPCCY2J,Vickyyy,1,251,0,0,0,0,0,0,0,0,0,0,1,0,0,0,0,0,0,0
#U8J89RLJ2,SunRxxse✨,1,251,0,0,0,0,0,0,0,0,0,0,0,0,1,0,0,0,0,0
#LGRP28CU,RZ|Castro💕Ada,1,251,0,0,0,0,0,0,0,0,0,0,0,0,0,1,0,0,0,0
#2CLRLCYYQV,SRN|Sunny☆,1,251,0,0,0,0,0,0,0,0,0,0,0,0,0,0,1,0,0,0
#8PQRR8VR0,惰AxL130.,1,251,0,0,0,0,0,0,0,0,0,0,0,0,0,0,0,0,0,1
#P20U8YJCV,×',1,252,0,0,0,0,0,0,0,0,0,0,0,0,0,1,0,0,0,0
#GL8C9JQ9C,Tyler,1,252,0,0,0,0,0,0,0,0,0,0,0,0,0,0,0,1,0,0
#8R228YQYG,Reimi Amanai,1,252,0,0,0,0,0,0,0,0,0,0,0,0,0,0,0,0,0,1
#8LQR0UU2,Ruffy🦋,1,253,0,0,0,0,1,0,0,0,0,0,0,0,0,0,0,0,0,0
#9JCRR208J,𝐊𝐮𝐫𝐚𝐦𝐚🪶,1,253,0,0,0,0,0,0,0,1,0,0,0,0,0,0,0,0,0,0
#PU0J09YPV,девяносто один,1,253,0,0,0,0,0,0,0,0,0,0,0,0,0,0,1,0,0,0
#2QLR9P8Q2J,NqKi,1,253,0,0,0,0,0,0,0,0,0,0,0,0,0,0,0,1,0,0
#2G8PCPUY8,幽鬼,1,253,0,0,0,0,0,0,0,0,0,0,0,0,0,0,0,0,1,0
#2LUCUUV88R,Second❤️lena,1,253,0,0,0,0,0,0,0,0,0,0,0,0,0,0,0,0,0,1
#QQLL89C2R,false hope,1,254,0,0,0,0,0,0,0,0,0,0,0,0,1,0,0,0,0,0
#L2VYJVJYG,アント💔,1,254,0,0,0,0,0,0,0,0,0,0,0,0,0,1,0,0,0,0
#JJVPPQ,𝙃𝙀𝙆𝙏𝙊𝙍 🐐,1,255,0,0,0,0,1,0,0,0,0,0,0,0,0,0,0,0,0,0
#JL9VU98GL,ВсемСосущий,1,255,0,0,0,0,0,0,0,0,0,0,1,0,0,0,0,0,0,0
#99QURVGG,Mahiru💙,1,255,0,0,0,0,0,0,0,0,0,0,0,0,0,1,0,0,0,0
#9UY2RP99Q,Lil ACEkun,1,255,0,0,0,0,0,0,0,0,0,0,0,0,0,0,1,0,0,0
#2RCPYLPCR2,𝓔zr𝒶.🧸,1,255,0,0,0,0,0,0,0,0,0,0,0,0,0,0,0,0,0,1
#9JL889GLG,Dope Lobster™🦐,1,256,0,0,0,0,1,0,0,0,0,0,0,0,0,0,0,0,0,0
#LG8JR8L9V,Moo Deng🦛,1,256,0,0,0,0,0,0,0,0,0,0,1,0,0,0,0,0,0,0
#CVUYCQ9R,Zoròlix🍥,1,256,0,0,0,0,0,0,0,0,0,0,0,0,1,0,0,0,0,0
#JRJYV2JG,Winnie-the-pooh,1,256,0,0,0,0,0,0,0,0,0,0,0,0,0,1,0,0,0,0
#PPY8U02RJ,クルムクス,1,256,0,0,0,0,0,0,0,0,0,0,0,0,0,0,1,0,0,0
#YQ88L989R,Bob,1,256,0,0,0,0,0,0,0,0,0,0,0,0,0,0,0,0,1,0
#2V80J2CVQR,Taiga Kagami,1,256,0,0,0,0,0,0,0,0,0,0,0,0,0,0,0,0,0,1
#LVQGGQJCU,👻Setobuns✨,1,257,0,0,0,0,0,0,0,1,0,0,0,0,0,0,0,0,0,0
#LGJJ92GVY,zYukihxna.💫,1,257,0,0,0,0,0,0,0,0,0,0,0,0,1,0,0,0,0,0
#82CPVQGY9,Asian>Latina,1,257,0,0,0,0,0,0,0,0,0,0,0,0,0,1,0,0,0,0
#2RRL8P2Y0,Juungles🫧Pet🐶,1,257,0,0,0,0,0,0,0,0,0,0,0,0,0,0,1,0,0,0
#2CQG9VCVYJ,和栗 薰子,1,258,0,0,0,0,0,0,0,0,0,0,1,0,0,0,0,0,0,0
#CQGGGVJY,ZX|イアン🩵,1,258,0,0,0,0,0,0,0,0,0,0,0,0,0,0,1,0,0,0
#2R9VYUV9R9,Crylix,1,259,0,0,0,0,1,0,0,0,0,0,0,0,0,0,0,0,0,0
#2GYR9VU9Y,𝓤𝓷𝓛𝓞𝓚𝓞 🤍,1,259,0,0,0,0,0,0,0,0,0,0,1,0,0,0,0,0,0,0
#92YGVJ2RP,KΔRMΔ | TC⋆,1,259,0,0,0,0,0,0,0,0,0,0,0,0,1,0,0,0,0,0
#9LG2JVJJ9,KLUTCH,1,259,0,0,0,0,0,0,0,0,0,0,0,0,0,1,0,0,0,0
#CGL0VUVC,Uvulo,1,259,0,0,0,0,0,0,0,0,0,0,0,0,0,0,1,0,0,0
#8Q2889PPY,Ho l’orologio⌚️,1,259,0,0,0,0,0,0,0,0,0,0,0,0,0,0,0,1,0,0
#P90RJY98Y,Kurumi,1,259,0,0,0,0,0,0,0,0,0,0,0,0,0,0,0,0,1,0
#2R9U2C2JP,KOS|make,1,259,0,0,0,0,0,0,0,0,0,0,0,0,0,0,0,0,0,1
#8J0VL08V9,Esdeath,1,260,0,0,0,0,0,0,0,0,0,0,1,0,0,0,0,0,0,0
#2YUR9LJGG,G2|SturmVirus,1,260,0,0,0,0,0,0,0,0,0,0,0,0,0,0,1,0,0,0
#2UPQR2J,❦ | 𝒶𝓁𝒷𝓃💫™,1,260,0,0,0,0,0,0,0,0,0,0,0,0,0,0,0,1,0,0
#LGY8208,Вilly Вutcher,1,260,0,0,0,0,0,0,0,0,0,0,0,0,0,0,0,0,1,0
#2RCLJP00P,бурмалда💀🦀🌬️,1,260,0,0,0,0,0,0,0,0,0,0,0,0,0,0,0,0,0,1
#2U9U8U00P,내가 너보다 잘해,1,261,0,0,0,0,0,0,0,0,0,0,0,0,0,1,0,0,0,0
#9UUUC9PUQ,胜利|Devilish,1,261,0,0,0,0,0,0,0,0,0,0,0,0,0,0,0,0,0,1
#VR82CVCY,受験生ですフレ消さないで🥺,1,262,0,0,0,0,1,0,0,0,0,0,0,0,0,0,0,0,0,0
#8LQ0P9Y28,𝑳𝑿♕,1,262,0,0,0,0,0,0,0,0,0,0,1,0,0,0,0,0,0,0
#9PV02C0L,あ|Insomniac,1,262,0,0,0,0,0,0,0,0,0,0,0,0,0,1,0,0,0,0
#YG09LVGJQ,BLG|Tuan 🌪️,1,262,0,0,0,0,0,0,0,0,0,0,0,0,0,0,0,1,0,0
#2U0VRLCQR,RM|izana🦈,1,262,0,0,0,0,0,0,0,0,0,0,0,0,0,0,0,0,1,0
#2G29RY9R,Xuan兒子,1,262,0,0,0,0,0,0,0,0,0,0,0,0,0,0,0,0,0,1
#YJU80YUGC,タクキン,1,263,0,0,0,0,0,0,0,0,0,0,1,0,0,0,0,0,0,0
#YGUV0CPVR,YouTube|ROK4H,1,263,0,0,0,0,0,0,0,0,0,0,0,0,1,0,0,0,0,0
#2V89CRJJU,KTN | tick,1,263,0,0,0,0,0,0,0,0,0,0,0,0,0,0,1,0,0,0
#2C8UCV0L29,Azimm🐙,1,263,0,0,0,0,0,0,0,0,0,0,0,0,0,0,0,0,1,0
#209CP0YU,ℛ𝓪𝓲𝓷,1,263,0,0,0,0,0,0,0,0,0,0,0,0,0,0,0,0,0,1
#2L8LUPPJY2,Kirigaya Kazuto,1,264,0,0,0,0,1,0,0,0,0,0,0,0,0,0,0,0,0,0
#JV0PCLR99,🏀Black Mamba🖤,1,264,0,0,0,0,0,0,0,0,0,0,1,0,0,0,0,0,0,0
#QQUULV0LJ,i bet my life,1,264,0,0,0,0,0,0,0,0,0,0,0,0,1,0,0,0,0,0
#98LPJUCQ9,ScarFace,1,264,0,0,0,0,0,0,0,0,0,0,0,0,0,1,0,0,0,0
#Y2YJ900L9,OG|Darki64❤️‍🔥,1,264,0,0,0,0,0,0,0,0,0,0,0,0,0,0,1,0,0,0
#2RCCC0JCCY,Rick Grimes,1,264,0,0,0,0,0,0,0,0,0,0,0,0,0,0,0,1,0,0
#2Y2UQ9P89,UAE,1,264,0,0,0,0,0,0,0,0,0,0,0,0,0,0,0,0,0,1
#Q8U0CY9R2,f1esh,1,265,0,0,0,0,0,0,0,1,0,0,0,0,0,0,0,0,0,0
#U2GJQQVL,@Gyroxx🏴,1,265,0,0,0,0,0,0,0,0,0,0,0,0,1,0,0,0,0,0
#8RP0P88LJ,bad 4 u,1,265,0,0,0,0,0,0,0,0,0,0,0,0,0,1,0,0,0,0
#RRUQ9V9J,Josemi🐻‍❄️,1,265,0,0,0,0,0,0,0,0,0,0,0,0,0,0,1,0,0,0
#PGUJJ0PJV,Azachok💨,1,265,0,0,0,0,0,0,0,0,0,0,0,0,0,0,0,0,1,0
#VP0CQCLV,Jin玄,1,266,0,0,0,0,1,0,0,0,0,0,0,0,0,0,0,0,0,0
#2YQQJGYQJ,David Martinez.,1,266,0,0,0,0,0,0,0,0,0,0,1,0,0,0,0,0,0,0
#2JYYUVG9R,↯Nitroxzz🤍,1,266,0,0,0,0,0,0,0,0,0,0,0,0,0,0,0,0,1,0
#LR8L29VCV,🦀🌬️—• ——— <🎉,1,266,0,0,0,0,0,0,0,0,0,0,0,0,0,0,0,0,0,1
#GPJC9VJ9,ぬいぐるみ,1,267,0,0,0,0,0,0,0,1,0,0,0,0,0,0,0,0,0,0
#989GJRYLR,Indù🐝,1,267,0,0,0,0,0,0,0,0,0,0,1,0,0,0,0,0,0,0
#VYL80JP0,RAAAHHH,1,267,0,0,0,0,0,0,0,0,0,0,0,0,1,0,0,0,0,0
#2YPGPJYG92,SweetSlumber,1,267,0,0,0,0,0,0,0,0,0,0,0,0,0,1,0,0,0,0
#9RJPPGYUV,ShRules,1,267,0,0,0,0,0,0,0,0,0,0,0,0,0,0,1,0,0,0
#YLLRP2PCP,Fluxxwave,1,268,0,0,0,0,0,0,0,0,0,0,1,0,0,0,0,0,0,0
#2GJ22JYPCC,Tired?,1,268,0,0,0,0,0,0,0,0,0,0,0,0,1,0,0,0,0,0
#JVPG0LLCQ,아시아브롤원탑의주인공은김라곰,1,268,0,0,0,0,0,0,0,0,0,0,0,0,0,1,0,0,0,0
#2YU0LYYVJ,🌸|C|h|C|h|🥀,1,268,0,0,0,0,0,0,0,0,0,0,0,0,0,0,1,0,0,0
#2RPV2QQRCY,헤헤,1,268,0,0,0,0,0,0,0,0,0,0,0,0,0,0,0,0,1,0
#2QYYC0P9J,Dranix,1,268,0,0,0,0,0,0,0,0,0,0,0,0,0,0,0,0,0,1
#L9CL9JLJQ,FT|Margiela,1,269,0,0,0,0,0,0,0,1,0,0,0,0,0,0,0,0,0,0
#2UYL8ULYQL,StayLayyを🎲,1,269,0,0,0,0,0,0,0,0,0,0,1,0,0,0,0,0,0,0
#299GL0L9,Zane🍥,1,269,0,0,0,0,0,0,0,0,0,0,0,0,1,0,0,0,0,0
#2UPLPPU09G,Daiki Aomine,1,269,0,0,0,0,0,0,0,0,0,0,0,0,0,1,0,0,0,0
#2QQJCYLJ8U,tt:smokopai,1,269,0,0,0,0,0,0,0,0,0,0,0,0,0,0,0,1,0,0
#2J0QCLJG0U,ナツキ・スバル,1,270,0,0,0,0,0,0,0,0,0,0,0,0,0,0,0,1,0,0
#LV8U2VRY9,mint ↯,1,270,0,0,0,0,0,0,0,0,0,0,0,0,0,0,0,0,1,0
#22L9CRYQ8,⓫𝟱ФЗ|☠︎Ᵽ𝟤𝑷☠︎,1,270,0,0,0,0,0,0,0,0,0,0,0,0,0,0,0,0,0,1
#9U0GPC22L,2trickst3r,1,271,0,0,0,0,0,0,0,1,0,0,0,0,0,0,0,0,0,0
#9YUU8CLQG,SNR|Legend,1,271,0,0,0,0,0,0,0,0,0,0,0,0,0,1,0,0,0,0
#YG9GVRQUR,Y🇷🇺,1,271,0,0,0,0,0,0,0,0,0,0,0,0,0,0,0,0,1,0
#8JQLL202,Brawler,1,271,0,0,0,0,0,0,0,0,0,0,0,0,0,0,0,0,0,1
#URVJVRRQ,有明の女王,1,272,0,0,0,0,1,0,0,0,0,0,0,0,0,0,0,0,0,0
#2V82C2VPV8,Adqqm.,1,272,0,0,0,0,0,0,0,0,0,0,0,0,0,0,1,0,0,0
#8UQYYL900,ビタミンC,1,272,0,0,0,0,0,0,0,0,0,0,0,0,0,0,0,0,1,0
#8JRLVP8YG,🐐|ZEUS|🐐,1,272,0,0,0,0,0,0,0,0,0,0,0,0,0,0,0,0,0,1
#YQG2L0QQ,Scandu,1,273,0,0,0,0,1,0,0,0,0,0,0,0,0,0,0,0,0,0
#2UGQYUQJR,♚Zenitsu326🍥.°,1,273,0,0,0,0,0,0,0,0,0,0,1,0,0,0,0,0,0,0
#2VVPL02CY,Olivia🍓ྀི,1,273,0,0,0,0,0,0,0,0,0,0,0,0,0,1,0,0,0,0
#90URY8PQJ,Enzo,1,273,0,0,0,0,0,0,0,0,0,0,0,0,0,0,0,1,0,0
#28YR9RP92,Baby 🎅🏿,1,274,0,0,0,0,1,0,0,0,0,0,0,0,0,0,0,0,0,0
#28P9CGYP,OCX|Crow32,1,274,0,0,0,0,0,0,0,0,0,0,1,0,0,0,0,0,0,0
#LLL2Y9YLP,Hiⁿₐℙ𝓞,1,274,0,0,0,0,0,0,0,0,0,0,0,0,1,0,0,0,0,0
#RU8U9JPJJ,ComebackVi.,1,274,0,0,0,0,0,0,0,0,0,0,0,0,0,0,0,1,0,0
#9UYPQ8GY0,micha,1,274,0,0,0,0,0,0,0,0,0,0,0,0,0,0,0,0,0,1
#8RYC2,Doğa my life🤍,1,275,0,0,0,0,1,0,0,0,0,0,0,0,0,0,0,0,0,0
#28QC0QRVQ,⁹⁹⁹+◤𝓚𝓲𝓵𝓻𝓸,1,275,0,0,0,0,0,0,0,0,0,0,1,0,0,0,0,0,0,0
#GRLJ9JQJV,veshiiqq🤍,1,275,0,0,0,0,0,0,0,0,0,0,0,0,0,1,0,0,0,0
#92VJ0PCY8,Neymar Jr🇧🇷🪄,1,275,0,0,0,0,0,0,0,0,0,0,0,0,0,0,1,0,0,0
#290U8VUQV,Brawler,1,276,0,0,0,0,1,0,0,0,0,0,0,0,0,0,0,0,0,0
#LL0GGU2C,SUNG JIN-WOO,1,276,0,0,0,0,0,0,0,0,0,0,1,0,0,0,0,0,0,0
#GGJU2LGC9,味方に来たら切断推奨,1,276,0,0,0,0,0,0,0,0,0,0,0,0,1,0,0,0,0,0
#9PLJ8V0Y9,Wyzz,1,276,0,0,0,0,0,0,0,0,0,0,0,0,0,0,0,1,0,0
#28JV0RGJU,DL|Showdown🔥,1,276,0,0,0,0,0,0,0,0,0,0,0,0,0,0,0,0,1,0
#UJYQRU0G,Nxr#1,1,276,0,0,0,0,0,0,0,0,0,0,0,0,0,0,0,0,0,1
#8Y0URR000,Kaann🏴,1,277,0,0,0,0,0,0,0,0,0,0,0,0,1,0,0,0,0,0
#RY0VC9PP8,SLC|Axhraff,1,277,0,0,0,0,0,0,0,0,0,0,0,0,0,1,0,0,0,0
#290Q2YJ2Y,ㅤㅤㅤㅤㅤㅤㅤㅤㅤㅤㅤㅤㅤㅤㅤ,1,277,0,0,0,0,0,0,0,0,0,0,0,0,0,0,0,1,0,0
#L8ULUC2G2,Shiva💎Roggero,1,277,0,0,0,0,0,0,0,0,0,0,0,0,0,0,0,0,1,0
#2CRV9QYPJV,浪费时间❀,1,278,0,0,0,0,0,0,0,0,0,0,0,0,0,1,0,0,0,0
#9LRCPCLLU,KAI|ツɢʟᴀᴅɪᴀᴛᴏʀ۩,1,278,0,0,0,0,0,0,0,0,0,0,0,0,0,0,1,0,0,0
#2UVCGJU0JR,クリス,1,278,0,0,0,0,0,0,0,0,0,0,0,0,0,0,0,1,0,0
#PYJ00Y98G,RemezPrime.,1,278,0,0,0,0,0,0,0,0,0,0,0,0,0,0,0,0,1,0
#Q92L0Q9R,Rice farmer,1,279,0,0,0,0,0,0,0,0,0,0,1,0,0,0,0,0,0,0
#PGYYQUU8G,Zaneexx,1,279,0,0,0,0,0,0,0,0,0,0,0,0,0,0,0,0,1,0
#2URYJLGRRQ,Wayzz,1,279,0,0,0,0,0,0,0,0,0,0,0,0,0,0,0,0,0,1
#PQVY9C9J8,SKC|Ash,1,280,0,0,0,0,1,0,0,0,0,0,0,0,0,0,0,0,0,0
#282G2QUR0,Heartless,1,280,0,0,0,0,0,0,0,0,0,0,1,0,0,0,0,0,0,0
#2URCC98GGJ,Sijaa🩷,1,280,0,0,0,0,0,0,0,0,0,0,0,0,1,0,0,0,0,0
#28UL0RPY9,AntiSeptik⚜️,1,281,0,0,0,0,0,0,0,1,0,0,0,0,0,0,0,0,0,0
#RJY0LYJ8J,1 minute guy,1,281,0,0,0,0,0,0,0,0,0,0,0,0,0,0,1,0,0,0
#Q0PGJ800Y,outmxn乂,1,281,0,0,0,0,0,0,0,0,0,0,0,0,0,0,0,1,0,0
#R228QP9C,Gilles,1,281,0,0,0,0,0,0,0,0,0,0,0,0,0,0,0,0,0,1
#2CCLCY89LL,mini demaster💔,1,282,0,0,0,0,0,0,0,1,0,0,0,0,0,0,0,0,0,0
#GQ9LYYUR9,Juso死神.,1,282,0,0,0,0,0,0,0,0,0,0,0,0,1,0,0,0,0,0
#2LQ0RGCRU,Alyanys🌘,1,283,0,0,0,0,1,0,0,0,0,0,0,0,0,0,0,0,0,0
#89RVCC2RR,黑須極,1,283,0,0,0,0,0,0,0,1,0,0,0,0,0,0,0,0,0,0
#P80JCC89J,Seynix🐐7🇵🇹,1,283,0,0,0,0,0,0,0,0,0,0,0,0,1,0,0,0,0,0
#GRGRJRGRL,w.aqvustiicぶ🫧,1,283,0,0,0,0,0,0,0,0,0,0,0,0,0,1,0,0,0,0
#GLGPYQVPR,Talentttttttttt,1,283,0,0,0,0,0,0,0,0,0,0,0,0,0,0,0,1,0,0
#89GRUV8P,ᴍᴀʀɪᴏ希望✨️,1,283,0,0,0,0,0,0,0,0,0,0,0,0,0,0,0,0,1,0
#9LVLYL2G,𑣲⋆Bicho.' 💛,1,284,0,0,0,0,1,0,0,0,0,0,0,0,0,0,0,0,0,0
#20JVU0YJG,PlexX on lině,1,284,0,0,0,0,0,0,0,0,0,0,1,0,0,0,0,0,0,0
#VGCQ9Y0QU,Lavees,1,284,0,0,0,0,0,0,0,0,0,0,0,0,0,1,0,0,0,0
#2U8LPJGUU,Tommi<3,1,284,0,0,0,0,0,0,0,0,0,0,0,0,0,0,1,0,0,0
#2VR090V0C9,Sebasitooo🥺,1,284,0,0,0,0,0,0,0,0,0,0,0,0,0,0,0,1,0,0
#2RY02JGU2C,Yoshímura🐬,1,285,0,0,0,0,1,0,0,0,0,0,0,0,0,0,0,0,0,0
#LVLVCQ28J,𝘽𝙴𝙰𝚁,1,285,0,0,0,0,0,0,0,0,0,0,0,0,1,0,0,0,0,0
#2LQVC9YPC,Kun#1,1,285,0,0,0,0,0,0,0,0,0,0,0,0,0,1,0,0,0,0
#QQCVPGL0,K.H,1,285,0,0,0,0,0,0,0,0,0,0,0,0,0,0,0,0,1,0
#9JG9UG9JV,FreezyEzey,1,285,0,0,0,0,0,0,0,0,0,0,0,0,0,0,0,0,0,1
#PYUPJLPR,BGP|alex playz⚜,1,286,0,0,0,0,1,0,0,0,0,0,0,0,0,0,0,0,0,0
#PC922Y0PL,TikTok K0LEF,1,286,0,0,0,0,0,0,0,0,0,0,1,0,0,0,0,0,0,0
#80QRYPRYC,Azpect💥,1,286,0,0,0,0,0,0,0,0,0,0,0,0,1,0,0,0,0,0
#28RUU2UYJ8,lun4rise,1,286,0,0,0,0,0,0,0,0,0,0,0,0,0,0,1,0,0,0
#2JR8G8RVGY,TRB|Ruko,1,286,0,0,0,0,0,0,0,0,0,0,0,0,0,0,0,0,0,1
#QRRL9QCLG,Lolo💕Xosa,1,287,0,0,0,0,0,0,0,0,0,0,0,0,0,1,0,0,0,0
#J0YJUGPR,RexRelax,1,287,0,0,0,0,0,0,0,0,0,0,0,0,0,0,0,1,0,0
#9CJJRUJQC,Juanphr,1,287,0,0,0,0,0,0,0,0,0,0,0,0,0,0,0,0,1,0
#UP8UCL2,UCR|Wixx 🐘,1,288,0,0,0,0,1,0,0,0,0,0,0,0,0,0,0,0,0,0
#2JQ90U9GVQ,Skillzz,1,288,0,0,0,0,0,0,0,0,0,0,1,0,0,0,0,0,0,0
#22L8QYLCQ,BT|Jaden💛,1,288,0,0,0,0,0,0,0,0,0,0,0,0,0,1,0,0,0,0
#22GVL90YJ0,Emma Watson🛐,1,288,0,0,0,0,0,0,0,0,0,0,0,0,0,0,1,0,0,0
#J8RQQ8CG,Glaceon >w<,1,288,0,0,0,0,0,0,0,0,0,0,0,0,0,0,0,1,0,0
#8LQ9JR82,Eqwaak😕,1,289,0,0,0,0,1,0,0,0,0,0,0,0,0,0,0,0,0,0
#22U9U0JJP,チコン,1,289,0,0,0,0,0,0,0,0,0,0,1,0,0,0,0,0,0,0
#RJ898CQGV,Prime Kezer🪶,1,289,0,0,0,0,0,0,0,0,0,0,0,0,0,0,1,0,0,0
#G0V2G8V0U,Sgt|Sora🌙💍🔥,1,289,0,0,0,0,0,0,0,0,0,0,0,0,0,0,0,0,0,1
#98RV0YRL,ミズハラちゃんねる,1,290,0,0,0,0,1,0,0,0,0,0,0,0,0,0,0,0,0,0
#GLYUU2QR9,あDark Horse™↯ᬊᬁ,1,290,0,0,0,0,0,0,0,1,0,0,0,0,0,0,0,0,0,0
#2LU2R9Y2Q2,papé💜solos,1,290,0,0,0,0,0,0,0,0,0,0,1,0,0,0,0,0,0,0
#8RPCYQQPG,AXIS|GN,1,290,0,0,0,0,0,0,0,0,0,0,0,0,1,0,0,0,0,0
#J0GP2LG0,healthcare,1,290,0,0,0,0,0,0,0,0,0,0,0,0,0,0,0,1,0,0
#PLCQU9PPU,Faneto🦅,1,290,0,0,0,0,0,0,0,0,0,0,0,0,0,0,0,0,1,0
#8YR82ULPQ,黄粱の夢はすべて灰,1,290,0,0,0,0,0,0,0,0,0,0,0,0,0,0,0,0,0,1
#LVU09YYQ,그대를품은새벽,1,291,0,0,0,0,1,0,0,0,0,0,0,0,0,0,0,0,0,0
#8VGQV88CV,TH|Maich23,1,291,0,0,0,0,0,0,0,0,0,0,0,0,0,1,0,0,0,0
#2RR9U28U0,Nil🥶,1,291,0,0,0,0,0,0,0,0,0,0,0,0,0,0,1,0,0,0
#2JCPCG2J2Q,Mr.Kai,1,291,0,0,0,0,0,0,0,0,0,0,0,0,0,0,0,1,0,0
#2QYJJLPRR,cyanideeeeee🐙,1,291,0,0,0,0,0,0,0,0,0,0,0,0,0,0,0,0,1,0
#8V8JL898R,Dathh.🤍,1,292,0,0,0,0,1,0,0,0,0,0,0,0,0,0,0,0,0,0
#L2RCV0UCG,𑣲Felipense,1,292,0,0,0,0,0,0,0,0,0,0,1,0,0,0,0,0,0,0
#8RRC88JGL,ya,1,292,0,0,0,0,0,0,0,0,0,0,0,0,1,0,0,0,0,0
#2GPCVC0JJ0,past prime ❦♛,1,292,0,0,0,0,0,0,0,0,0,0,0,0,0,1,0,0,0,0
#PPUP898UG,ryzon,1,292,0,0,0,0,0,0,0,0,0,0,0,0,0,0,1,0,0,0
#PP0U9JP8R,泣く|Guidas😭😭,1,292,0,0,0,0,0,0,0,0,0,0,0,0,0,0,0,0,1,0
#82P9JCJV8,HAWK|Migzz fv!,1,293,0,0,0,0,0,0,0,0,0,0,1,0,0,0,0,0,0,0
#90RJUGVJP,TT|Amin,1,293,0,0,0,0,0,0,0,0,0,0,0,0,0,0,1,0,0,0
#QRVVJUV2,𝐻𝑎𝑐𝑘 ❤️‍🔥,1,293,0,0,0,0,0,0,0,0,0,0,0,0,0,0,0,0,1,0
#9C8JUUQC9,Ai Hoshino 🕊️,1,294,0,0,0,0,0,0,0,0,0,0,0,0,0,1,0,0,0,0
#YYLCLRC,AURA|Archetype,1,294,0,0,0,0,0,0,0,0,0,0,0,0,0,0,0,0,1,0
#2GVPC9VPL2,FUT|ZeyroX🕊️,1,295,0,0,0,0,0,0,0,0,0,0,0,0,1,0,0,0,0,0
#2UY0989L28,Miyabi 🩵🍈,1,295,0,0,0,0,0,0,0,0,0,0,0,0,0,1,0,0,0,0
#2CP0JCR2C,Osborn,1,295,0,0,0,0,0,0,0,0,0,0,0,0,0,0,0,1,0,0
#LPQQLYL2,TRB|ROLEDU,1,295,0,0,0,0,0,0,0,0,0,0,0,0,0,0,0,0,1,0
#2JLUY9Q9J,ORB,1,295,0,0,0,0,0,0,0,0,0,0,0,0,0,0,0,0,0,1
#20R0Q8292,来|Whixk4ý .♞,1,296,0,0,0,0,0,0,0,1,0,0,0,0,0,0,0,0,0,0
#PCR2JLJ0,194T群C勤務工兵4H111,1,296,0,0,0,0,0,0,0,0,0,0,0,0,0,0,1,0,0,0
#89VR9V9C2,ERTYBAD BS,1,296,0,0,0,0,0,0,0,0,0,0,0,0,0,0,0,0,1,0
#2YVCJRCPJP,Папа Артур,1,297,0,0,0,0,0,0,0,0,0,0,1,0,0,0,0,0,0,0
#92V9LGGQ2,lauchh.,1,297,0,0,0,0,0,0,0,0,0,0,0,0,0,1,0,0,0,0
#28L8R2CUR2,yTouchma,1,297,0,0,0,0,0,0,0,0,0,0,0,0,0,0,1,0,0,0
#8LV09YR2R,Marouane ❤️,1,297,0,0,0,0,0,0,0,0,0,0,0,0,0,0,0,0,1,0
#8QV0YC8R9,Mousss 💚,1,297,0,0,0,0,0,0,0,0,0,0,0,0,0,0,0,0,0,1
#2VQYGPJLG,GodBattoman,1,298,0,0,0,0,0,0,0,1,0,0,0,0,0,0,0,0,0,0
#8CV9UURQ8,CR|Tensai,1,298,0,0,0,0,0,0,0,0,0,0,0,0,0,0,1,0,0,0
#P98QQ20VP,WRT,1,298,0,0,0,0,0,0,0,0,0,0,0,0,0,0,0,1,0,0
#2VQC8PGQVP,Davex,1,298,0,0,0,0,0,0,0,0,0,0,0,0,0,0,0,0,1,0
#YGJY0VQG9,Say wallahi,1,298,0,0,0,0,0,0,0,0,0,0,0,0,0,0,0,0,0,1
#L0CYYQR,葉|dAniッᴷⁱˡˡᵧₒᵤ,1,299,0,0,0,0,0,0,0,0,0,0,1,0,0,0,0,0,0,0
#R2L2PL9YQ,らぷらす・だーくねす,1,299,0,0,0,0,0,0,0,0,0,0,0,0,0,0,1,0,0,0
#82YVV2YRL,ZnyxGgWp,1,299,0,0,0,0,0,0,0,0,0,0,0,0,0,0,0,1,0,0
#PLC008280,JiannGgWp🧧,1,299,0,0,0,0,0,0,0,0,0,0,0,0,0,0,0,0,1,0
#QPU2PPR,Wypfoo,1,299,0,0,0,0,0,0,0,0,0,0,0,0,0,0,0,0,0,1
#8VYQCJG8U,たらこくん,1,300,0,0,0,0,0,0,0,0,0,0,1,0,0,0,0,0,0,0
#2RCQCPLULU,owned,1,300,0,0,0,0,0,0,0,0,0,0,0,0,1,0,0,0,0,0
#2YPPLPRR92,melon!,1,300,0,0,0,0,0,0,0,0,0,0,0,0,0,0,1,0,0,0
#UL2CJ8R,Relax,1,300,0,0,0,0,0,0,0,0,0,0,0,0,0,0,0,0,1,0
#8VJUYGUYR,G𝕖n𝕖RLw.,1,300,0,0,0,0,0,0,0,0,0,0,0,0,0,0,0,0,0,1
#8LVCPGV,mns🐭,1,301,0,0,0,0,0,0,0,0,0,0,0,0,0,1,0,0,0,0
#8LR0RU0JU,Astroヤ,1,301,0,0,0,0,0,0,0,0,0,0,0,0,0,0,0,0,1,0
#2J2CQ8JJU9,1vnk1dd,1,301,0,0,0,0,0,0,0,0,0,0,0,0,0,0,0,0,0,1
#89GLLU922,CplayerX,1,302,0,0,0,0,1,0,0,0,0,0,0,0,0,0,0,0,0,0
#VPUPYP89,Rafic燃,1,302,0,0,0,0,0,0,0,0,0,0,1,0,0,0,0,0,0,0
#QUQLC9G8P,さくら霞む,1,302,0,0,0,0,0,0,0,0,0,0,0,0,0,1,0,0,0,0
#2CRVGGPC8,ATY|ria,1,302,0,0,0,0,0,0,0,0,0,0,0,0,0,0,1,0,0,0
#GY29PLU,TT.Vladut CNS,1,303,0,0,0,0,0,0,0,1,0,0,0,0,0,0,0,0,0,0
#9R2QVU,Pxquitoo🇨🇺,1,303,0,0,0,0,0,0,0,0,0,0,1,0,0,0,0,0,0,0
#2LL9CJJ9JC,jealous.,1,303,0,0,0,0,0,0,0,0,0,0,0,0,0,0,1,0,0,0
#PGGUL8J20,LastSy,1,303,0,0,0,0,0,0,0,0,0,0,0,0,0,0,0,0,1,0
#YCC8CJU,Captain❤️Slynch,1,304,0,0,0,0,1,0,0,0,0,0,0,0,0,0,0,0,0,0
#90U9UQ9LP,dizzy!,1,304,0,0,0,0,0,0,0,1,0,0,0,0,0,0,0,0,0,0
#28U0YJ9PL,ZM|Prodigy,1,304,0,0,0,0,0,0,0,0,0,0,1,0,0,0,0,0,0,0
#9QVUVUYJ0,LC|Poíne❤️‍🩹,1,304,0,0,0,0,0,0,0,0,0,0,0,0,0,0,0,0,0,1
#Y99Y2CUV,SLC|Neroxx,1,305,0,0,0,0,0,0,0,1,0,0,0,0,0,0,0,0,0,0
#9QQYYVL99,Foogyy,1,305,0,0,0,0,0,0,0,0,0,0,0,0,0,0,1,0,0,0
#92Y82VVP8,бiрiбiлька,1,305,0,0,0,0,0,0,0,0,0,0,0,0,0,0,0,0,0,1
#9GU98L29Q,@mel,1,306,0,0,0,0,1,0,0,0,0,0,0,0,0,0,0,0,0,0
#PJ2VU8UL,☔️丹dri𝔸 ᴷᴵᴺᴳ🦈,1,306,0,0,0,0,0,0,0,0,0,0,0,0,0,0,1,0,0,0
#8CJLJL22V,Mølly,1,306,0,0,0,0,0,0,0,0,0,0,0,0,0,0,0,0,1,0
#9LUQ0CR80,Distortion,1,307,0,0,0,0,0,0,0,0,0,0,1,0,0,0,0,0,0,0
#YUQYRGUGC,りんりん,1,307,0,0,0,0,0,0,0,0,0,0,0,0,0,1,0,0,0,0
#929GRGRJQ,Worst Mental NA,1,307,0,0,0,0,0,0,0,0,0,0,0,0,0,0,1,0,0,0
#8YRQVQYJY,Trazeur,1,307,0,0,0,0,0,0,0,0,0,0,0,0,0,0,0,1,0,0
#2JCCQQLJQ,ZLX | Atakull91,1,307,0,0,0,0,0,0,0,0,0,0,0,0,0,0,0,0,1,0
#QLVP829R,Code: Gas,1,308,0,0,0,0,0,0,0,1,0,0,0,0,0,0,0,0,0,0
#8289LYYC0,うにやーん,1,308,0,0,0,0,0,0,0,0,0,0,1,0,0,0,0,0,0,0
#80LL9PVPR,FUT|FROST,1,308,0,0,0,0,0,0,0,0,0,0,0,0,0,0,0,1,0,0
#YCV89G0JJ,Flyshuw💮,1,308,0,0,0,0,0,0,0,0,0,0,0,0,0,0,0,0,1,0
#YV2C22UUG,Nacho🤍,1,308,0,0,0,0,0,0,0,0,0,0,0,0,0,0,0,0,0,1
#PJ929LUUU,blindness,1,309,0,0,0,0,0,0,0,0,0,0,0,0,0,1,0,0,0,0
#GQ2UVUQ20,ㅤㅤ,1,309,0,0,0,0,0,0,0,0,0,0,0,0,0,0,0,1,0,0
#P29C0YGGU,RaúlᲘ𐑼,1,310,0,0,0,0,1,0,0,0,0,0,0,0,0,0,0,0,0,0
#VCQ9GPCC,DeS|Luigi…,1,310,0,0,0,0,0,0,0,1,0,0,0,0,0,0,0,0,0,0
#P29G9228P,duckie🤍neha,1,310,0,0,0,0,0,0,0,0,0,0,0,0,0,1,0,0,0,0
#8Y9228UPR,SBR | ST1DR 乡,1,310,0,0,0,0,0,0,0,0,0,0,0,0,0,0,0,0,1,0
#GGQQRUY92,げぇいびー👨‍❤️‍👨,1,311,0,0,0,0,0,0,0,1,0,0,0,0,0,0,0,0,0,0
#2U9P2YJRYP,RNTX|Super Walk,1,311,0,0,0,0,0,0,0,0,0,0,1,0,0,0,0,0,0,0
#2Q8L022Y8,Kisuke🪭,1,311,0,0,0,0,0,0,0,0,0,0,0,0,0,1,0,0,0,0
#P8Q8QQJQ8,Yf,1,311,0,0,0,0,0,0,0,0,0,0,0,0,0,0,1,0,0,0
#PY0C82R9J,☠❄محمد❄☠,1,311,0,0,0,0,0,0,0,0,0,0,0,0,0,0,0,0,1,0
#GQJ2JJ2J9,Andrés,1,312,0,0,0,0,0,0,0,0,0,0,0,0,0,1,0,0,0,0
#L8PVCU88,Yuta Okkotsu,1,312,0,0,0,0,0,0,0,0,0,0,0,0,0,0,0,0,1,0
#9U2QPY9JJ,Speed 🐖,1,313,0,0,0,0,1,0,0,0,0,0,0,0,0,0,0,0,0,0
#2CQQ08GLLU,Kenji 愛,1,313,0,0,0,0,0,0,0,0,0,0,0,0,0,0,1,0,0,0
#8V88GVYC2,Xertar,1,313,0,0,0,0,0,0,0,0,0,0,0,0,0,0,0,1,0,0
#L8JGJVC99,tนrtL | Şēຖpi,1,314,0,0,0,0,1,0,0,0,0,0,0,0,0,0,0,0,0,0
#9LQC9YR0J,7L|Erasmo🐝,1,314,0,0,0,0,0,0,0,1,0,0,0,0,0,0,0,0,0,0
#YVG0UJ00,愛 Qubix 🤍,1,314,0,0,0,0,0,0,0,0,0,0,0,0,0,1,0,0,0,0
#J09RC002,xugooo,1,314,0,0,0,0,0,0,0,0,0,0,0,0,0,0,1,0,0,0
#2YV2QUGPU,𑣲hanni,1,314,0,0,0,0,0,0,0,0,0,0,0,0,0,0,0,1,0,0
#LYPUUR282,贝利亚,1,314,0,0,0,0,0,0,0,0,0,0,0,0,0,0,0,0,1,0
#PQ98P0V0,Zenitsu紫,1,315,0,0,0,0,0,0,0,0,0,0,0,0,0,0,0,1,0,0
#290U9U2QV,kirvis27,1,316,0,0,0,0,1,0,0,0,0,0,0,0,0,0,0,0,0,0
#89Q9CV2L2,YoshiPro🐣💛,1,316,0,0,0,0,0,0,0,0,0,0,0,0,0,1,0,0,0,0
#PLQLGRJQP,bonyamydarling,1,316,0,0,0,0,0,0,0,0,0,0,0,0,0,0,1,0,0,0
#QYJC99QV,aimeric,1,316,0,0,0,0,0,0,0,0,0,0,0,0,0,0,0,1,0,0
#PUVJQYV0P,jhh,1,316,0,0,0,0,0,0,0,0,0,0,0,0,0,0,0,0,1,0
#VVV8PQJP,R💫>ego,1,317,0,0,0,0,1,0,0,0,0,0,0,0,0,0,0,0,0,0
#2QJUQLUJU,Charles Leclerc,1,317,0,0,0,0,0,0,0,0,0,0,1,0,0,0,0,0,0,0
#LY9V8L9UP,🇨🇻🪢💔🥹,1,317,0,0,0,0,0,0,0,0,0,0,0,0,0,1,0,0,0,0
#JQ2RVRLC2,Sakayanagi,1,317,0,0,0,0,0,0,0,0,0,0,0,0,0,0,1,0,0,0
#8YY2QC8JC,Prima Ballerina,1,318,0,0,0,0,0,0,0,0,0,0,1,0,0,0,0,0,0,0
#PLY99YRGC,Rikz🐈‍⬛,1,318,0,0,0,0,0,0,0,0,0,0,0,0,0,1,0,0,0,0
#92RC0999J,Corvus,1,318,0,0,0,0,0,0,0,0,0,0,0,0,0,0,1,0,0,0
#UUU8JRL9,Tankzy,1,318,0,0,0,0,0,0,0,0,0,0,0,0,0,0,0,0,1,0
#GQQRPVU9R,OTTK|ASH.,1,319,0,0,0,0,1,0,0,0,0,0,0,0,0,0,0,0,0,0
#8982L9QYP,Izana🇹🇷8,1,319,0,0,0,0,0,0,0,0,0,0,1,0,0,0,0,0,0,0
#RY9YL99JV,NathanNutella,1,319,0,0,0,0,0,0,0,0,0,0,0,0,0,1,0,0,0,0
#90LGLQYY2,сарделька❤️‍🩹,1,319,0,0,0,0,0,0,0,0,0,0,0,0,0,0,1,0,0,0
#GCVLY9CC,OldVilaツ,1,319,0,0,0,0,0,0,0,0,0,0,0,0,0,0,0,1,0,0
#RJLU80U9,てんさい,1,319,0,0,0,0,0,0,0,0,0,0,0,0,0,0,0,0,1,0
#9JYC2LL9Q,Yockmax,1,320,0,0,0,0,0,0,0,0,0,0,1,0,0,0,0,0,0,0
#9JC98GPUR,Codehack 챙,1,320,0,0,0,0,0,0,0,0,0,0,0,0,0,1,0,0,0,0
#8RJRRVLCQ,Movind,1,320,0,0,0,0,0,0,0,0,0,0,0,0,0,0,0,0,1,0
#2J28R0UPC,KFR|Bilal🍁,1,321,0,0,0,0,0,0,0,0,0,0,1,0,0,0,0,0,0,0
#28QJCUYLC,Skyniñhio🇧🇷,1,321,0,0,0,0,0,0,0,0,0,0,0,0,0,1,0,0,0,0
#202GUUVGL,non-lethal gun,1,321,0,0,0,0,0,0,0,0,0,0,0,0,0,0,0,0,1,0
#GJJQPYC9,Echo🎭,1,322,0,0,0,0,0,0,0,0,0,0,0,0,0,1,0,0,0,0
#988LQV8,ℕέ𝒇𝓔Ꮢσ †🩸,1,322,0,0,0,0,0,0,0,0,0,0,0,0,0,0,1,0,0,0
#LGQYQG89C,PrimeZakx🏴,1,322,0,0,0,0,0,0,0,0,0,0,0,0,0,0,0,1,0,0
#8PGV2J0QP,𝕳ᵁᴺᴳᴰᴼᴹ𝓔𝓕𝓑,1,322,0,0,0,0,0,0,0,0,0,0,0,0,0,0,0,0,1,0
#RL8JYY9C,xenovia,1,323,0,0,0,0,1,0,0,0,0,0,0,0,0,0,0,0,0,0
#QV2V8YYG,Alb4tar,1,323,0,0,0,0,0,0,0,0,0,0,1,0,0,0,0,0,0,0
#8CQURRJJY,RNTX|Sergeant,1,323,0,0,0,0,0,0,0,0,0,0,0,0,0,0,0,0,1,0
#LULRJJ2,孤独な天体🔮✨,1,324,0,0,0,0,0,0,0,0,0,0,1,0,0,0,0,0,0,0
#PPVJVQ8CU,somersault,1,324,0,0,0,0,0,0,0,0,0,0,0,0,0,1,0,0,0,0
#9PG09PCRC,LFD|Tired,1,324,0,0,0,0,0,0,0,0,0,0,0,0,0,0,1,0,0,0
#J9UV80R9,Keroppi🍀🧸,1,324,0,0,0,0,0,0,0,0,0,0,0,0,0,0,0,0,1,0
#LLVPJ92VV,あすてる‎🤍,1,325,0,0,0,0,0,0,0,0,0,0,1,0,0,0,0,0,0,0
#222VVVUJR,bartek,1,325,0,0,0,0,0,0,0,0,0,0,0,0,0,1,0,0,0,0
#PUJRQQ09Q,KevinLevrone.,1,325,0,0,0,0,0,0,0,0,0,0,0,0,0,0,0,1,0,0
#20VGUVL8R,Carlitos,1,325,0,0,0,0,0,0,0,0,0,0,0,0,0,0,0,0,1,0
#9LCGVQGYR,Tykzoo様,1,326,0,0,0,0,0,0,0,0,0,0,0,0,0,0,1,0,0,0
#9CYJJQLPU,Cryy💔🕊️,1,327,0,0,0,0,1,0,0,0,0,0,0,0,0,0,0,0,0,0
#8JJP82YL2,Amazing,1,327,0,0,0,0,0,0,0,0,0,0,1,0,0,0,0,0,0,0
#9VC2UU0RR,VEXON,1,327,0,0,0,0,0,0,0,0,0,0,0,0,0,1,0,0,0,0
#PP89U8CLJ,Viperzz魔,1,327,0,0,0,0,0,0,0,0,0,0,0,0,0,0,0,0,1,0
#8UJYGU08,こうスタ,1,328,0,0,0,0,1,0,0,0,0,0,0,0,0,0,0,0,0,0
#29V0VCC8,Pencil,1,328,0,0,0,0,0,0,0,0,0,0,0,0,0,0,0,1,0,0
#2RG9GYUCQ,보로,1,329,0,0,0,0,0,0,0,0,0,0,0,0,0,1,0,0,0,0
#9VP2YCUJ,﹂Diego🍃﹁,1,329,0,0,0,0,0,0,0,0,0,0,0,0,0,0,0,1,0,0
#CRPUPCV9,Omaaa 🇮🇹,1,329,0,0,0,0,0,0,0,0,0,0,0,0,0,0,0,0,1,0
#J9V89VU0,wyDavi,1,330,0,0,0,0,1,0,0,0,0,0,0,0,0,0,0,0,0,0
#URVGUG99,Masaaaashi 鳴門巻き,1,330,0,0,0,0,0,0,0,0,0,0,1,0,0,0,0,0,0,0
#22YJ9LY0QV,Winnie-the-Pooh,1,330,0,0,0,0,0,0,0,0,0,0,0,0,0,1,0,0,0,0
#PU98PGYP,kiora,1,330,0,0,0,0,0,0,0,0,0,0,0,0,0,0,1,0,0,0
#88QUQJ2LR,Artemouche,1,330,0,0,0,0,0,0,0,0,0,0,0,0,0,0,0,1,0,0
#2L2JCQJ8PJ,민준,1,331,0,0,0,0,1,0,0,0,0,0,0,0,0,0,0,0,0,0
#9QLL2UYPR,❄️Pika❄️,1,331,0,0,0,0,0,0,0,0,0,0,0,0,0,0,1,0,0,0
#P8YYGP0C,maymay,1,331,0,0,0,0,0,0,0,0,0,0,0,0,0,0,0,1,0,0
#9UPPCLC2Q,scott2bondy,1,331,0,0,0,0,0,0,0,0,0,0,0,0,0,0,0,0,1,0
#PU20LUCQG,Fantas🌖,1,332,0,0,0,0,1,0,0,0,0,0,0,0,0,0,0,0,0,0
#28C90RYG,Dory,1,332,0,0,0,0,0,0,0,0,0,0,0,0,0,1,0,0,0,0
#22JGC9P82,pheresfr,1,332,0,0,0,0,0,0,0,0,0,0,0,0,0,0,0,1,0,0
#QCLQP228G,MxO|ByMarc™️🏆,1,332,0,0,0,0,0,0,0,0,0,0,0,0,0,0,0,0,1,0
#2C2JCCCGUR,@Psychic_BS 🎭,1,333,0,0,0,0,1,0,0,0,0,0,0,0,0,0,0,0,0,0
#Y2C929R2R,Rei Ayanami,1,333,0,0,0,0,0,0,0,0,0,0,1,0,0,0,0,0,0,0
#2CC0GCJ9LQ,로헬루민다,1,333,0,0,0,0,0,0,0,0,0,0,0,0,0,1,0,0,0,0
#9LLYCLRPU,Runezz🏝️,1,333,0,0,0,0,0,0,0,0,0,0,0,0,0,0,1,0,0,0
#2228PUVUP,SG|MigatteZ,1,334,0,0,0,0,1,0,0,0,0,0,0,0,0,0,0,0,0,0
#GY0P9JUU,𝑵𝒆𝒆𝒁🏴,1,334,0,0,0,0,0,0,0,0,0,0,1,0,0,0,0,0,0,0
#2U8JRR889J,エイサー🎱,1,334,0,0,0,0,0,0,0,0,0,0,0,0,0,1,0,0,0,0
#88RR2LQ8J,Kickerbuar,1,334,0,0,0,0,0,0,0,0,0,0,0,0,0,0,1,0,0,0
#2G2U2CVL,BIGboy🧸,1,334,0,0,0,0,0,0,0,0,0,0,0,0,0,0,0,0,1,0
#RVYJ8GL2Y,Sanki🇺🇦,1,335,0,0,0,0,0,0,0,0,0,0,0,0,0,1,0,0,0,0
#YG8V8QCJ8,일상,1,335,0,0,0,0,0,0,0,0,0,0,0,0,0,0,0,1,0,0
#8RLGJR9UC,Danger💘,1,336,0,0,0,0,1,0,0,0,0,0,0,0,0,0,0,0,0,0
#G2YLUJ8CQ,ابو حماد,1,336,0,0,0,0,0,0,0,0,0,0,1,0,0,0,0,0,0,0
#20PUR8C2Q,🌸 | mindhooked,1,336,0,0,0,0,0,0,0,0,0,0,0,0,0,0,1,0,0,0
#8JGLPQVJC,uknown🖤🥥,1,336,0,0,0,0,0,0,0,0,0,0,0,0,0,0,0,1,0,0
#G0QRJQCL8,erica is my,1,336,0,0,0,0,0,0,0,0,0,0,0,0,0,0,0,0,1,0
#RJ8UVLJY,OneMksy,1,337,0,0,0,0,1,0,0,0,0,0,0,0,0,0,0,0,0,0
#G0URY2JRG,Rexio,1,337,0,0,0,0,0,0,0,0,0,0,0,0,0,0,1,0,0,0
#QU9CUYPYJ,BO|FFG,1,337,0,0,0,0,0,0,0,0,0,0,0,0,0,0,0,1,0,0
#8CCY28V09,EGOGOSHK🩸🩸🩸,1,338,0,0,0,0,1,0,0,0,0,0,0,0,0,0,0,0,0,0
#20QYLUCGC,Rem310,1,338,0,0,0,0,0,0,0,0,0,0,1,0,0,0,0,0,0,0
#8C0JYGL8Q,Mertt.,1,338,0,0,0,0,0,0,0,0,0,0,0,0,0,1,0,0,0,0
#L0PRJP0UV,Simeon²,1,338,0,0,0,0,0,0,0,0,0,0,0,0,0,0,0,1,0,0
#9YYY9YC0,sneaxxzx🧸,1,339,0,0,0,0,0,0,0,0,0,0,1,0,0,0,0,0,0,0
#P2QYJRJVP,Shxrk ☔️,1,339,0,0,0,0,0,0,0,0,0,0,0,0,0,0,0,1,0,0
#PU0GQRUQ,BDD,1,340,0,0,0,0,1,0,0,0,0,0,0,0,0,0,0,0,0,0
#8CPRVPCRU,G2|Alex 愛夢,1,340,0,0,0,0,0,0,0,0,0,0,0,0,0,1,0,0,0,0
#LYVRY0Q,loco por ella,1,340,0,0,0,0,0,0,0,0,0,0,0,0,0,0,1,0,0,0
#2RCQC2G92G,Fade,1,340,0,0,0,0,0,0,0,0,0,0,0,0,0,0,0,1,0,0
#L8VPY,Bosco,1,341,0,0,0,0,1,0,0,0,0,0,0,0,0,0,0,0,0,0
#90JRLLV0Y,Mommys Good Boy,1,341,0,0,0,0,0,0,0,0,0,0,1,0,0,0,0,0,0,0
#L928Q8UU,CoS|Cabuz,1,341,0,0,0,0,0,0,0,0,0,0,0,0,0,1,0,0,0,0
#828VC9UUR,chris,1,341,0,0,0,0,0,0,0,0,0,0,0,0,0,0,1,0,0,0
#CYU2RP99,ᐯσļ𝗍ĩσＤ𝒮𝚑ē𝙣,1,342,0,0,0,0,0,0,0,0,0,0,0,0,0,1,0,0,0,0
#P2RJQGQ0V,ゆでる·:*Yudell,1,342,0,0,0,0,0,0,0,0,0,0,0,0,0,0,1,0,0,0
#PRU2RRC9P,АТБ|Дрон🦅,1,343,0,0,0,0,0,0,0,0,0,0,0,0,0,1,0,0,0,0
#Y2U09RR0J,lonis,1,343,0,0,0,0,0,0,0,0,0,0,0,0,0,0,1,0,0,0
#9V8R8G8VV,S҈ꫀ𝘳ꪖp̢͎͜ꫝ🔥,1,343,0,0,0,0,0,0,0,0,0,0,0,0,0,0,0,1,0,0
#2UUY9CR9UQ,I miss her.,1,344,0,0,0,0,0,0,0,0,0,0,0,0,0,0,1,0,0,0
#8P9CC8PGJ,Skii,1,344,0,0,0,0,0,0,0,0,0,0,0,0,0,0,0,1,0,0
#2JCRCY92,CyRuS ★彡,1,345,0,0,0,0,0,0,0,0,0,0,1,0,0,0,0,0,0,0
#9R9LPR228,Reyoo🍃,1,345,0,0,0,0,0,0,0,0,0,0,0,0,0,0,0,1,0,0
#228PQ8VC0G,🥷♡⭒Ꭰ𐌼٥ᶰ𝕖ƴ⭒♡,1,345,0,0,0,0,0,0,0,0,0,0,0,0,0,0,0,0,1,0
#JR90GQ0G,Lynnxz 🌸 A,1,346,0,0,0,0,1,0,0,0,0,0,0,0,0,0,0,0,0,0
#2UY8YPLG,뜨르흐즈믈르그,1,346,0,0,0,0,0,0,0,0,0,0,1,0,0,0,0,0,0,0
#2J29RQUQ0,Glockyy♛,1,346,0,0,0,0,0,0,0,0,0,0,0,0,0,1,0,0,0,0
#VP2UVC8Y,VGX|Navas,1,346,0,0,0,0,0,0,0,0,0,0,0,0,0,0,1,0,0,0
#980LL2JP,𝐌izzyy♡︎,1,346,0,0,0,0,0,0,0,0,0,0,0,0,0,0,0,1,0,0
#PRQGUG0PV,三井 壽,1,346,0,0,0,0,0,0,0,0,0,0,0,0,0,0,0,0,1,0
#YPUJYRQ,Pæ | Schlief,1,347,0,0,0,0,1,0,0,0,0,0,0,0,0,0,0,0,0,0
#8U0G0CRYG,爱 | Kraken🖤,1,347,0,0,0,0,0,0,0,0,0,0,1,0,0,0,0,0,0,0
#2CYLYU02G,死神Kyōzō,1,347,0,0,0,0,0,0,0,0,0,0,0,0,0,1,0,0,0,0
#9LRCYULC9,Toxiiqqz 毒,1,347,0,0,0,0,0,0,0,0,0,0,0,0,0,0,1,0,0,0
#2P002JQQY,Raber wa niu,1,347,0,0,0,0,0,0,0,0,0,0,0,0,0,0,0,1,0,0
#2RVJUY2GU,Qxxr | Diff,1,347,0,0,0,0,0,0,0,0,0,0,0,0,0,0,0,0,1,0
#20980LVPR,Twitch:Moha21🦁,1,348,0,0,0,0,1,0,0,0,0,0,0,0,0,0,0,0,0,0
#2PJ2CRL,Pandora 🐏,1,348,0,0,0,0,0,0,0,0,0,0,0,0,0,1,0,0,0,0
#2GG9C0CYR,Ervyx 🐺,1,348,0,0,0,0,0,0,0,0,0,0,0,0,0,0,1,0,0,0
#2VQ9UVULPY,Cubick6,1,348,0,0,0,0,0,0,0,0,0,0,0,0,0,0,0,0,1,0
#VRCUQR20,Salomão❤️Yuni,1,349,0,0,0,0,0,0,0,0,0,0,1,0,0,0,0,0,0,0
#2QL9Y0YPL,誓言還是食言,1,349,0,0,0,0,0,0,0,0,0,0,0,0,0,1,0,0,0,0
#2UPP8ULJCP,Kawaii Lava🧉,1,349,0,0,0,0,0,0,0,0,0,0,0,0,0,0,1,0,0,0
#9UY0V22GG,Mandarin,1,350,0,0,0,0,0,0,0,0,0,0,0,0,0,1,0,0,0,0
#RPRC89J9L,W9xie GgWp,1,350,0,0,0,0,0,0,0,0,0,0,0,0,0,0,1,0,0,0
#2JGYRQLYL9,CODE SANS,1,350,0,0,0,0,0,0,0,0,0,0,0,0,0,0,0,1,0,0
#C0JQL8GJ,Hurt ⛤,1,351,0,0,0,0,0,0,0,0,0,0,1,0,0,0,0,0,0,0
#898RLQUJ0,Bℓeed❤️‍🔥,1,351,0,0,0,0,0,0,0,0,0,0,0,0,0,1,0,0,0,0
#9CL882YC9,andyxownsro.💕,1,351,0,0,0,0,0,0,0,0,0,0,0,0,0,0,1,0,0,0
#9CJPPYCPR,BC*|pézoo🥥,1,351,0,0,0,0,0,0,0,0,0,0,0,0,0,0,0,1,0,0
#28JR82UGPR,lunar legacy,1,351,0,0,0,0,0,0,0,0,0,0,0,0,0,0,0,0,1,0
#2UVRQQPLP,SGA Jumpy,1,352,0,0,0,0,0,0,0,0,0,0,1,0,0,0,0,0,0,0
#2GQ2CG0P8U,RPL,1,352,0,0,0,0,0,0,0,0,0,0,0,0,0,0,1,0,0,0
#2LG0JPLQLQ,BC*|ramen!,1,353,0,0,0,0,1,0,0,0,0,0,0,0,0,0,0,0,0,0
#8CU9U2RRG,Rexoo!,1,353,0,0,0,0,0,0,0,0,0,0,0,0,0,0,1,0,0,0
#8Y8PJ0CGC,VitorKingBS👑,1,353,0,0,0,0,0,0,0,0,0,0,0,0,0,0,0,0,1,0
#8V8YYU9QG,Hailifuuuu,1,354,0,0,0,0,0,0,0,0,0,0,1,0,0,0,0,0,0,0
#2J9LL2RRLC,Oink🐷,1,354,0,0,0,0,0,0,0,0,0,0,0,0,0,1,0,0,0,0
#2YJR2C09P,Maxl🦋,1,354,0,0,0,0,0,0,0,0,0,0,0,0,0,0,1,0,0,0
#28JYYGCUC,IG,1,354,0,0,0,0,0,0,0,0,0,0,0,0,0,0,0,1,0,0
#L9YPCGU0,Pxrge Trxxxper,1,355,0,0,0,0,1,0,0,0,0,0,0,0,0,0,0,0,0,0
#J28L9PGJG,メガ山ちゃん@最強,1,355,0,0,0,0,0,0,0,0,0,0,0,0,0,1,0,0,0,0
#2UVV8RRRC8,Juxa,1,355,0,0,0,0,0,0,0,0,0,0,0,0,0,0,1,0,0,0
#90YQQ9QVV,Vex|Yujin愛🩷,1,355,0,0,0,0,0,0,0,0,0,0,0,0,0,0,0,1,0,0
#2PGGVYVUU,亲| 乃乇ﾚﾑհズ 🕸️,1,356,0,0,0,0,1,0,0,0,0,0,0,0,0,0,0,0,0,0
#9J89JJLGG,Oliver|Tree🚁💥,1,356,0,0,0,0,0,0,0,0,0,0,1,0,0,0,0,0,0,0
#2CYCGU98LL,Alphen ぜひ,1,356,0,0,0,0,0,0,0,0,0,0,0,0,0,0,1,0,0,0
#98UR2RUG8,⠀ ⠀ ⠀,1,357,0,0,0,0,1,0,0,0,0,0,0,0,0,0,0,0,0,0
#YPQ9GYCC,Angry Lucaa,1,357,0,0,0,0,0,0,0,0,0,0,0,0,0,0,1,0,0,0
#Q9CYJR90Y,LUKATMG🤣🤣🤣,1,357,0,0,0,0,0,0,0,0,0,0,0,0,0,0,0,1,0,0
#JVCCCVLRC,Thorfinn,1,358,0,0,0,0,1,0,0,0,0,0,0,0,0,0,0,0,0,0
#LYYLL0VVJ,🖤spec🖤,1,358,0,0,0,0,0,0,0,0,0,0,1,0,0,0,0,0,0,0
#GR8G2YRJ9,Bazou54,1,358,0,0,0,0,0,0,0,0,0,0,0,0,0,1,0,0,0,0
#PLYR8UCV2,Feax🏒,1,358,0,0,0,0,0,0,0,0,0,0,0,0,0,0,0,1,0,0
#9J2Y992YP,TT|DarkiiBS,1,359,0,0,0,0,1,0,0,0,0,0,0,0,0,0,0,0,0,0
#29JY989VY,d3dek💤,1,359,0,0,0,0,0,0,0,0,0,0,0,0,0,1,0,0,0,0
#YJQJYV8YU,kit,1,359,0,0,0,0,0,0,0,0,0,0,0,0,0,0,1,0,0,0
#8RQVV0829,p4tru,1,359,0,0,0,0,0,0,0,0,0,0,0,0,0,0,0,0,1,0
#2JJQ2L082,la justice,1,360,0,0,0,0,1,0,0,0,0,0,0,0,0,0,0,0,0,0
#8GG9PJYG,IK | Spin💤,1,360,0,0,0,0,0,0,0,0,0,0,0,0,0,0,0,1,0,0
#GUJ99CGV,🥀IceVaporeon☔️,1,360,0,0,0,0,0,0,0,0,0,0,0,0,0,0,0,0,1,0
#RG99YPUY9,𝓛𝓮𝓷𝓭𝓲,1,361,0,0,0,0,0,0,0,0,0,0,1,0,0,0,0,0,0,0
#92QL0LVLP,𝐀𝐚𝐫𝐨𝐧,1,361,0,0,0,0,0,0,0,0,0,0,0,0,0,0,1,0,0,0
#28L0RQ2LQV,姫カットいわしくん,1,362,0,0,0,0,1,0,0,0,0,0,0,0,0,0,0,0,0,0
#PVGQCYYYG,Polaruce Smurf,1,363,0,0,0,0,1,0,0,0,0,0,0,0,0,0,0,0,0,0
#P90U80R0V,NIEMIŁY 💫,1,363,0,0,0,0,0,0,0,0,0,0,1,0,0,0,0,0,0,0
#YQ0LP9PQ,VOTN3XT,1,363,0,0,0,0,0,0,0,0,0,0,0,0,0,1,0,0,0,0
#822PYQPLJ,𝒦ℴ𝓁𝓎𝓎𝓈 ♡,1,363,0,0,0,0,0,0,0,0,0,0,0,0,0,0,1,0,0,0
#RULJ9Q8Y,Kash🥀,1,364,0,0,0,0,0,0,0,0,0,0,1,0,0,0,0,0,0,0
#GVPL0PUP2,🏴‍☠️ SEAL🌊,1,364,0,0,0,0,0,0,0,0,0,0,0,0,0,0,1,0,0,0
#YY988899J,星野ルビー,1,365,0,0,0,0,1,0,0,0,0,0,0,0,0,0,0,0,0,0
#Y8VGYUJ9Y,Désiré Doué🇨🇵,1,365,0,0,0,0,0,0,0,0,0,0,0,0,0,1,0,0,0,0
#20VP90LRV,• kryokaa 艺术,1,365,0,0,0,0,0,0,0,0,0,0,0,0,0,0,1,0,0,0
#2UJJ0YGPG9,despair999,1,365,0,0,0,0,0,0,0,0,0,0,0,0,0,0,0,1,0,0
#2VU2U028C,Koyasssu,1,365,0,0,0,0,0,0,0,0,0,0,0,0,0,0,0,0,1,0
#L99890CQQ,めんま🐓🐈🐩🫏🎻,1,366,0,0,0,0,0,0,0,0,0,0,1,0,0,0,0,0,0,0
#8QJ0PJ2Q,Sara𑁤.ᐟ 🐭,1,366,0,0,0,0,0,0,0,0,0,0,0,0,0,1,0,0,0,0
#QRPU2C9VV,STD|Meow ɪᴀᴍɢᴏᴅ,1,366,0,0,0,0,0,0,0,0,0,0,0,0,0,0,1,0,0,0
#2VR09JLYY,NJ Dom,1,367,0,0,0,0,1,0,0,0,0,0,0,0,0,0,0,0,0,0
#20C9829CQL,れいか,1,367,0,0,0,0,0,0,0,0,0,0,0,0,0,1,0,0,0,0
#2VLJGU8GYP,🍀🍀,1,367,0,0,0,0,0,0,0,0,0,0,0,0,0,0,1,0,0,0
#8PVJ9892Q,Lucaa神,1,367,0,0,0,0,0,0,0,0,0,0,0,0,0,0,0,0,1,0
#YL09GYPL,Papi♥️Sickness,1,368,0,0,0,0,1,0,0,0,0,0,0,0,0,0,0,0,0,0
#GQU2GG990,Auto aim🔛🔝,1,368,0,0,0,0,0,0,0,0,0,0,1,0,0,0,0,0,0,0
#2LQC8809U2,CC,1,368,0,0,0,0,0,0,0,0,0,0,0,0,0,1,0,0,0,0
#P890CGJ9P,edui🖤catgirls,1,368,0,0,0,0,0,0,0,0,0,0,0,0,0,0,1,0,0,0
#2V8LY0UULP,Cubick9,1,368,0,0,0,0,0,0,0,0,0,0,0,0,0,0,0,1,0,0
#LUQYL082L,Mr.Dyphai🎓💸,1,369,0,0,0,0,1,0,0,0,0,0,0,0,0,0,0,0,0,0
#R0JQYUUY0,¿Nolu?,1,369,0,0,0,0,0,0,0,0,0,0,0,0,0,1,0,0,0,0
#PU00P090,17💫,1,370,0,0,0,0,1,0,0,0,0,0,0,0,0,0,0,0,0,0
#P88YRRRPQ,cat ate my hw,1,370,0,0,0,0,0,0,0,0,0,0,1,0,0,0,0,0,0,0
#9LYYGYG98,ʀᴇx🦖,1,370,0,0,0,0,0,0,0,0,0,0,0,0,0,1,0,0,0,0
#2LGCU0C9V,kronos🇧🇷,1,370,0,0,0,0,0,0,0,0,0,0,0,0,0,0,1,0,0,0
#PJ9Q02C,Elisseo🩵🐳,1,370,0,0,0,0,0,0,0,0,0,0,0,0,0,0,0,0,1,0
#2QGYUVQQ2L,통 매 음 전 문 변 호 사,1,371,0,0,0,0,0,0,0,0,0,0,1,0,0,0,0,0,0,0
#PY2PJR88U,Darkzz,1,371,0,0,0,0,0,0,0,0,0,0,0,0,0,1,0,0,0,0
#9JCY8UJJP,쏟햄ㅅ𝗦𝗹𝗲𝗮𝘇𝘆,1,371,0,0,0,0,0,0,0,0,0,0,0,0,0,0,0,0,1,0
#9YP89QVUR,l@sdwdp,1,372,0,0,0,0,1,0,0,0,0,0,0,0,0,0,0,0,0,0
#8YJU8LJQR,WlanVerbot🏴‍☠️,1,372,0,0,0,0,0,0,0,0,0,0,1,0,0,0,0,0,0,0
#8U98C989P,Mei Misaki,1,372,0,0,0,0,0,0,0,0,0,0,0,0,0,0,0,1,0,0
#LJ08L20PV,Hayk❤️Hannah,1,372,0,0,0,0,0,0,0,0,0,0,0,0,0,0,0,0,1,0
#2Y9CVYPP9L,𝑬𝒏𝒄𝒉𝒂𝒏𝒕,1,373,0,0,0,0,1,0,0,0,0,0,0,0,0,0,0,0,0,0
#2L8QJC9JY,Binzo,1,373,0,0,0,0,0,0,0,0,0,0,0,0,0,0,1,0,0,0
#PRG9PU00G,Denk💘,1,373,0,0,0,0,0,0,0,0,0,0,0,0,0,0,0,0,1,0
#LGYC9Q9CG,Retired?jam🧁,1,374,0,0,0,0,0,0,0,0,0,0,1,0,0,0,0,0,0,0
#2L8PCLVQQ2,lave6Thx9ine,1,374,0,0,0,0,0,0,0,0,0,0,0,0,0,1,0,0,0,0
#Y8YLCVVRQ,Nøah🥥,1,374,0,0,0,0,0,0,0,0,0,0,0,0,0,0,1,0,0,0
#2808JJVRP,FSA|kho xô 🇮🇹,1,374,0,0,0,0,0,0,0,0,0,0,0,0,0,0,0,1,0,0
#GRYV92CC,Hikaru,1,375,0,0,0,0,1,0,0,0,0,0,0,0,0,0,0,0,0,0
#2QJGRQUJ,DavidLionᛪ༙🦁,1,375,0,0,0,0,0,0,0,0,0,0,0,0,0,1,0,0,0,0
#8RCYUCCL0,Deezent🇺🇦,1,375,0,0,0,0,0,0,0,0,0,0,0,0,0,0,0,1,0,0
#20GCR9UGG,Manniskor,1,375,0,0,0,0,0,0,0,0,0,0,0,0,0,0,0,0,1,0
#9JPQ8C9CP,Slayer,1,376,0,0,0,0,0,0,0,0,0,0,0,0,0,1,0,0,0,0
#J9GQQUJU,ㅤ ㅤ,1,376,0,0,0,0,0,0,0,0,0,0,0,0,0,0,0,1,0,0
#C9GC8ULC8,raw milk🥛,1,377,0,0,0,0,0,0,0,0,0,0,0,0,0,0,0,1,0,0
#2GUPYUPLG2,Swaiizyx.,1,377,0,0,0,0,0,0,0,0,0,0,0,0,0,0,0,0,1,0
#GL2C2RL2R,tiktok nxrpe,1,378,0,0,0,0,0,0,0,0,0,0,1,0,0,0,0,0,0,0
#Y8UP0998J,𝚀𝚆|𝕂𝕨𝕚𝕫𝕫,1,378,0,0,0,0,0,0,0,0,0,0,0,0,0,0,0,0,1,0
#8PJ028JLR,はかいしんこうた,1,379,0,0,0,0,1,0,0,0,0,0,0,0,0,0,0,0,0,0
#2CGRU0JLGR,MZP|Coverz,1,379,0,0,0,0,0,0,0,0,0,0,1,0,0,0,0,0,0,0
#YCJ88Y9PV,Chrome Hearts,1,379,0,0,0,0,0,0,0,0,0,0,0,0,0,0,0,0,1,0
#GGGR0QQVQ,Lyra🌙,1,380,0,0,0,0,0,0,0,0,0,0,1,0,0,0,0,0,0,0
#2QV2QCJQJ,Apfell🖤,1,380,0,0,0,0,0,0,0,0,0,0,0,0,0,0,0,1,0,0
#2J88JYCRUL,misery.,1,380,0,0,0,0,0,0,0,0,0,0,0,0,0,0,0,0,1,0
#8JJLUQQ8P,NoQueriaIrme^_^,1,381,0,0,0,0,1,0,0,0,0,0,0,0,0,0,0,0,0,0
#YQRLQ9YU2,@Anezi🩵,1,381,0,0,0,0,0,0,0,0,0,0,1,0,0,0,0,0,0,0
#80RLJJQQU,FUT|Guesti,1,382,0,0,0,0,1,0,0,0,0,0,0,0,0,0,0,0,0,0
#Y2CQR2U9C,Kanye west,1,382,0,0,0,0,0,0,0,0,0,0,1,0,0,0,0,0,0,0
#J20Y2Y8,Genji乂,1,382,0,0,0,0,0,0,0,0,0,0,0,0,0,1,0,0,0,0
#2GU9GLRUG,Netrox💖Lenox,1,382,0,0,0,0,0,0,0,0,0,0,0,0,0,0,0,1,0,0
#2ULL80P92,Shee,1,383,0,0,0,0,1,0,0,0,0,0,0,0,0,0,0,0,0,0
#2QJU9C2U9,Rina🩷Yukiii,1,383,0,0,0,0,0,0,0,0,0,0,1,0,0,0,0,0,0,0
#8L98LYPGJ,𝙊𝙬𝙣𝙚𝙙𝘽𝙮≺𝑀𝒾𝒹𝒶,1,383,0,0,0,0,0,0,0,0,0,0,0,0,0,0,0,1,0,0
#2RVPY2G2JV,PDC|🏆Aokuu🏆,1,383,0,0,0,0,0,0,0,0,0,0,0,0,0,0,0,0,1,0
#RRVVPG2Y,Brosta卡拉,1,384,0,0,0,0,1,0,0,0,0,0,0,0,0,0,0,0,0,0
#2C908GR9RU,Ero🖤Misfortune,1,384,0,0,0,0,0,0,0,0,0,0,1,0,0,0,0,0,0,0
#8QRPR299L,Ai Hoshino,1,384,0,0,0,0,0,0,0,0,0,0,0,0,0,1,0,0,0,0
#LPR8VUGG9,ZC | Zestrix,1,384,0,0,0,0,0,0,0,0,0,0,0,0,0,0,0,0,1,0
#9YP0CY0V,Iamtree🩶Luck,1,385,0,0,0,0,1,0,0,0,0,0,0,0,0,0,0,0,0,0
#92VYCU820,TT: energybs,1,385,0,0,0,0,0,0,0,0,0,0,1,0,0,0,0,0,0,0
#2GL9V8880,Swoxyを🧸,1,385,0,0,0,0,0,0,0,0,0,0,0,0,0,1,0,0,0,0
#28LG2J8VC,Phenix爱,1,385,0,0,0,0,0,0,0,0,0,0,0,0,0,0,0,0,1,0
#9222VLRQ2,HMB|OptiCz,1,386,0,0,0,0,1,0,0,0,0,0,0,0,0,0,0,0,0,0
#20GULVGU0,Jachi,1,386,0,0,0,0,0,0,0,0,0,0,1,0,0,0,0,0,0,0
#2Q0LQJ82V,よっぷれ😋,1,386,0,0,0,0,0,0,0,0,0,0,0,0,0,1,0,0,0,0
#JGV8G92,Corazon🩶,1,387,0,0,0,0,1,0,0,0,0,0,0,0,0,0,0,0,0,0
#2L0C20PPGC,#nothingelse,1,387,0,0,0,0,0,0,0,0,0,0,0,0,0,1,0,0,0,0
#2CUJGQG8L,minty,1,387,0,0,0,0,0,0,0,0,0,0,0,0,0,0,0,0,1,0
#Q9QY8UVV0,Egoitxz-師⁠🇯🇵,1,388,0,0,0,0,0,0,0,0,0,0,0,0,0,0,0,0,1,0
#990RQ08UL,KVR|Naaassim🍥,1,389,0,0,0,0,0,0,0,0,0,0,1,0,0,0,0,0,0,0
#2LRVR2RPY,Dr.Wavy,1,390,0,0,0,0,0,0,0,0,0,0,1,0,0,0,0,0,0,0
#9098VGJYQ,QX|Scarz 🦆,1,390,0,0,0,0,0,0,0,0,0,0,0,0,0,1,0,0,0,0
#2U9PCR0988,Netty,1,390,0,0,0,0,0,0,0,0,0,0,0,0,0,0,0,0,1,0
#22982GQ88G,JSK am Mic,1,391,0,0,0,0,0,0,0,0,0,0,0,0,0,1,0,0,0,0
#9Q2Q0CRLR,RGK | Odin,1,391,0,0,0,0,0,0,0,0,0,0,0,0,0,0,0,0,1,0
#CR2Q09U8,🦋❄️,1,392,0,0,0,0,1,0,0,0,0,0,0,0,0,0,0,0,0,0
#PPPPUPCV,le paresseux 🦥,1,392,0,0,0,0,0,0,0,0,0,0,0,0,0,1,0,0,0,0
#90Y8LQL02,Cucurella🇪🇸🫡,1,392,0,0,0,0,0,0,0,0,0,0,0,0,0,0,0,0,1,0
#992QUPVV,Sxjicᥫ᭡Мари,1,393,0,0,0,0,1,0,0,0,0,0,0,0,0,0,0,0,0,0
#L2C80L892,Code Genie,1,393,0,0,0,0,0,0,0,0,0,0,1,0,0,0,0,0,0,0
#YGVPV9,Fuego!,1,393,0,0,0,0,0,0,0,0,0,0,0,0,0,0,0,0,1,0
#U2YGCLLV,Killer34,1,394,0,0,0,0,0,0,0,0,0,0,1,0,0,0,0,0,0,0
#JJULP8PY,exesti.,1,394,0,0,0,0,0,0,0,0,0,0,0,0,0,1,0,0,0,0
#P2L89V9GR,L’URSSAF🚨,1,394,0,0,0,0,0,0,0,0,0,0,0,0,0,0,0,0,1,0
#8PCCG2982,✨️Vita Brevis✨️,1,395,0,0,0,0,1,0,0,0,0,0,0,0,0,0,0,0,0,0
#JR288JG8R,𝘚ᴀʟᴛᴀᴍᴏɴᴛᴇʀᴏɴ,1,395,0,0,0,0,0,0,0,0,0,0,0,0,0,0,0,0,1,0
#2LG0QUJLQP,RTQ|TomaA,1,396,0,0,0,0,0,0,0,0,0,0,0,0,0,1,0,0,0,0
#PCCJLJUY9,newmoon,1,396,0,0,0,0,0,0,0,0,0,0,0,0,0,0,0,0,1,0
#VL0CLY99,CRZ|Kevin👻,1,397,0,0,0,0,1,0,0,0,0,0,0,0,0,0,0,0,0,0
#V2R88LJQJ,Issa Diop🦸🏿,1,397,0,0,0,0,0,0,0,0,0,0,1,0,0,0,0,0,0,0
#2UYJG2RRJU,Tiktok•Saizyy💠,1,397,0,0,0,0,0,0,0,0,0,0,0,0,0,1,0,0,0,0
#2JRGVCJVQL,lllllllllllllll,1,397,0,0,0,0,0,0,0,0,0,0,0,0,0,0,0,0,1,0
#2UJQGGPY2J,ㅤㅤ,1,398,0,0,0,0,0,0,0,0,0,0,0,0,0,1,0,0,0,0
#2J9UCC8QGG,ウタ,1,398,0,0,0,0,0,0,0,0,0,0,0,0,0,0,0,0,1,0
#P9808CV0P,hQd|RickOG,1,399,0,0,0,0,0,0,0,0,0,0,1,0,0,0,0,0,0,0
#2YQ8Y9RCC,Hanashiro🌊,1,399,0,0,0,0,0,0,0,0,0,0,0,0,0,1,0,0,0,0
#8P89PLJUG,𝘋𝘻𝘢𝘧𝘬𝘰⚜️,1,399,0,0,0,0,0,0,0,0,0,0,0,0,0,0,0,0,1,0
#8Y2U90PC9,Nexus.,1,400,0,0,0,0,0,0,0,0,0,0,0,0,0,0,0,0,1,0
#2RP2UVRCU,𝐴𝐿𝐼_𝐵𝐻,1,401,0,0,0,0,0,0,0,0,0,0,0,0,0,0,0,0,1,0
#8RR0P8VCC,Insane Jinx,1,402,0,0,0,0,1,0,0,0,0,0,0,0,0,0,0,0,0,0
#9C2Q28GRL,KDS|Lollo,1,402,0,0,0,0,0,0,0,0,0,0,1,0,0,0,0,0,0,0
#P929JGYGQ,ㅤㅤ,1,402,0,0,0,0,0,0,0,0,0,0,0,0,0,1,0,0,0,0
#22G029908,But for ur Sake,1,403,0,0,0,0,1,0,0,0,0,0,0,0,0,0,0,0,0,0
#2VGP09JPQ,Always hated,1,403,0,0,0,0,0,0,0,0,0,0,1,0,0,0,0,0,0,0
#2UCRUJRGC2,Ianbabyboo,1,403,0,0,0,0,0,0,0,0,0,0,0,0,0,1,0,0,0,0
#P8UV8LRLG,八月、某、月明かり,1,404,0,0,0,0,1,0,0,0,0,0,0,0,0,0,0,0,0,0
#QVQJGL90,Lehnsherr,1,405,0,0,0,0,0,0,0,0,0,0,1,0,0,0,0,0,0,0
#GC2888Y8G,Mike🧃,1,405,0,0,0,0,0,0,0,0,0,0,0,0,0,1,0,0,0,0
#2P90QL2VR,やますた,1,406,0,0,0,0,1,0,0,0,0,0,0,0,0,0,0,0,0,0
#YQ2Q8R,ㅤㅤ,1,406,0,0,0,0,0,0,0,0,0,0,0,0,0,0,0,0,1,0
#P8C222QYQ,Yuuns🥺,1,407,0,0,0,0,0,0,0,0,0,0,1,0,0,0,0,0,0,0
#YR0QVVJP,meow agrichka<3,1,408,0,0,0,0,1,0,0,0,0,0,0,0,0,0,0,0,0,0
#2899J9QR8,swag ;),1,408,0,0,0,0,0,0,0,0,0,0,0,0,0,1,0,0,0,0
#28LJLPYYU8,PainN,1,409,0,0,0,0,0,0,0,0,0,0,1,0,0,0,0,0,0,0
#Q9VPGRRQ,Mic❤️Facioletti,1,410,0,0,0,0,1,0,0,0,0,0,0,0,0,0,0,0,0,0
#9QV8VQJ80,TTK•Jalilジ,1,410,0,0,0,0,0,0,0,0,0,0,1,0,0,0,0,0,0,0
#2YY0VRGQGJ,Zenith,1,410,0,0,0,0,0,0,0,0,0,0,0,0,0,1,0,0,0,0
#2CQVP8LVGL,悪魔の手紙,1,410,0,0,0,0,0,0,0,0,0,0,0,0,0,0,0,0,1,0
#Y00UCJPC2,залит слезами💐,1,411,0,0,0,0,0,0,0,0,0,0,1,0,0,0,0,0,0,0
#2U9GY022UG,𑣲lopez🧸,1,411,0,0,0,0,0,0,0,0,0,0,0,0,0,1,0,0,0,0
#228GQL2RQ,moltu🧸,1,412,0,0,0,0,1,0,0,0,0,0,0,0,0,0,0,0,0,0
#92JJ00PY0,Flayme,1,413,0,0,0,0,0,0,0,0,0,0,1,0,0,0,0,0,0,0
#GGGJYGVU,Mitch💕gxbri,1,413,0,0,0,0,0,0,0,0,0,0,0,0,0,0,0,0,1,0
#VCR928LC2,Kinger ♡,1,414,0,0,0,0,0,0,0,0,0,0,0,0,0,1,0,0,0,0
#9VJ2YYRQU,このかわℒℴ𝓋ℯ𝒴ℴ𝓊❦,1,414,0,0,0,0,0,0,0,0,0,0,0,0,0,0,0,0,1,0
#VUU08YVR,Yoru456😱,1,415,0,0,0,0,1,0,0,0,0,0,0,0,0,0,0,0,0,0
#8L02JU9JV,SG|Nicoo,1,415,0,0,0,0,0,0,0,0,0,0,0,0,0,1,0,0,0,0
#2Q028GQQP,LGCY|Zeus,1,416,0,0,0,0,1,0,0,0,0,0,0,0,0,0,0,0,0,0
#LLCVU98GY,IXN|Ruination Z,1,416,0,0,0,0,0,0,0,0,0,0,1,0,0,0,0,0,0,0
#98VC8UYC,그레이스,1,416,0,0,0,0,0,0,0,0,0,0,0,0,0,1,0,0,0,0
#CUJQRCQJ,PineappleZ,1,416,0,0,0,0,0,0,0,0,0,0,0,0,0,0,0,0,1,0
#QY0RRJJJ,NS|Kira❄️,1,417,0,0,0,0,1,0,0,0,0,0,0,0,0,0,0,0,0,0
#9C998YPG0,Iceik💔,1,417,0,0,0,0,0,0,0,0,0,0,1,0,0,0,0,0,0,0
#882282JQ0,SZGUSTA :),1,417,0,0,0,0,0,0,0,0,0,0,0,0,0,1,0,0,0,0
#2LU80V299,かいりっこ28,1,418,0,0,0,0,1,0,0,0,0,0,0,0,0,0,0,0,0,0
#2Y920JUQUQ,𑣲 *|gloomy,1,418,0,0,0,0,0,0,0,0,0,0,1,0,0,0,0,0,0,0
#9CY002GQL,Moonyメイ,1,418,0,0,0,0,0,0,0,0,0,0,0,0,0,0,0,0,1,0
#8PJCY9UP9,YT|HUB,1,419,0,0,0,0,1,0,0,0,0,0,0,0,0,0,0,0,0,0
#UJY8CLRR,芥川がポックル🍟,1,420,0,0,0,0,1,0,0,0,0,0,0,0,0,0,0,0,0,0
#2LCU0RVQC,Xemp🩷ave,1,420,0,0,0,0,0,0,0,0,0,0,1,0,0,0,0,0,0,0
#2Q00V2R2V,Hazard Eyez,1,420,0,0,0,0,0,0,0,0,0,0,0,0,0,1,0,0,0,0
#VUPGU2R,odin,1,420,0,0,0,0,0,0,0,0,0,0,0,0,0,0,0,0,1,0
#8GLPL0VVV,Brawler,1,421,0,0,0,0,0,0,0,0,0,0,1,0,0,0,0,0,0,0
#2P0J08QV,TTM|Travis🤍,1,421,0,0,0,0,0,0,0,0,0,0,0,0,0,1,0,0,0,0
#C2PL8CRQ,人生は短い,1,422,0,0,0,0,0,0,0,0,0,0,1,0,0,0,0,0,0,0
#GP9UU2VQU,彼はきっと魔法を使う。,1,422,0,0,0,0,0,0,0,0,0,0,0,0,0,1,0,0,0,0
#8JG00YC02,Bube 🧸,1,422,0,0,0,0,0,0,0,0,0,0,0,0,0,0,0,0,1,0
#CVYUYYVP,こうき,1,423,0,0,0,0,1,0,0,0,0,0,0,0,0,0,0,0,0,0
#29LRUVQJ,ㅤㅤㅤㅤㅤ,1,423,0,0,0,0,0,0,0,0,0,0,0,0,0,1,0,0,0,0
#PPLQYVGCP,Cherry🍒,1,423,0,0,0,0,0,0,0,0,0,0,0,0,0,0,0,0,1,0
#9QVGUR8RR,kravcovvv<3.,1,424,0,0,0,0,1,0,0,0,0,0,0,0,0,0,0,0,0,0
#R2Q0LJ2GG,gay_penguin,1,424,0,0,0,0,0,0,0,0,0,0,1,0,0,0,0,0,0,0
#UYPUJRRG,精Crxy 🕷️,1,425,0,0,0,0,0,0,0,0,0,0,0,0,0,1,0,0,0,0
#R0VJ0Q02L,Impact,1,425,0,0,0,0,0,0,0,0,0,0,0,0,0,0,0,0,1,0
#GYVLJ20VC,いがくん,1,426,0,0,0,0,0,0,0,0,0,0,1,0,0,0,0,0,0,0
#9Y2VRGQ9J,XT|🇹🇷Furxqn#1,1,426,0,0,0,0,0,0,0,0,0,0,0,0,0,1,0,0,0,0
#G8L20YQ8,RXR 7395,1,426,0,0,0,0,0,0,0,0,0,0,0,0,0,0,0,0,1,0
#2GY0JUQPG,🖤Meowqq🖤,1,428,0,0,0,0,0,0,0,0,0,0,0,0,0,1,0,0,0,0
#2288JULQQ,Retired....,1,429,0,0,0,0,1,0,0,0,0,0,0,0,0,0,0,0,0,0
#2JC2UG0JUQ,diegofrrr✰ཽ,1,429,0,0,0,0,0,0,0,0,0,0,1,0,0,0,0,0,0,0
#2CLLQCGCJ2,Dari❤️|Vrby,1,430,0,0,0,0,0,0,0,0,0,0,1,0,0,0,0,0,0,0
#2LYG00228Y,Arsik,1,431,0,0,0,0,0,0,0,0,0,0,0,0,0,0,0,0,1,0
#YGC9JPJRV,Bee’s Boy.,1,432,0,0,0,0,1,0,0,0,0,0,0,0,0,0,0,0,0,0
#2VYCG2VYJU,САЙФЕР🥺,1,432,0,0,0,0,0,0,0,0,0,0,0,0,0,0,0,0,1,0
#P0V2UYRUR,FLA|PINKPUPPY,1,433,0,0,0,0,1,0,0,0,0,0,0,0,0,0,0,0,0,0
#8G2R0CV0L,SC|Zebro🦦,1,433,0,0,0,0,0,0,0,0,0,0,0,0,0,1,0,0,0,0
#8GCGUJQ0Y,Cut by Bibi,1,433,0,0,0,0,0,0,0,0,0,0,0,0,0,0,0,0,1,0
#9QLGVYUQG,AR|GONZA🇦🇷,1,434,0,0,0,0,0,0,0,0,0,0,1,0,0,0,0,0,0,0
#JQPL2VV8,Nexus_Sx7,1,434,0,0,0,0,0,0,0,0,0,0,0,0,0,1,0,0,0,0
#90YVPYCP,Niks201,1,434,0,0,0,0,0,0,0,0,0,0,0,0,0,0,0,0,1,0
#QLL99Q22,dystopia32,1,435,0,0,0,0,1,0,0,0,0,0,0,0,0,0,0,0,0,0
#Y820QL9VU,DSHOWER_L,1,435,0,0,0,0,0,0,0,0,0,0,0,0,0,1,0,0,0,0
#2G8LU00RG,⚡Hes Chezz⚡,1,435,0,0,0,0,0,0,0,0,0,0,0,0,0,0,0,0,1,0
#J0Y8PCR00,nev🪷,1,436,0,0,0,0,0,0,0,0,0,0,1,0,0,0,0,0,0,0
#2CCQ2CLY89,Seijuro Akashi,1,436,0,0,0,0,0,0,0,0,0,0,0,0,0,1,0,0,0,0
#LGP2VJRG,travka prime?,1,437,0,0,0,0,0,0,0,0,0,0,1,0,0,0,0,0,0,0
#JPY0PPUC,Nuts. (15Yo),1,437,0,0,0,0,0,0,0,0,0,0,0,0,0,0,0,0,1,0
#9Y9PCCGJ0,Doctor_Ps1x 🌋,1,438,0,0,0,0,0,0,0,0,0,0,0,0,0,1,0,0,0,0
#9GGRLJ09,GoldRonin16,1,438,0,0,0,0,0,0,0,0,0,0,0,0,0,0,0,0,1,0
#22LYCRGLL,Zar-D,1,439,0,0,0,0,1,0,0,0,0,0,0,0,0,0,0,0,0,0
#CP9QPC92,Rk.7,1,439,0,0,0,0,0,0,0,0,0,0,1,0,0,0,0,0,0,0
#2QJ8RQUR8,No Enemies,1,440,0,0,0,0,0,0,0,0,0,0,1,0,0,0,0,0,0,0
#P8V8Q2P2,Ali?🥀,1,440,0,0,0,0,0,0,0,0,0,0,0,0,0,1,0,0,0,0
#8VVYVL9GG,Nima🦔,1,440,0,0,0,0,0,0,0,0,0,0,0,0,0,0,0,0,1,0
#GQ00LYV,SxS | Rias G.,1,441,0,0,0,0,1,0,0,0,0,0,0,0,0,0,0,0,0,0
#2JL08Y2JJR,Fzbyqv,1,441,0,0,0,0,0,0,0,0,0,0,1,0,0,0,0,0,0,0
#8RJV2RYPU,Patrick Jane,1,441,0,0,0,0,0,0,0,0,0,0,0,0,0,1,0,0,0,0
#P02LRQR0V,FUT|❤️‍🔥Baha🦅,1,441,0,0,0,0,0,0,0,0,0,0,0,0,0,0,0,0,1,0
#2G9P0VVGU,Pacho ᥫ᭡.,1,442,0,0,0,0,0,0,0,0,0,0,1,0,0,0,0,0,0,0
#PYG009GV,Shubhinho🐣,1,442,0,0,0,0,0,0,0,0,0,0,0,0,0,1,0,0,0,0
#9GQPY82PY,Kingeliran12,1,443,0,0,0,0,1,0,0,0,0,0,0,0,0,0,0,0,0,0
#JV2UVUCJ,trapdam,1,443,0,0,0,0,0,0,0,0,0,0,0,0,0,1,0,0,0,0
#8992LUJP8,travka prime?,1,443,0,0,0,0,0,0,0,0,0,0,0,0,0,0,0,0,1,0
#GQR8PC98L,kazuha,1,444,0,0,0,0,0,0,0,0,0,0,0,0,0,1,0,0,0,0
#2UVVGCGQRQ,olileanmc,1,444,0,0,0,0,0,0,0,0,0,0,0,0,0,0,0,0,1,0
#RYCRYY02Y,Shaiyozz🏴‍☠️,1,445,0,0,0,0,0,0,0,0,0,0,0,0,0,1,0,0,0,0
#RJJVGGJPG,Victorjr❤️Rocio,1,447,0,0,0,0,1,0,0,0,0,0,0,0,0,0,0,0,0,0
#2R2PL9GYJ9,♚寶珍の珍寶珠💘,1,447,0,0,0,0,0,0,0,0,0,0,0,0,0,1,0,0,0,0
#VC829GU8,Syelx,1,448,0,0,0,0,0,0,0,0,0,0,1,0,0,0,0,0,0,0
#9CGYYQJ98,フィアズ♡,1,448,0,0,0,0,0,0,0,0,0,0,0,0,0,1,0,0,0,0
#9UYL8L2L9,@.KaseOh,1,448,0,0,0,0,0,0,0,0,0,0,0,0,0,0,0,0,1,0
#RQJQ9LPLU,Blaze|Bendy,1,449,0,0,0,0,0,0,0,0,0,0,1,0,0,0,0,0,0,0
#JCCUR98V,Unknown Ranita.,1,449,0,0,0,0,0,0,0,0,0,0,0,0,0,0,0,0,1,0
#2R22GGRC,九五,1,450,0,0,0,0,0,0,0,0,0,0,0,0,0,1,0,0,0,0
#GL220YQ00,Wadnesss.,1,450,0,0,0,0,0,0,0,0,0,0,0,0,0,0,0,0,1,0
#92V8QQLGJ,Jared McCain,1,451,0,0,0,0,0,0,0,0,0,0,1,0,0,0,0,0,0,0
#9YYG8VUCL,les glandus ADA,1,451,0,0,0,0,0,0,0,0,0,0,0,0,0,0,0,0,1,0
#YLQ92LYGL,Santy🐰,1,452,0,0,0,0,0,0,0,0,0,0,0,0,0,1,0,0,0,0
#89RRG99RL,指示されたいお年頃,1,453,0,0,0,0,0,0,0,0,0,0,0,0,0,1,0,0,0,0
#8290LU8PC,𝕵𝖑𝖊𝖝,1,453,0,0,0,0,0,0,0,0,0,0,0,0,0,0,0,0,1,0
#2C9CU0QG9L,nev,1,454,0,0,0,0,0,0,0,0,0,0,0,0,0,1,0,0,0,0
#Q8JCJ2GQV,Kylíee,1,455,0,0,0,0,0,0,0,0,0,0,1,0,0,0,0,0,0,0
#8UJJGRQG0,Brunette>Blonde,1,456,0,0,0,0,0,0,0,0,0,0,0,0,0,1,0,0,0,0
#JY9RULLL,Black Light,1,456,0,0,0,0,0,0,0,0,0,0,0,0,0,0,0,0,1,0
#R2GCJUJ02,sinayy🎈,1,457,0,0,0,0,0,0,0,0,0,0,0,0,0,1,0,0,0,0
#Y0QLQJ0QQ,Doofus,1,457,0,0,0,0,0,0,0,0,0,0,0,0,0,0,0,0,1,0
#8LLRV2YYQ,Save ur breath.,1,458,0,0,0,0,0,0,0,0,0,0,0,0,0,1,0,0,0,0
#900PQJ8Q2,Henryyy,1,458,0,0,0,0,0,0,0,0,0,0,0,0,0,0,0,0,1,0
#P2UPJL8JP,BXander🩸,1,459,0,0,0,0,0,0,0,0,0,0,0,0,0,1,0,0,0,0
#2UR0CVPG8G,amelia,1,459,0,0,0,0,0,0,0,0,0,0,0,0,0,0,0,0,1,0
#2QPLL2YQQ,777,1,460,0,0,0,0,0,0,0,0,0,0,0,0,0,1,0,0,0,0
#8JRVRUU0L,Nick,1,461,0,0,0,0,0,0,0,0,0,0,1,0,0,0,0,0,0,0
#Q92QJQ0J2,scxtty💞ある,1,461,0,0,0,0,0,0,0,0,0,0,0,0,0,1,0,0,0,0
#PYC8GULYQ,Benny🏴‍☠️,1,462,0,0,0,0,0,0,0,0,0,0,0,0,0,0,0,0,1,0
#9098UGP,kpd | Saintless,1,464,0,0,0,0,0,0,0,0,0,0,0,0,0,1,0,0,0,0
#8VQPYUVG0,zaint fv!,1,467,0,0,0,0,0,0,0,0,0,0,0,0,0,1,0,0,0,0
#PLUCPQJG8,灵气农场赢家,1,467,0,0,0,0,0,0,0,0,0,0,0,0,0,0,0,0,1,0
#YQRJ0L8UJ,Sizko,1,468,0,0,0,0,0,0,0,0,0,0,0,0,0,1,0,0,0,0
#PL0G89CQ9,shy,1,469,0,0,0,0,0,0,0,0,0,0,1,0,0,0,0,0,0,0
#PJ22YJQ0G,yassinthamazter,1,469,0,0,0,0,0,0,0,0,0,0,0,0,0,1,0,0,0,0
#8UQ8PJV8Q,Yanis 么,1,469,0,0,0,0,0,0,0,0,0,0,0,0,0,0,0,0,1,0
#8222LLL8Y,AL|Alejandro賢治,1,470,0,0,0,0,0,0,0,0,0,0,1,0,0,0,0,0,0,0
#82229VCQC,KuroKy✨,1,470,0,0,0,0,0,0,0,0,0,0,0,0,0,0,0,0,1,0
#2VR8RG8UQ,Nosyxx ×͜×,1,471,0,0,0,0,0,0,0,0,0,0,1,0,0,0,0,0,0,0
#VLJ02JU8Q,『 Spikeタ』,1,471,0,0,0,0,0,0,0,0,0,0,0,0,0,1,0,0,0,0
#9QCY280,LL|Amr,1,471,0,0,0,0,0,0,0,0,0,0,0,0,0,0,0,0,1,0
#8ULQ09LCR,Krystal愛希,1,472,0,0,0,0,0,0,0,0,0,0,1,0,0,0,0,0,0,0
#2090RURY0,🏆ProSurge🏆,1,472,0,0,0,0,0,0,0,0,0,0,0,0,0,1,0,0,0,0
#2P8LJG2G,waked,1,472,0,0,0,0,0,0,0,0,0,0,0,0,0,0,0,0,1,0
#P9P8299PU,UNV | Max 💙,1,473,0,0,0,0,0,0,0,0,0,0,1,0,0,0,0,0,0,0
#P20RJ2,YODA,1,473,0,0,0,0,0,0,0,0,0,0,0,0,0,0,0,0,1,0
#2QQRQYU09U,Kill,1,474,0,0,0,0,0,0,0,0,0,0,1,0,0,0,0,0,0,0
#2YYV2RRGU,moonlightbae♡,1,474,0,0,0,0,0,0,0,0,0,0,0,0,0,1,0,0,0,0
#GUP990U2L,Ez>S Tier🤭,1,475,0,0,0,0,0,0,0,0,0,0,1,0,0,0,0,0,0,0
#2RP8CJLYG,TTV | zeroping,1,475,0,0,0,0,0,0,0,0,0,0,0,0,0,1,0,0,0,0
#2RG8RGYC9V,局外人,1,475,0,0,0,0,0,0,0,0,0,0,0,0,0,0,0,0,1,0
#2P2CCPRUU,Mazda geo🪷,1,476,0,0,0,0,0,0,0,0,0,0,0,0,0,1,0,0,0,0
#YQR8LC0G,RZN|Rafiiii,1,477,0,0,0,0,0,0,0,0,0,0,0,0,0,1,0,0,0,0
#GC2U0GJ2,xwqe🇳🇴,1,478,0,0,0,0,0,0,0,0,0,0,1,0,0,0,0,0,0,0
#92R8YG0RY,NS|Binzo,1,478,0,0,0,0,0,0,0,0,0,0,0,0,0,1,0,0,0,0
#P0RVCQ2Q,Corpse,1,479,0,0,0,0,0,0,0,0,0,0,1,0,0,0,0,0,0,0
#8QLQULY0R,Mori’s Good Boy,1,479,0,0,0,0,0,0,0,0,0,0,0,0,0,1,0,0,0,0
#9CJQG9PPY,sewixi own me,1,479,0,0,0,0,0,0,0,0,0,0,0,0,0,0,0,0,1,0
#GQ9PJ99PG,7Kxrenai🇫🇷,1,480,0,0,0,0,0,0,0,0,0,0,1,0,0,0,0,0,0,0
#280R08QLL,Examinee,1,481,0,0,0,0,0,0,0,0,0,0,1,0,0,0,0,0,0,0
#UYU2Y0JU,Ace Mercury,1,483,0,0,0,0,0,0,0,0,0,0,0,0,0,1,0,0,0,0
#2YRRPCLPV9,unity fv!,1,484,0,0,0,0,0,0,0,0,0,0,1,0,0,0,0,0,0,0
#8YQLLUVCG,Shíro La S🃏,1,485,0,0,0,0,0,0,0,0,0,0,0,0,0,1,0,0,0,0
#9G8GCURLV,乂𝙰𝚗𝚍𝚒069♛,1,486,0,0,0,0,0,0,0,0,0,0,0,0,0,1,0,0,0,0
#RLLU0JUVL,unc vinZz.,1,486,0,0,0,0,0,0,0,0,0,0,0,0,0,0,0,0,1,0
#89GVRLU8J,JayYingzi·BS,1,487,0,0,0,0,0,0,0,0,0,0,1,0,0,0,0,0,0,0
#998QCGJQ,TTM|Sunrise,1,487,0,0,0,0,0,0,0,0,0,0,0,0,0,1,0,0,0,0
#2RC0GRYVGR,ᴛʏʟᴇʀ ᴅᴜʀᴅᴇɴ,1,487,0,0,0,0,0,0,0,0,0,0,0,0,0,0,0,0,1,0
#9QUYY0GVY,Alim,1,488,0,0,0,0,0,0,0,0,0,0,0,0,0,1,0,0,0,0
#9RGUYLQG,Lucaa🍉,1,489,0,0,0,0,0,0,0,0,0,0,0,0,0,1,0,0,0,0
#20QCULUQR,Mikasa Ackerman,1,489,0,0,0,0,0,0,0,0,0,0,0,0,0,0,0,0,1,0
#880QQ28P0,fanresi,1,490,0,0,0,0,0,0,0,0,0,0,0,0,0,1,0,0,0,0
#8PVLPQYG8,█▬█ █ ▜▛,1,490,0,0,0,0,0,0,0,0,0,0,0,0,0,0,0,0,1,0
#RJGGJ0PLY,"いちかちゃん(,,-ε-,,)",1,491,0,0,0,0,0,0,0,0,0,0,1,0,0,0,0,0,0,0
#2QC980QLQG,Joaxis#1,1,491,0,0,0,0,0,0,0,0,0,0,0,0,0,1,0,0,0,0
#8CUGG9CG2,Nysha💮,1,492,0,0,0,0,0,0,0,0,0,0,1,0,0,0,0,0,0,0
#Q8PQU80UU,Akame🍝Mafia,1,493,0,0,0,0,0,0,0,0,0,0,0,0,0,1,0,0,0,0
#2P9QC0UY8,Kisuke,1,493,0,0,0,0,0,0,0,0,0,0,0,0,0,0,0,0,1,0
#PY9GYQRJV,雨之,1,494,0,0,0,0,0,0,0,0,0,0,1,0,0,0,0,0,0,0
#RVJJVUY,ALK|Lioned,1,494,0,0,0,0,0,0,0,0,0,0,0,0,0,0,0,0,1,0
#VQL000RC,Swaiizy 🍥,1,495,0,0,0,0,0,0,0,0,0,0,1,0,0,0,0,0,0,0
#YGPQGJ9C,kxpzy🖤,1,496,0,0,0,0,0,0,0,0,0,0,1,0,0,0,0,0,0,0
#LR288C0,BOSS.F,1,497,0,0,0,0,0,0,0,0,0,0,0,0,0,0,0,0,1,0
#YLPLLVR98,⋉•𝑼𝑹𝑩𝑶𝑿•〆,1,497,0,0,0,0,0,0,0,0,0,0,1,0,0,0,0,0,0,0
#92CU2LLY9,AXIS|Nem🌙,1,498,0,0,0,0,0,0,0,0,0,0,0,0,0,1,0,0,0,0
#JG0Q8QUCR,𝐕𝐯𝟐𝐫_𝟎𝟖🏴,1,499,0,0,0,0,0,0,0,0,0,0,0,0,0,0,0,0,1,0
#2Q0YUR28RR,remine,1,499,0,0,0,0,0,0,0,0,0,0,1,0,0,0,0,0,0,0
#2JUPGLGCG,m',1,499,0,0,0,0,0,0,0,0,0,0,0,0,0,1,0,0,0,0
